#
# There is insufficient memory for the Java Runtime Environment to continue.
# Native memory allocation (mmap) failed to map 1048576 bytes. Error detail: G1 virtual space
# Possible reasons:
#   The system is out of physical RAM or swap space
#   This process is running with CompressedOops enabled, and the Java Heap may be blocking the growth of the native heap
# Possible solutions:
#   Reduce memory load on the system
#   Increase physical memory or swap space
#   Check if swap backing store is full
#   Decrease Java heap size (-Xmx/-Xms)
#   Decrease number of Java threads
#   Decrease Java thread stack sizes (-Xss)
#   Set larger code cache with -XX:ReservedCodeCacheSize=
#   JVM is running with Unscaled Compressed Oops mode in which the Java heap is
#     placed in the first 4GB address space. The Java Heap base address is the
#     maximum limit for the native heap growth. Please use -XX:HeapBaseMinAddress
#     to set the Java Heap base and to place the Java Heap above 4GB virtual address.
# This output file may be truncated or incomplete.
#
#  Out of Memory Error (os_windows.cpp:3926), pid=11996, tid=7012
#
# JRE version: OpenJDK Runtime Environment (21.0.10) (build 21.0.10+-14961533-b1163.108)
# Java VM: OpenJDK 64-Bit Server VM (21.0.10+-14961533-b1163.108, mixed mode, tiered, compressed oops, compressed class ptrs, g1 gc, windows-amd64)
# No core dump will be written. Minidumps are not enabled by default on client versions of Windows
#

---------------  S U M M A R Y ------------

Command Line: --add-opens=java.base/java.lang=ALL-UNNAMED --add-opens=java.base/java.lang.invoke=ALL-UNNAMED --add-opens=java.base/java.util=ALL-UNNAMED --add-opens=java.prefs/java.util.prefs=ALL-UNNAMED --add-exports=jdk.compiler/com.sun.tools.javac.api=ALL-UNNAMED --add-exports=jdk.compiler/com.sun.tools.javac.util=ALL-UNNAMED --add-opens=java.base/java.util=ALL-UNNAMED --add-opens=java.prefs/java.util.prefs=ALL-UNNAMED --add-opens=java.base/java.nio.charset=ALL-UNNAMED --add-opens=java.base/java.net=ALL-UNNAMED --add-opens=java.base/java.util.concurrent=ALL-UNNAMED --add-opens=java.base/java.util.concurrent.atomic=ALL-UNNAMED --add-opens=java.xml/javax.xml.namespace=ALL-UNNAMED --add-opens=java.base/java.time=ALL-UNNAMED -Xmx2048m -Dfile.encoding=UTF-8 -Duser.country=MY -Duser.language=en -Duser.variant -javaagent:C:\Users\Suet Jin\.gradle\wrapper\dists\gradle-9.3.1-bin\23ovyewtku6u96viwx3xl3oks\gradle-9.3.1\lib\agents\gradle-instrumentation-agent-9.3.1.jar org.gradle.launcher.daemon.bootstrap.GradleDaemon 9.3.1

Host: AMD Ryzen 5 6600H with Radeon Graphics         , 12 cores, 7G,  Windows 11 , 64 bit Build 26100 (10.0.26100.8521)
Time: Fri Jun 12 17:26:44 2026 Malay Peninsula Standard Time elapsed time: 13098.110383 seconds (0d 3h 38m 18s)

---------------  T H R E A D  ---------------

Current thread (0x000001a6d49f6b30):  JavaThread "ForkJoinPool.commonPool-worker-105" daemon [_thread_in_vm, id=7012, stack(0x000000a14eb00000,0x000000a14ec00000) (1024K)]

Stack: [0x000000a14eb00000,0x000000a14ec00000]
Native frames: (J=compiled Java code, j=interpreted, Vv=VM code, C=native code)
V  [jvm.dll+0x6d78a9]
V  [jvm.dll+0x8665b3]
V  [jvm.dll+0x868bde]
V  [jvm.dll+0x8692c3]
V  [jvm.dll+0x280ee6]
V  [jvm.dll+0x6d4165]
V  [jvm.dll+0x6c77fa]
V  [jvm.dll+0x358f4b]
V  [jvm.dll+0x360bc6]
V  [jvm.dll+0x3b2bab]
V  [jvm.dll+0x3b3264]
V  [jvm.dll+0x3b2db6]
V  [jvm.dll+0x32ba94]
V  [jvm.dll+0x329c2f]
V  [jvm.dll+0x669060]
V  [jvm.dll+0x240cd2]
V  [jvm.dll+0x82bfa7]
V  [jvm.dll+0x734167]
C  0x000001a6b9d1aba9

The last pc belongs to _new_array_Java (printed below).
Java frames: (J=compiled Java code, j=interpreted, Vv=VM code)
v  ~RuntimeStub::_new_array_Java 0x000001a6b9d1aba9
J 9628 c2 java.nio.ByteBuffer.allocate(I)Ljava/nio/ByteBuffer; java.base@21.0.10 (20 bytes) @ 0x000001a6ba4fbcec [0x000001a6ba4fbaa0+0x000000000000024c]
J 20132 c1 com.android.apksig.internal.apk.ApkSigningBlockUtils$ChunkSupplier.get()Lcom/android/apksig/internal/apk/ApkSigningBlockUtils$ChunkSupplier$Chunk; (161 bytes) @ 0x000001a6b2a4898c [0x000001a6b2a48600+0x000000000000038c]
j  com.android.apksig.internal.apk.ApkSigningBlockUtils$ChunkDigester.run()V+226
j  java.util.concurrent.ForkJoinTask$AdaptedInterruptibleRunnable.compute()Ljava/lang/Object;+4 java.base@21.0.10
j  java.util.concurrent.ForkJoinTask$InterruptibleTask.exec()Z+51 java.base@21.0.10
j  java.util.concurrent.ForkJoinTask.doExec()V+10 java.base@21.0.10
j  java.util.concurrent.ForkJoinPool$WorkQueue.topLevelExec(Ljava/util/concurrent/ForkJoinTask;Ljava/util/concurrent/ForkJoinPool$WorkQueue;I)V+49 java.base@21.0.10
J 23922 c1 java.util.concurrent.ForkJoinPool.scan(Ljava/util/concurrent/ForkJoinPool$WorkQueue;JI)J java.base@21.0.10 (301 bytes) @ 0x000001a6b26f02d4 [0x000001a6b26efb40+0x0000000000000794]
j  java.util.concurrent.ForkJoinPool.runWorker(Ljava/util/concurrent/ForkJoinPool$WorkQueue;)V+62 java.base@21.0.10
j  java.util.concurrent.ForkJoinWorkerThread.run()V+31 java.base@21.0.10
v  ~StubRoutines::call_stub 0x000001a6b9c1100d
--------------------------------------------------------------------------------
Decoding CodeBlob, name: _new_array_Java, at  [0x000001a6b9d1ab80, 0x000001a6b9d1abf0]  112 bytes
[MachCode]
  0x000001a6b9d1ab80: 4881 ec28 | 0000 0048 | 896c 2420 | 4989 a7a0 | 0300 0048 | 8bca 418b | d04d 8bc7 | 49ba 3041 
  0x000001a6b9d1aba0: 6c86 fb7f | 0000 41ff | d20f 1f84 | 0000 0000 | 004d 89a7 | a003 0000 | 4d89 a7a8 | 0300 0049 
  0x000001a6b9d1abc0: 8b87 f803 | 0000 4d89 | a7f8 0300 | 004d 3b67 | 0875 0648 | 83c4 205d | c333 db49 | ba00 0fc1 
  0x000001a6b9d1abe0: b9a6 0100 | 0048 83c4 | 205d 41ff | e2f4 f4f4 
[/MachCode]
--------------------------------------------------------------------------------


Compiled method (c2) 13098177 9628       4       java.nio.ByteBuffer::allocate (20 bytes)
 total in heap  [0x000001a6ba4fb910,0x000001a6ba4fbed8] = 1480
 relocation     [0x000001a6ba4fba70,0x000001a6ba4fbaa0] = 48
 main code      [0x000001a6ba4fbaa0,0x000001a6ba4fbd50] = 688
 stub code      [0x000001a6ba4fbd50,0x000001a6ba4fbd68] = 24
 metadata       [0x000001a6ba4fbd68,0x000001a6ba4fbde8] = 128
 scopes data    [0x000001a6ba4fbde8,0x000001a6ba4fbe28] = 64
 scopes pcs     [0x000001a6ba4fbe28,0x000001a6ba4fbe78] = 80
 dependencies   [0x000001a6ba4fbe78,0x000001a6ba4fbea8] = 48
 handler table  [0x000001a6ba4fbea8,0x000001a6ba4fbed8] = 48

[Constant Pool (empty)]

[MachCode]
[Verified Entry Point]
  # {method} {0x000001a6c825cfa8} 'allocate' '(I)Ljava/nio/ByteBuffer;' in 'java/nio/ByteBuffer'
  # parm0:    rdx       = int
  #           [sp+0x60]  (sp of caller)
  0x000001a6ba4fbaa0: 8984 2400 | 80ff ff55 | 4883 ec50 | 4181 7f20 | 3a00 0000 | 0f85 8a02 | 0000 8954 | 2420 85d2 
  0x000001a6ba4fbac0: 0f8c 3e02 | 0000 498b | afb8 0100 | 004c 8bd5 | 4983 c238 | 4d3b 97c8 | 0100 000f | 83d1 0100 
  0x000001a6ba4fbae0: 004d 8997 | b801 0000 | 410f 1882 | 0001 0000 | 48c7 4500 | 0100 0000 

  0x000001a6ba4fbaf8: ;   {metadata('java/nio/HeapByteBuffer')}
  0x000001a6ba4fbaf8: c745 08f4 | f600 2044 | 8965 0c4c | 8965 104c | 8965 184c | 8965 204c | 8965 284c | 8965 3044 
  0x000001a6ba4fbb18: 8b5c 2420 | 4181 fb00 | 0010 000f | 87d3 0100 | 0049 63cb | 4181 fb00 | 0010 000f | 879f 0100 
  0x000001a6ba4fbb38: 004d 8b87 | b801 0000 | 4883 c117 | 4c8b d149 | 83e2 f84d | 8bd8 4d03 | da4d 3b9f | c801 0000 
  0x000001a6ba4fbb58: 0f83 7a01 | 0000 4d89 | 9fb8 0100 | 0041 0f18 | 8300 0100 | 0049 c700 | 0100 0000 | 410f 1883 
  0x000001a6ba4fbb78: 4001 0000 

  0x000001a6ba4fbb7c: ;   {metadata({type array byte})}
  0x000001a6ba4fbb7c: 41c7 4008 | 5981 0020 | 448b 4c24 | 2045 8948 | 0c41 0f18 | 8380 0100 | 0049 8bf8 | 4883 c710 
  0x000001a6ba4fbb9c: 48c1 e903 | 4883 c1fe | 4833 c048 | 83f9 087f | 1048 ffc9 | 784f 4889 | 04cf 48ff | c97d f7eb 
  0x000001a6ba4fbbbc: 44c5 fdef | c0e9 0d00 | 0000 c5fe | 7f07 c5fe | 7f47 2048 | 83c7 4048 | 83e9 087d | ed48 83c1 
  0x000001a6ba4fbbdc: 047c 0cc5 | fe7f 0748 | 83c7 2048 | 83e9 0448 | 83c1 047e | 1048 ffc9 | c5f9 d607 | 4883 c708 
  0x000001a6ba4fbbfc: 48ff c97d | f3c7 450c | ffff ffff | 448b 5424 | 2044 8955 | 1c44 8955 | 20c6 452d | 0144 8865 
  0x000001a6ba4fbc1c: 2e4d 8bd8 | 4489 5d30 | 4d8b d04c | 8bdd 4d33 | d349 c1ea | 144d 85d2 | 7416 49c1 | eb09 48b9 
  0x000001a6ba4fbc3c: 0000 c3c1 | a601 0000 | 4903 cb80 | 3902 7522 | 4489 6528 | 48c7 4510 | 1000 0000 | 488b c548 
  0x000001a6ba4fbc5c: 83c4 505d 

  0x000001a6ba4fbc60: ;   {poll_return}
  0x000001a6ba4fbc60: 493b a750 | 0400 000f | 87c1 0000 | 00c3 4d8b | 5748 4d8b | 5f58 f083 | 4424 c000 | 8039 0074 
  0x000001a6ba4fbc80: cb44 8821 | 4d85 d275 | 1a49 8bd7 | 49ba e029 | 2b86 fb7f | 0000 41ff 

  0x000001a6ba4fbc98: ;   {other}
  0x000001a6ba4fbc98: d20f 1f84 | 0000 0000 | 00eb a94b | 894c 13f8 | 4983 c2f8 | 4d89 5748 

  0x000001a6ba4fbcb0: ;   {metadata('java/nio/HeapByteBuffer')}
  0x000001a6ba4fbcb0: eb9a 48ba | a0b7 0700 | 0100 0000 | 8b6c 2420 

  0x000001a6ba4fbcc0: ;   {runtime_call _new_instance_Java}
  0x000001a6ba4fbcc0: 6666 90e8 

  0x000001a6ba4fbcc4: ; ImmutableOopMap {}
                      ;*new {reexecute=0 rethrow=0 return_oop=1}
                      ; - java.nio.ByteBuffer::allocate@9
  0x000001a6ba4fbcc4: b8f1 81ff 

  0x000001a6ba4fbcc8: ;   {other}
  0x000001a6ba4fbcc8: 0f1f 8400 | b803 0000 | 488b e8e9 | 3ffe ffff 

  0x000001a6ba4fbcd8: ;   {metadata({type array byte})}
  0x000001a6ba4fbcd8: 48ba c80a | 0400 0100 | 0000 448b 

  0x000001a6ba4fbce4: ;   {runtime_call _new_array_Java}
  0x000001a6ba4fbce4: 4424 20e8 

  0x000001a6ba4fbce8: ; ImmutableOopMap {rbp=Oop }
                      ;*newarray {reexecute=0 rethrow=0 return_oop=1}
                      ; - java.nio.HeapByteBuffer::<init>@6
                      ; - java.nio.ByteBuffer::allocate@16
  0x000001a6ba4fbce8: 94ee 81ff 

  0x000001a6ba4fbcec: ;   {other}
  0x000001a6ba4fbcec: 0f1f 8400 | dc03 0001 | 4c8b c0e9 | 05ff ffff | 4963 cbe9 | 28fe ffff | ba45 ffff | ff8b 6c24 
  0x000001a6ba4fbd0c: ;   {runtime_call UncommonTrapBlob}
  0x000001a6ba4fbd0c: 2066 90e8 

  0x000001a6ba4fbd10: ; ImmutableOopMap {}
                      ;*ifge {reexecute=1 rethrow=0 return_oop=0}
                      ; - (reexecute) java.nio.ByteBuffer::allocate@1
  0x000001a6ba4fbd10: ec85 76ff 

  0x000001a6ba4fbd14: ;   {other}
  0x000001a6ba4fbd14: 0f1f 8400 | 0404 0002 | 488b d0eb | 0348 8bd0 | 4883 c450 

  0x000001a6ba4fbd28: ;   {runtime_call _rethrow_Java}
  0x000001a6ba4fbd28: 5de9 520f 

  0x000001a6ba4fbd2c: ;   {internal_word}
  0x000001a6ba4fbd2c: 82ff 49ba | 60bc 4fba | a601 0000 | 4d89 9768 

  0x000001a6ba4fbd3c: ;   {runtime_call SafepointBlob}
  0x000001a6ba4fbd3c: 0400 00e9 | bc96 76ff 

  0x000001a6ba4fbd44: ;   {runtime_call StubRoutines (final stubs)}
  0x000001a6ba4fbd44: e8b7 f974 | ffe9 6cfd | ffff f4f4 
[Exception Handler]
  0x000001a6ba4fbd50: ;   {no_reloc}
  0x000001a6ba4fbd50: e92b f481 | ffe8 0000 | 0000 4883 

  0x000001a6ba4fbd5c: ;   {runtime_call DeoptimizationBlob}
  0x000001a6ba4fbd5c: 2c24 05e9 | 3c89 76ff | f4f4 f4f4 
[/MachCode]


Compiled method (c1) 13098184 20132   !   3       com.android.apksig.internal.apk.ApkSigningBlockUtils$ChunkSupplier::get (161 bytes)
 total in heap  [0x000001a6b2a48390,0x000001a6b2a494a8] = 4376
 relocation     [0x000001a6b2a484f0,0x000001a6b2a485f0] = 256
 main code      [0x000001a6b2a48600,0x000001a6b2a48f50] = 2384
 stub code      [0x000001a6b2a48f50,0x000001a6b2a48fe8] = 152
 oops           [0x000001a6b2a48fe8,0x000001a6b2a48ff0] = 8
 metadata       [0x000001a6b2a48ff0,0x000001a6b2a49020] = 48
 scopes data    [0x000001a6b2a49020,0x000001a6b2a491f0] = 464
 scopes pcs     [0x000001a6b2a491f0,0x000001a6b2a493d0] = 480
 dependencies   [0x000001a6b2a493d0,0x000001a6b2a493e0] = 16
 handler table  [0x000001a6b2a493e0,0x000001a6b2a49458] = 120
 nul chk table  [0x000001a6b2a49458,0x000001a6b2a494a8] = 80

[Constant Pool (empty)]

[MachCode]
[Entry Point]
  # {method} {0x000001a6d8c1fc10} 'get' '()Lcom/android/apksig/internal/apk/ApkSigningBlockUtils$ChunkSupplier$Chunk;' in 'com/android/apksig/internal/apk/ApkSigningBlockUtils$ChunkSupplier'
  #           [sp+0xd0]  (sp of caller)
  0x000001a6b2a48600: 448b 5208 | 49c1 e203 

  0x000001a6b2a48608: ;   {runtime_call ic_miss_stub}
  0x000001a6b2a48608: 4c3b d00f | 856f 6121 | 070f 1f84 | 0000 0000 | 000f 1f80 | 0000 0000 
[Verified Entry Point]
  0x000001a6b2a48620: 8984 2400 | 80ff ff55 | 4881 ecc0 | 0000 0090 | 4181 7f20 | 3a00 0000 

  0x000001a6b2a48638: ;   {runtime_call StubRoutines (final stubs)}
  0x000001a6b2a48638: 7405 e8c1 | 3020 0748 | 8994 2480 

  0x000001a6b2a48644: ;   {metadata(method data for {method} {0x000001a6d8c1fc10} 'get' '()Lcom/android/apksig/internal/apk/ApkSigningBlockUtils$ChunkSupplier$Chunk;' in 'com/android/apksig/internal/apk/ApkSigningBlockUtils$ChunkSupplier')}
  0x000001a6b2a48644: 0000 0048 | bee8 49c2 | d8a6 0100 | 008b becc | 0000 0083 | c702 89be | cc00 0000 | 81e7 fe07 
  0x000001a6b2a48664: 0000 85ff | 0f84 0307 | 0000 8b72 | 1848 3b06 

  0x000001a6b2a48674: ;   {metadata(method data for {method} {0x000001a6d8c1fc10} 'get' '()Lcom/android/apksig/internal/apk/ApkSigningBlockUtils$ChunkSupplier$Chunk;' in 'com/android/apksig/internal/apk/ApkSigningBlockUtils$ChunkSupplier')}
  0x000001a6b2a48674: 488b fe48 | bbe8 49c2 | d8a6 0100 | 0048 8383 | 1001 0000 | 0148 8bd6 

  0x000001a6b2a4868c: ;   {optimized virtual_call}
  0x000001a6b2a4868c: 6666 90e8 

  0x000001a6b2a48690: ; ImmutableOopMap {[128]=Oop }
                      ;*invokevirtual getAndIncrement {reexecute=0 rethrow=0 return_oop=0}
                      ; - com.android.apksig.internal.apk.ApkSigningBlockUtils$ChunkSupplier::get@4 (line 552)
  0x000001a6b2a48690: 2ccd 2808 

  0x000001a6b2a48694: ;   {other}
  0x000001a6b2a48694: 0f1f 8400 | 0403 0000 | 8984 2494 | 0000 0085 

  0x000001a6b2a486a4: ;   {metadata(method data for {method} {0x000001a6d8c1fc10} 'get' '()Lcom/android/apksig/internal/apk/ApkSigningBlockUtils$ChunkSupplier$Chunk;' in 'com/android/apksig/internal/apk/ApkSigningBlockUtils$ChunkSupplier')}
  0x000001a6b2a486a4: c048 bae8 | 49c2 d8a6 | 0100 0048 | c7c6 4801 | 0000 7c07 | 48c7 c658 | 0100 0048 | 8b3c 3248 
  0x000001a6b2a486c4: 8d7f 0148 | 893c 320f | 8cc8 0500 | 0048 8b94 | 2480 0000 | 008b 720c 

  0x000001a6b2a486dc: ;   {metadata(method data for {method} {0x000001a6d8c1fc10} 'get' '()Lcom/android/apksig/internal/apk/ApkSigningBlockUtils$ChunkSupplier$Chunk;' in 'com/android/apksig/internal/apk/ApkSigningBlockUtils$ChunkSupplier')}
  0x000001a6b2a486dc: 3bc6 48be | e849 c2d8 | a601 0000 | 48c7 c778 | 0100 007d | 0748 c7c7 | 6801 0000 | 488b 1c3e 
  0x000001a6b2a486fc: 488d 5b01 | 4889 1c3e | 0f8d 8f05 | 0000 4863 | f0bf 0000 | 0000 e990 | 0000 0090 | 8b4a 143b 
  0x000001a6b2a4871c: 790c 0f83 | 7d06 0000 | 4c63 c742 | 8b4c 8110 | 4863 c94c | 8bc6 4c3b 

  0x000001a6b2a48734: ;   {metadata(method data for {method} {0x000001a6d8c1fc10} 'get' '()Lcom/android/apksig/internal/apk/ApkSigningBlockUtils$ChunkSupplier$Chunk;' in 'com/android/apksig/internal/apk/ApkSigningBlockUtils$ChunkSupplier')}
  0x000001a6b2a48734: c149 b8e8 | 49c2 d8a6 | 0100 0049 | c7c1 b801 | 0000 7c07 | 49c7 c1a8 | 0100 004f | 8b1c 084d 
  0x000001a6b2a48754: 8d5b 014f | 891c 080f | 8c7f 0000 | 0048 2bf1 

  0x000001a6b2a48764: ;   {metadata(method data for {method} {0x000001a6d8c1fc10} 'get' '()Lcom/android/apksig/internal/apk/ApkSigningBlockUtils$ChunkSupplier$Chunk;' in 'com/android/apksig/internal/apk/ApkSigningBlockUtils$ChunkSupplier')}
  0x000001a6b2a48764: ffc7 48bb | e849 c2d8 | a601 0000 | 8b8b d000 | 0000 83c1 | 0289 8bd0 | 0000 0081 | e1fe 3f00 
  0x000001a6b2a48784: 0085 c90f | 8422 0600 | 004d 8b97 

  0x000001a6b2a48790: ; ImmutableOopMap {rdx=Oop [128]=Oop }
                      ;*goto {reexecute=1 rethrow=0 return_oop=0}
                      ; - (reexecute) com.android.apksig.internal.apk.ApkSigningBlockUtils$ChunkSupplier::get@64 (line 559)
  0x000001a6b2a48790: 5804 0000 

  0x000001a6b2a48794: ;   {poll}
  0x000001a6b2a48794: 4185 0248 | bbe8 49c2 | d8a6 0100 | 00ff 83e0 | 0100 008b | 5a10 8b4b 

  0x000001a6b2a487ac: ;   {metadata(method data for {method} {0x000001a6d8c1fc10} 'get' '()Lcom/android/apksig/internal/apk/ApkSigningBlockUtils$ChunkSupplier$Chunk;' in 'com/android/apksig/internal/apk/ApkSigningBlockUtils$ChunkSupplier')}
  0x000001a6b2a487ac: 0c3b f948 | b9e8 49c2 | d8a6 0100 | 0049 c7c0 | 8801 0000 | 7d07 49c7 | c098 0100 | 004e 8b0c 
  0x000001a6b2a487cc: 014d 8d49 | 014e 890c | 010f 8d15 | 0000 00e9 | 38ff ffff 

  0x000001a6b2a487e0: ;   {metadata(method data for {method} {0x000001a6d8c1fc10} 'get' '()Lcom/android/apksig/internal/apk/ApkSigningBlockUtils$ChunkSupplier$Chunk;' in 'com/android/apksig/internal/apk/ApkSigningBlockUtils$ChunkSupplier')}
  0x000001a6b2a487e0: 48b9 e849 | c2d8 a601 | 0000 ff81 | c801 0000 | 4889 b424 | 8800 0000 | 3b7b 0c0f | 83d4 0500 
  0x000001a6b2a48800: 0048 63cf | 8b5c 8b10 

  0x000001a6b2a48808: ; implicit exception: dispatches to 0x000001a6b2a48de3
  0x000001a6b2a48808: 483b 0348 

  0x000001a6b2a4880c: ;   {metadata(method data for {method} {0x000001a6d8c1fc10} 'get' '()Lcom/android/apksig/internal/apk/ApkSigningBlockUtils$ChunkSupplier$Chunk;' in 'com/android/apksig/internal/apk/ApkSigningBlockUtils$ChunkSupplier')}
  0x000001a6b2a4880c: 8bcb 49b8 | e849 c2d8 | a601 0000 | 8b49 0848 | c1e1 0349 | 3b88 0802 | 0000 750d | 4983 8010 
  0x000001a6b2a4882c: 0200 0001 | e960 0000 | 0049 3b88 | 1802 0000 | 750d 4983 | 8020 0200 | 0001 e94a | 0000 0049 
  0x000001a6b2a4884c: 83b8 0802 | 0000 0075 | 1749 8988 | 0802 0000 | 49c7 8010 | 0200 0001 | 0000 00e9 | 2900 0000 
  0x000001a6b2a4886c: 4983 b818 | 0200 0000 | 7517 4989 | 8818 0200 | 0049 c780 | 2002 0000 | 0100 0000 | e908 0000 
  0x000001a6b2a4888c: 0049 8380 | f801 0000 | 0148 8bd3 | 89bc 2490 | 0000 0066 | 0f1f 4400 | 0048 b820 | 5d9f d2a6 
  0x000001a6b2a488ac: ;   {virtual_call}
  0x000001a6b2a488ac: 0100 00e8 

  0x000001a6b2a488b0: ; ImmutableOopMap {[128]=Oop }
                      ;*invokeinterface size {reexecute=0 rethrow=0 return_oop=0}
                      ; - com.android.apksig.internal.apk.ApkSigningBlockUtils$ChunkSupplier::get@73 (line 567)
  0x000001a6b2a488b0: 54af 2d07 

  0x000001a6b2a488b4: ;   {other}
  0x000001a6b2a488b4: 0f1f 8400 | 2405 0002 | 488b d048 | c7c6 0000 | 1000 488b | fe48 8b84 | 2488 0000 | 0048 0faf 
  0x000001a6b2a488d4: c748 2bd0 

  0x000001a6b2a488d8: ;   {metadata(method data for {method} {0x000001a6d8c1fc10} 'get' '()Lcom/android/apksig/internal/apk/ApkSigningBlockUtils$ChunkSupplier$Chunk;' in 'com/android/apksig/internal/apk/ApkSigningBlockUtils$ChunkSupplier')}
  0x000001a6b2a488d8: 48bf e849 | c2d8 a601 | 0000 4883 | 8730 0200 

  0x000001a6b2a488e8: ;   {metadata(method data for {method} {0x000001a6c8195958} 'min' '(JJ)J' in 'java/lang/Math')}
  0x000001a6b2a488e8: 0001 48bf | e05d 9fc8 | a601 0000 | 8b9f cc00 | 0000 83c3 | 0289 9fcc | 0000 0081 | e3fe ff1f 
  0x000001a6b2a48908: 0085 db0f | 84d7 0400 | 0048 3bf2 

  0x000001a6b2a48914: ;   {metadata(method data for {method} {0x000001a6c8195958} 'min' '(JJ)J' in 'java/lang/Math')}
  0x000001a6b2a48914: 48be e05d | 9fc8 a601 | 0000 48c7 | c720 0100 | 007d 0748 | c7c7 1001 | 0000 488b | 1c3e 488d 
  0x000001a6b2a48934: 5b01 4889 | 1c3e 0f8d | 0c00 0000 | 48c7 c200 | 0010 00e9 | 1000 0000 

  0x000001a6b2a4894c: ;   {metadata(method data for {method} {0x000001a6c8195958} 'min' '(JJ)J' in 'java/lang/Math')}
  0x000001a6b2a4894c: 48be e05d | 9fc8 a601 | 0000 ff86 | 3001 0000 | 4889 8424 | 9800 0000 | 8bd2 8994 | 24a0 0000 
  0x000001a6b2a4896c: ;   {metadata(method data for {method} {0x000001a6d8c1fc10} 'get' '()Lcom/android/apksig/internal/apk/ApkSigningBlockUtils$ChunkSupplier$Chunk;' in 'com/android/apksig/internal/apk/ApkSigningBlockUtils$ChunkSupplier')}
  0x000001a6b2a4896c: 0048 bee8 | 49c2 d8a6 | 0100 0048 | 8386 4002 | 0000 0148 | 8bf2 488b 

  0x000001a6b2a48984: ;   {static_call}
  0x000001a6b2a48984: d666 90e8 

  0x000001a6b2a48988: ; ImmutableOopMap {[128]=Oop }
                      ;*invokestatic allocate {reexecute=0 rethrow=0 return_oop=0}
                      ; - com.android.apksig.internal.apk.ApkSigningBlockUtils$ChunkSupplier::get@99 (line 572)
  0x000001a6b2a48988: 1431 ab07 

  0x000001a6b2a4898c: ;   {other}
  0x000001a6b2a4898c: 0f1f 8400 | fc05 0003 | 4889 8424 | a800 0000 | 4c8b 8424 | 9800 0000 | 488b b424 | 8800 0000 
  0x000001a6b2a489ac: 8bbc 2490 | 0000 0048 | 8b94 2480 | 0000 0044 | 8b4a 1041 | 3b79 0c0f | 834a 0400 | 0048 63ff 
  0x000001a6b2a489cc: 418b 54b9 | 1048 3b02 

  0x000001a6b2a489d4: ;   {metadata(method data for {method} {0x000001a6d8c1fc10} 'get' '()Lcom/android/apksig/internal/apk/ApkSigningBlockUtils$ChunkSupplier$Chunk;' in 'com/android/apksig/internal/apk/ApkSigningBlockUtils$ChunkSupplier')}
  0x000001a6b2a489d4: 4c8b ca48 | bfe8 49c2 | d8a6 0100 | 0045 8b49 | 0849 c1e1 | 034c 3b8f | 6002 0000 | 750d 4883 
  0x000001a6b2a489f4: 8768 0200 | 0001 e960 | 0000 004c | 3b8f 7002 | 0000 750d | 4883 8778 | 0200 0001 | e94a 0000 
  0x000001a6b2a48a14: 0048 83bf | 6002 0000 | 0075 174c | 898f 6002 | 0000 48c7 | 8768 0200 | 0001 0000 | 00e9 2900 
  0x000001a6b2a48a34: 0000 4883 | bf70 0200 | 0000 7517 | 4c89 8f70 | 0200 0048 | c787 7802 | 0000 0100 | 0000 e908 
  0x000001a6b2a48a54: 0000 0048 | 8387 5002 | 0000 0144 | 8b8c 24a0 | 0000 0048 | 8bf8 6666 | 9048 b870 | 5e9f d2a6 
  0x000001a6b2a48a74: ;   {virtual_call}
  0x000001a6b2a48a74: 0100 00e8 

  0x000001a6b2a48a78: ; ImmutableOopMap {[168]=Oop }
                      ;*invokeinterface copyTo {reexecute=0 rethrow=0 return_oop=0}
                      ; - com.android.apksig.internal.apk.ApkSigningBlockUtils$ChunkSupplier::get@119 (line 574)
  0x000001a6b2a48a78: 4caf 2d07 

  0x000001a6b2a48a7c: ;   {other}
  0x000001a6b2a48a7c: 0f1f 8400 | ec06 0004 

  0x000001a6b2a48a84: ;   {metadata(method data for {method} {0x000001a6d8c1fc10} 'get' '()Lcom/android/apksig/internal/apk/ApkSigningBlockUtils$ChunkSupplier$Chunk;' in 'com/android/apksig/internal/apk/ApkSigningBlockUtils$ChunkSupplier')}
  0x000001a6b2a48a84: 48ba e849 | c2d8 a601 | 0000 ff82 | 8802 0000 | 488b 8424 | a800 0000 

  0x000001a6b2a48a9c: ; implicit exception: dispatches to 0x000001a6b2a48e26
  0x000001a6b2a48a9c: 483b 0048 

  0x000001a6b2a48aa0: ;   {metadata(method data for {method} {0x000001a6d8c1fc10} 'get' '()Lcom/android/apksig/internal/apk/ApkSigningBlockUtils$ChunkSupplier$Chunk;' in 'com/android/apksig/internal/apk/ApkSigningBlockUtils$ChunkSupplier')}
  0x000001a6b2a48aa0: 8bf8 48bb | e849 c2d8 | a601 0000 | 8b7f 0848 | c1e7 0348 | 3bbb c002 | 0000 750d | 4883 83c8 
  0x000001a6b2a48ac0: 0200 0001 | e960 0000 | 0048 3bbb | d002 0000 | 750d 4883 | 83d8 0200 | 0001 e94a | 0000 0048 
  0x000001a6b2a48ae0: 83bb c002 | 0000 0075 | 1748 89bb | c002 0000 | 48c7 83c8 | 0200 0001 | 0000 00e9 | 2900 0000 
  0x000001a6b2a48b00: 4883 bbd0 | 0200 0000 | 7517 4889 | bbd0 0200 | 0048 c783 | d802 0000 | 0100 0000 | e908 0000 
  0x000001a6b2a48b20: 0048 8383 | b002 0000 | 0148 8bd0 | 9048 b8a0 | b707 0001 

  0x000001a6b2a48b34: ;   {virtual_call}
  0x000001a6b2a48b34: 0000 00e8 

  0x000001a6b2a48b38: ; ImmutableOopMap {[168]=Oop }
                      ;*invokevirtual rewind {reexecute=0 rethrow=0 return_oop=0}
                      ; - com.android.apksig.internal.apk.ApkSigningBlockUtils$ChunkSupplier::get@143 (line 580)
  0x000001a6b2a48b38: 0484 d7ff 

  0x000001a6b2a48b3c: ;   {other}
  0x000001a6b2a48b3c: 0f1f 8400 | ac07 0005 

  0x000001a6b2a48b44: ;   {metadata('com/android/apksig/internal/apk/ApkSigningBlockUtils$ChunkSupplier$Chunk')}
  0x000001a6b2a48b44: 48ba 60ca | 4f01 0100 | 0000 498b | 87b8 0100 | 0048 8d78 | 1849 3bbf | c801 0000 | 0f87 c502 
  0x000001a6b2a48b64: 0000 4989 | bfb8 0100 | 0048 c700 | 0100 0000 | 488b ca48 | c1e9 0389 | 4808 4833 | c989 480c 
  0x000001a6b2a48b84: 4833 c948 | 8948 1048 

  0x000001a6b2a48b8c: ;   {metadata(method data for {method} {0x000001a6d8c1fc10} 'get' '()Lcom/android/apksig/internal/apk/ApkSigningBlockUtils$ChunkSupplier$Chunk;' in 'com/android/apksig/internal/apk/ApkSigningBlockUtils$ChunkSupplier')}
  0x000001a6b2a48b8c: 8bd0 48be | e849 c2d8 | a601 0000 | 4883 86e8 | 0200 0001 

  0x000001a6b2a48ba0: ;   {metadata(method data for {method} {0x000001a6d8c237f0} '<init>' '(ILjava/nio/ByteBuffer;ILcom/android/apksig/internal/apk/ApkSigningBlockUtils$1;)V' in 'com/android/apksig/internal/apk/ApkSigningBlockUtils$ChunkSupplier$Chunk')}
  0x000001a6b2a48ba0: 48ba a0fe | c1d8 a601 | 0000 8bb2 | cc00 0000 | 83c6 0289 | b2cc 0000 | 0081 e6fe | ff1f 0085 
  0x000001a6b2a48bc0: f60f 8471 | 0200 0048 

  0x000001a6b2a48bc8: ;   {metadata(method data for {method} {0x000001a6d8c237f0} '<init>' '(ILjava/nio/ByteBuffer;ILcom/android/apksig/internal/apk/ApkSigningBlockUtils$1;)V' in 'com/android/apksig/internal/apk/ApkSigningBlockUtils$ChunkSupplier$Chunk')}
  0x000001a6b2a48bc8: 8bd0 48be | a0fe c1d8 | a601 0000 | 4883 8610 | 0100 0001 

  0x000001a6b2a48bdc: ;   {metadata(method data for {method} {0x000001a6d8c234b8} '<init>' '(ILjava/nio/ByteBuffer;I)V' in 'com/android/apksig/internal/apk/ApkSigningBlockUtils$ChunkSupplier$Chunk')}
  0x000001a6b2a48bdc: 48ba 304d | c2d8 a601 | 0000 8bb2 | cc00 0000 | 83c6 0289 | b2cc 0000 | 0081 e6fe | ff1f 0085 
  0x000001a6b2a48bfc: f60f 8456 | 0200 0048 

  0x000001a6b2a48c04: ;   {metadata(method data for {method} {0x000001a6d8c234b8} '<init>' '(ILjava/nio/ByteBuffer;I)V' in 'com/android/apksig/internal/apk/ApkSigningBlockUtils$ChunkSupplier$Chunk')}
  0x000001a6b2a48c04: 8bd0 48be | 304d c2d8 | a601 0000 | 4883 8610 | 0100 0001 

  0x000001a6b2a48c18: ;   {metadata(method data for {method} {0x000001a6c8000638} '<init>' '()V' in 'java/lang/Object')}
  0x000001a6b2a48c18: 48ba 28f6 | 28c8 a601 | 0000 8bb2 | cc00 0000 | 83c6 0289 | b2cc 0000 | 0081 e6fe | ff1f 0085 
  0x000001a6b2a48c38: f60f 843b | 0200 008b | 9424 9400 | 0000 8950 | 0c41 0fbe | 5740 85d2 | 0f85 4502 | 0000 488b 
  0x000001a6b2a48c58: 9424 a800 | 0000 4c8b | d244 8950 | 1448 8bf0 | 4833 f248 | c1ee 1448 | 83fe 000f | 853d 0200 
  0x000001a6b2a48c78: 008b 9424 | a000 0000 | 8950 1048 | 81c4 c000 

  0x000001a6b2a48c88: ;   {poll_return}
  0x000001a6b2a48c88: 0000 5d49 | 3ba7 5004 | 0000 0f87 | 3602 0000 

  0x000001a6b2a48c98: ;   {oop(nullptr)}
  0x000001a6b2a48c98: c348 b800 | 0000 0000 | 0000 0048 | 81c4 c000 

  0x000001a6b2a48ca8: ;   {poll_return}
  0x000001a6b2a48ca8: 0000 5d49 | 3ba7 5004 | 0000 0f87 | 2c02 0000 | c349 8b87 | 0005 0000 | 4d33 d24d | 8997 0005 
  0x000001a6b2a48cc8: 0000 4d33 | d24d 8997 | 0805 0000 | 4c8b c890 

  0x000001a6b2a48cd8: ;   {no_reloc}
  0x000001a6b2a48cd8: e92c 0200 | 0000 0000 | 0000 498b | 87b8 0100 | 0048 8d78 | 2849 3bbf | c801 0000 | 0f87 1902 
  0x000001a6b2a48cf8: 0000 4989 | bfb8 0100 | 0048 c700 | 0100 0000 | 488b ca48 | c1e9 0389 | 4808 4833 | c989 480c 
  0x000001a6b2a48d18: 4833 c948 | 8948 1048 | 8948 1848 | 8948 204c 

  0x000001a6b2a48d28: ;   {metadata(method data for {method} {0x000001a6d8c1fc10} 'get' '()Lcom/android/apksig/internal/apk/ApkSigningBlockUtils$ChunkSupplier$Chunk;' in 'com/android/apksig/internal/apk/ApkSigningBlockUtils$ChunkSupplier')}
  0x000001a6b2a48d28: 8bc0 48ba | e849 c2d8 | a601 0000 | 4883 82a0 | 0200 0001 

  0x000001a6b2a48d3c: ;   {oop("Failed to read chunk"{0x000000008996efc8})}
  0x000001a6b2a48d3c: 49b8 c8ef | 9689 0000 | 0000 488b | d048 8984 | 24b0 0000 | 0066 0f1f 

  0x000001a6b2a48d54: ;   {optimized virtual_call}
  0x000001a6b2a48d54: 4400 00e8 

  0x000001a6b2a48d58: ; ImmutableOopMap {[176]=Oop }
                      ;*invokespecial <init> {reexecute=0 rethrow=0 return_oop=0}
                      ; - com.android.apksig.internal.apk.ApkSigningBlockUtils$ChunkSupplier::get@137 (line 578)
  0x000001a6b2a48d58: 245d 2107 

  0x000001a6b2a48d5c: ;   {other}
  0x000001a6b2a48d5c: 0f1f 8400 | cc09 0006 | 488b 8424 | b000 0000 | e9cc 0100 

  0x000001a6b2a48d70: ;   {metadata({method} {0x000001a6d8c1fc10} 'get' '()Lcom/android/apksig/internal/apk/ApkSigningBlockUtils$ChunkSupplier$Chunk;' in 'com/android/apksig/internal/apk/ApkSigningBlockUtils$ChunkSupplier')}
  0x000001a6b2a48d70: 0049 ba08 | fcc1 d8a6 | 0100 004c | 8954 2408 | 48c7 0424 | ffff ffff 

  0x000001a6b2a48d88: ;   {runtime_call counter_overflow Runtime1 stub}
  0x000001a6b2a48d88: e873 0e2d 

  0x000001a6b2a48d8c: ; ImmutableOopMap {rdx=Oop [128]=Oop }
                      ;*synchronization entry
                      ; - com.android.apksig.internal.apk.ApkSigningBlockUtils$ChunkSupplier::get@-1 (line 552)
  0x000001a6b2a48d8c: 07e9 dcf8 

  0x000001a6b2a48d90: ;   {runtime_call throw_null_pointer_exception Runtime1 stub}
  0x000001a6b2a48d90: ffff e869 

  0x000001a6b2a48d94: ; ImmutableOopMap {rdx=Oop rsi=Oop [128]=Oop }
                      ;*invokevirtual getAndIncrement {reexecute=0 rethrow=0 return_oop=0}
                      ; - com.android.apksig.internal.apk.ApkSigningBlockUtils$ChunkSupplier::get@4 (line 552)
                      ;   {runtime_call throw_null_pointer_exception Runtime1 stub}
  0x000001a6b2a48d94: bd2c 07e8 

  0x000001a6b2a48d98: ; ImmutableOopMap {rdx=Oop rbx=Oop rcx=Oop [128]=Oop }
                      ;*iaload {reexecute=0 rethrow=0 return_oop=0}
                      ; - com.android.apksig.internal.apk.ApkSigningBlockUtils$ChunkSupplier::get@42 (line 560)
  0x000001a6b2a48d98: 64bd 2c07 

  0x000001a6b2a48d9c: ;   {runtime_call throw_null_pointer_exception Runtime1 stub}
  0x000001a6b2a48d9c: e85f bd2c 

  0x000001a6b2a48da0: ; ImmutableOopMap {rdx=Oop rbx=Oop rcx=Oop [128]=Oop }
                      ;*iaload {reexecute=0 rethrow=0 return_oop=0}
                      ; - com.android.apksig.internal.apk.ApkSigningBlockUtils$ChunkSupplier::get@42 (line 560)
  0x000001a6b2a48da0: 0748 893c | 2448 894c 

  0x000001a6b2a48da8: ;   {runtime_call throw_range_check_failed Runtime1 stub}
  0x000001a6b2a48da8: 2408 e851 

  0x000001a6b2a48dac: ; ImmutableOopMap {rdx=Oop rbx=Oop rcx=Oop [128]=Oop }
                      ;*iaload {reexecute=0 rethrow=0 return_oop=0}
                      ; - com.android.apksig.internal.apk.ApkSigningBlockUtils$ChunkSupplier::get@42 (line 560)
                      ;   {metadata({method} {0x000001a6d8c1fc10} 'get' '()Lcom/android/apksig/internal/apk/ApkSigningBlockUtils$ChunkSupplier$Chunk;' in 'com/android/apksig/internal/apk/ApkSigningBlockUtils$ChunkSupplier')}
  0x000001a6b2a48dac: b42c 0749 | ba08 fcc1 | d8a6 0100 | 004c 8954 | 2408 48c7 | 0424 4000 

  0x000001a6b2a48dc4: ;   {runtime_call counter_overflow Runtime1 stub}
  0x000001a6b2a48dc4: 0000 e835 

  0x000001a6b2a48dc8: ; ImmutableOopMap {rdx=Oop [128]=Oop }
                      ;*goto {reexecute=1 rethrow=0 return_oop=0}
                      ; - (reexecute) com.android.apksig.internal.apk.ApkSigningBlockUtils$ChunkSupplier::get@64 (line 559)
  0x000001a6b2a48dc8: 0e2d 07e9 | bdf9 ffff 

  0x000001a6b2a48dd0: ;   {runtime_call throw_null_pointer_exception Runtime1 stub}
  0x000001a6b2a48dd0: e82b bd2c 

  0x000001a6b2a48dd4: ; ImmutableOopMap {rdx=Oop rbx=Oop [128]=Oop }
                      ;*arraylength {reexecute=0 rethrow=0 return_oop=0}
                      ; - com.android.apksig.internal.apk.ApkSigningBlockUtils$ChunkSupplier::get@32 (line 559)
  0x000001a6b2a48dd4: 0748 893c | 2448 895c 

  0x000001a6b2a48ddc: ;   {runtime_call throw_range_check_failed Runtime1 stub}
  0x000001a6b2a48ddc: 2408 e81d 

  0x000001a6b2a48de0: ; ImmutableOopMap {rbx=Oop [128]=Oop }
                      ;*aaload {reexecute=0 rethrow=0 return_oop=0}
                      ; - com.android.apksig.internal.apk.ApkSigningBlockUtils$ChunkSupplier::get@72 (line 566)
                      ;   {runtime_call throw_null_pointer_exception Runtime1 stub}
  0x000001a6b2a48de0: b42c 07e8 

  0x000001a6b2a48de4: ; ImmutableOopMap {rbx=Oop [128]=Oop }
                      ;*invokeinterface size {reexecute=0 rethrow=0 return_oop=0}
                      ; - com.android.apksig.internal.apk.ApkSigningBlockUtils$ChunkSupplier::get@73 (line 567)
  0x000001a6b2a48de4: 18bd 2c07 

  0x000001a6b2a48de8: ;   {metadata({method} {0x000001a6c8195958} 'min' '(JJ)J' in 'java/lang/Math')}
  0x000001a6b2a48de8: 49ba 5059 | 19c8 a601 | 0000 4c89 | 5424 0848 | c704 24ff 

  0x000001a6b2a48dfc: ;   {runtime_call counter_overflow Runtime1 stub}
  0x000001a6b2a48dfc: ffff ffe8 

  0x000001a6b2a48e00: ; ImmutableOopMap {[128]=Oop }
                      ;*synchronization entry
                      ; - java.lang.Math::min@-1
                      ; - com.android.apksig.internal.apk.ApkSigningBlockUtils$ChunkSupplier::get@87 (line 566)
  0x000001a6b2a48e00: fc0d 2d07 | e908 fbff 

  0x000001a6b2a48e08: ;   {runtime_call throw_null_pointer_exception Runtime1 stub}
  0x000001a6b2a48e08: ffe8 f2bc 

  0x000001a6b2a48e0c: ; ImmutableOopMap {rax=Oop r9=Oop [168]=Oop }
                      ;*aaload {reexecute=0 rethrow=0 return_oop=0}
                      ; - com.android.apksig.internal.apk.ApkSigningBlockUtils$ChunkSupplier::get@109 (line 574)
                      ;   {runtime_call throw_null_pointer_exception Runtime1 stub}
  0x000001a6b2a48e0c: 2c07 e8ed 

  0x000001a6b2a48e10: ; ImmutableOopMap {rax=Oop r9=Oop [168]=Oop }
                      ;*aaload {reexecute=0 rethrow=0 return_oop=0}
                      ; - com.android.apksig.internal.apk.ApkSigningBlockUtils$ChunkSupplier::get@109 (line 574)
  0x000001a6b2a48e10: bc2c 0748 | 893c 244c | 894c 2408 

  0x000001a6b2a48e1c: ;   {runtime_call throw_range_check_failed Runtime1 stub}
  0x000001a6b2a48e1c: e8df b32c 

  0x000001a6b2a48e20: ; ImmutableOopMap {rax=Oop r9=Oop [168]=Oop }
                      ;*aaload {reexecute=0 rethrow=0 return_oop=0}
                      ; - com.android.apksig.internal.apk.ApkSigningBlockUtils$ChunkSupplier::get@109 (line 574)
                      ;   {runtime_call throw_null_pointer_exception Runtime1 stub}
  0x000001a6b2a48e20: 07e8 dabc 

  0x000001a6b2a48e24: ; ImmutableOopMap {rax=Oop rdx=Oop [168]=Oop }
                      ;*invokeinterface copyTo {reexecute=0 rethrow=0 return_oop=0}
                      ; - com.android.apksig.internal.apk.ApkSigningBlockUtils$ChunkSupplier::get@119 (line 574)
                      ;   {runtime_call throw_null_pointer_exception Runtime1 stub}
  0x000001a6b2a48e24: 2c07 e8d5 

  0x000001a6b2a48e28: ; ImmutableOopMap {rax=Oop [168]=Oop }
                      ;*invokevirtual rewind {reexecute=0 rethrow=0 return_oop=0}
                      ; - com.android.apksig.internal.apk.ApkSigningBlockUtils$ChunkSupplier::get@143 (line 580)
  0x000001a6b2a48e28: bc2c 0748 

  0x000001a6b2a48e2c: ;   {runtime_call fast_new_instance Runtime1 stub}
  0x000001a6b2a48e2c: 8bd2 e8cd 

  0x000001a6b2a48e30: ; ImmutableOopMap {[168]=Oop }
                      ;*new {reexecute=0 rethrow=0 return_oop=0}
                      ; - com.android.apksig.internal.apk.ApkSigningBlockUtils$ChunkSupplier::get@147 (line 582)
  0x000001a6b2a48e30: c52c 07e9 | 53fd ffff 

  0x000001a6b2a48e38: ;   {metadata({method} {0x000001a6d8c237f0} '<init>' '(ILjava/nio/ByteBuffer;ILcom/android/apksig/internal/apk/ApkSigningBlockUtils$1;)V' in 'com/android/apksig/internal/apk/ApkSigningBlockUtils$ChunkSupplier$Chunk')}
  0x000001a6b2a48e38: 49ba e837 | c2d8 a601 | 0000 4c89 | 5424 0848 | c704 24ff 

  0x000001a6b2a48e4c: ;   {runtime_call counter_overflow Runtime1 stub}
  0x000001a6b2a48e4c: ffff ffe8 

  0x000001a6b2a48e50: ; ImmutableOopMap {rax=Oop [168]=Oop }
                      ;*synchronization entry
                      ; - com.android.apksig.internal.apk.ApkSigningBlockUtils$ChunkSupplier$Chunk::<init>@-1 (line 585)
                      ; - com.android.apksig.internal.apk.ApkSigningBlockUtils$ChunkSupplier::get@157 (line 582)
  0x000001a6b2a48e50: ac0d 2d07 | e96e fdff 

  0x000001a6b2a48e58: ;   {metadata({method} {0x000001a6d8c234b8} '<init>' '(ILjava/nio/ByteBuffer;I)V' in 'com/android/apksig/internal/apk/ApkSigningBlockUtils$ChunkSupplier$Chunk')}
  0x000001a6b2a48e58: ff49 bab0 | 34c2 d8a6 | 0100 004c | 8954 2408 | 48c7 0424 | ffff ffff 

  0x000001a6b2a48e70: ;   {runtime_call counter_overflow Runtime1 stub}
  0x000001a6b2a48e70: e88b 0d2d 

  0x000001a6b2a48e74: ; ImmutableOopMap {rax=Oop [168]=Oop }
                      ;*synchronization entry
                      ; - com.android.apksig.internal.apk.ApkSigningBlockUtils$ChunkSupplier$Chunk::<init>@-1 (line 590)
                      ; - com.android.apksig.internal.apk.ApkSigningBlockUtils$ChunkSupplier$Chunk::<init>@4 (line 585)
                      ; - com.android.apksig.internal.apk.ApkSigningBlockUtils$ChunkSupplier::get@157 (line 582)
  0x000001a6b2a48e74: 07e9 89fd 

  0x000001a6b2a48e78: ;   {metadata({method} {0x000001a6c8000638} '<init>' '()V' in 'java/lang/Object')}
  0x000001a6b2a48e78: ffff 49ba | 3006 00c8 | a601 0000 | 4c89 5424 | 0848 c704 | 24ff ffff 

  0x000001a6b2a48e90: ;   {runtime_call counter_overflow Runtime1 stub}
  0x000001a6b2a48e90: ffe8 6a0d 

  0x000001a6b2a48e94: ; ImmutableOopMap {rax=Oop [168]=Oop }
                      ;*synchronization entry
                      ; - java.lang.Object::<init>@-1
                      ; - com.android.apksig.internal.apk.ApkSigningBlockUtils$ChunkSupplier$Chunk::<init>@1 (line 590)
                      ; - com.android.apksig.internal.apk.ApkSigningBlockUtils$ChunkSupplier$Chunk::<init>@4 (line 585)
                      ; - com.android.apksig.internal.apk.ApkSigningBlockUtils$ChunkSupplier::get@157 (line 582)
  0x000001a6b2a48e94: 2d07 e9a4 | fdff ff8b | 5014 4883 | fa00 0f84 | aefd ffff | 4889 1424 

  0x000001a6b2a48eac: ;   {runtime_call g1_pre_barrier_slow}
  0x000001a6b2a48eac: e84f 132d | 07e9 a0fd | ffff 4883 | fa00 0f84 | b9fd ffff | 4889 0424 

  0x000001a6b2a48ec4: ;   {runtime_call g1_post_barrier_slow}
  0x000001a6b2a48ec4: e837 162d | 07e9 abfd 

  0x000001a6b2a48ecc: ;   {internal_word}
  0x000001a6b2a48ecc: ffff 49ba | 8b8c a4b2 | a601 0000 | 4d89 9768 

  0x000001a6b2a48edc: ;   {runtime_call SafepointBlob}
  0x000001a6b2a48edc: 0400 00e9 | 1cc5 2107 

  0x000001a6b2a48ee4: ;   {internal_word}
  0x000001a6b2a48ee4: 49ba ab8c | a4b2 a601 | 0000 4d89 | 9768 0400 

  0x000001a6b2a48ef4: ;   {runtime_call SafepointBlob}
  0x000001a6b2a48ef4: 00e9 06c5 

  0x000001a6b2a48ef8: ;   {metadata(nullptr)}
  0x000001a6b2a48ef8: 2107 48ba | 0000 0000 | 0000 0000 | b800 0f05 

  0x000001a6b2a48f08: ;   {runtime_call load_klass_patching Runtime1 stub}
  0x000001a6b2a48f08: 0ae8 72fc 

  0x000001a6b2a48f0c: ; ImmutableOopMap {r9=Oop }
                      ;*new {reexecute=1 rethrow=0 return_oop=0}
                      ; - (reexecute) com.android.apksig.internal.apk.ApkSigningBlockUtils$ChunkSupplier::get@129 (line 578)
  0x000001a6b2a48f0c: 2c07 e9c5 | fdff ff48 

  0x000001a6b2a48f14: ;   {runtime_call fast_new_instance Runtime1 stub}
  0x000001a6b2a48f14: 8bd2 e8e5 

  0x000001a6b2a48f18: ; ImmutableOopMap {r9=Oop }
                      ;*new {reexecute=0 rethrow=0 return_oop=0}
                      ; - com.android.apksig.internal.apk.ApkSigningBlockUtils$ChunkSupplier::get@129 (line 578)
  0x000001a6b2a48f18: c42c 07e9 | 07fe ffff | 498b 8700 | 0500 0049 | c787 0005 | 0000 0000 | 0000 49c7 | 8708 0500 
  0x000001a6b2a48f38: 0000 0000 | 0048 81c4 | c000 0000 

  0x000001a6b2a48f44: ;   {runtime_call unwind_exception Runtime1 stub}
  0x000001a6b2a48f44: 5de9 b6ac | 2c07 f4f4 | f4f4 f4f4 
[Stub Code]
  0x000001a6b2a48f50: ;   {no_reloc}
  0x000001a6b2a48f50: 0f1f 4400 

  0x000001a6b2a48f54: ;   {static_stub}
  0x000001a6b2a48f54: 0048 bb00 | 0000 0000 

  0x000001a6b2a48f5c: ;   {runtime_call nmethod}
  0x000001a6b2a48f5c: 0000 00e9 | fbff ffff 

  0x000001a6b2a48f64: ;   {static_stub}
  0x000001a6b2a48f64: 9048 bb00 | 0000 0000 

  0x000001a6b2a48f6c: ;   {runtime_call nmethod}
  0x000001a6b2a48f6c: 0000 00e9 | fbff ffff 

  0x000001a6b2a48f74: ;   {static_stub}
  0x000001a6b2a48f74: 9048 bb00 | 0000 0000 

  0x000001a6b2a48f7c: ;   {runtime_call nmethod}
  0x000001a6b2a48f7c: 0000 00e9 | fbff ffff 

  0x000001a6b2a48f84: ;   {static_stub}
  0x000001a6b2a48f84: 48bb 0000 | 0000 0000 

  0x000001a6b2a48f8c: ;   {runtime_call nmethod}
  0x000001a6b2a48f8c: 0000 e9fb 

  0x000001a6b2a48f90: ;   {static_stub}
  0x000001a6b2a48f90: ffff ff48 | bb00 0000 | 0000 0000 

  0x000001a6b2a48f9c: ;   {runtime_call nmethod}
  0x000001a6b2a48f9c: 00e9 fbff 

  0x000001a6b2a48fa0: ;   {static_stub}
  0x000001a6b2a48fa0: ffff 48bb | 0000 0000 | 0000 0000 

  0x000001a6b2a48fac: ;   {runtime_call nmethod}
  0x000001a6b2a48fac: e9fb ffff 

  0x000001a6b2a48fb0: ;   {runtime_call handle_exception_from_callee Runtime1 stub}
  0x000001a6b2a48fb0: ffe8 4ad9 

  0x000001a6b2a48fb4: ;   {external_word}
  0x000001a6b2a48fb4: 2c07 48b9 | d061 8d86 | fb7f 0000 | 4883 e4f0 

  0x000001a6b2a48fc4: ;   {runtime_call}
  0x000001a6b2a48fc4: 48b8 90db | 5b86 fb7f | 0000 ffd0 

  0x000001a6b2a48fd0: ;   {section_word}
  0x000001a6b2a48fd0: f449 bad1 | 8fa4 b2a6 | 0100 0041 

  0x000001a6b2a48fdc: ;   {runtime_call DeoptimizationBlob}
  0x000001a6b2a48fdc: 52e9 beb6 | 2107 f4f4 | f4f4 f4f4 
[/MachCode]


---------------  P R O C E S S  ---------------

Threads class SMR info:
_java_thread_list=0x000001a6d1cfd8a0, length=197, elements={
0x000001a6af57f5a0, 0x000001a6c7242db0, 0x000001a6c7274200, 0x000001a6c7274c60,
0x000001a6c7277c60, 0x000001a6c72757f0, 0x000001a6c7276250, 0x000001a6c7276cb0,
0x000001a6c72c3fe0, 0x000001a6c72e4a90, 0x000001a6c75692d0, 0x000001a6cd803e80,
0x000001a6ce78f300, 0x000001a6cc95fd30, 0x000001a6cc92c410, 0x000001a6cc92caa0,
0x000001a6cc92d7c0, 0x000001a6cf0abf10, 0x000001a6cf0aa4d0, 0x000001a6cf0aab60,
0x000001a6cf0ad2c0, 0x000001a6cf0ac5a0, 0x000001a6cf0acc30, 0x000001a6cf0ab1f0,
0x000001a6cefdddb0, 0x000001a6cefde440, 0x000001a6cefdead0, 0x000001a6cefdd090,
0x000001a6cefdca00, 0x000001a6cefdf160, 0x000001a6cefdd720, 0x000001a6cefdc370,
0x000001a6cf055dd0, 0x000001a6cd752d60, 0x000001a6d331b220, 0x000001a6d26ac850,
0x000001a6c766edc0, 0x000001a6d26a93d0, 0x000001a6d11f4fe0, 0x000001a6d26a9a60,
0x000001a6d39dcea0, 0x000001a6d331cc60, 0x000001a6d331bf40, 0x000001a6d331d2f0,
0x000001a6d331d980, 0x000001a6d331e010, 0x000001a6d331ab90, 0x000001a6d268e0e0,
0x000001a6d268e770, 0x000001a6d3e60010, 0x000001a6d3e620e0, 0x000001a6d3e62770,
0x000001a6d3e62e00, 0x000001a6d3e606a0, 0x000001a6d3e60d30, 0x000001a6d3e61a50,
0x000001a6cfd95040, 0x000001a6cfd95d60, 0x000001a6cfd963f0, 0x000001a6cfd96a80,
0x000001a6d268ee00, 0x000001a6d268f490, 0x000001a6d268fb20, 0x000001a6d26901b0,
0x000001a6d268da50, 0x000001a6d268cd30, 0x000001a6d268d3c0, 0x000001a6d11f35a0,
0x000001a6d11f3c30, 0x000001a6d11f2880, 0x000001a6d11f4950, 0x000001a6d11f5670,
0x000001a6d11f21f0, 0x000001a6d39def70, 0x000001a6d39e0320, 0x000001a6d39df600,
0x000001a6d39de8e0, 0x000001a6d39dfc90, 0x000001a6d39de250, 0x000001a6d39dd530,
0x000001a6cff1dcf0, 0x000001a6cff1bc20, 0x000001a6cff1e380, 0x000001a6cff1c940,
0x000001a6cfd97110, 0x000001a6cfd977a0, 0x000001a6d3414680, 0x000001a6d3411890,
0x000001a6d3412c40, 0x000001a6d11f2f10, 0x000001a6d2f65c80, 0x000001a6cd750c90,
0x000001a6cd751320, 0x000001a6cd753a80, 0x000001a6cd754110, 0x000001a6cd7519b0,
0x000001a6cff1af00, 0x000001a6cff1b590, 0x000001a6d26aae10, 0x000001a6d26aa0f0,
0x000001a6d26aa780, 0x000001a6d26ab4a0, 0x000001a6d26abb30, 0x000001a6d26ac1c0,
0x000001a6d3b96010, 0x000001a6d43ca4e0, 0x000001a6d43c8410, 0x000001a6d43c9e50,
0x000001a6d43c8aa0, 0x000001a6cff1cfd0, 0x000001a6d39ce240, 0x000001a6d39cfc80,
0x000001a6d39ce8d0, 0x000001a6d39d0310, 0x000001a6d39cce90, 0x000001a6d39cef60,
0x000001a6d39cf5f0, 0x000001a6d39d09a0, 0x000001a6d39cd520, 0x000001a6d9685c20,
0x000001a6d3b99490, 0x000001a6d9c93200, 0x000001a6d9c93890, 0x000001a6d9c917c0,
0x000001a6d9c90aa0, 0x000001a6d96834c0, 0x000001a6d9683b50, 0x000001a6d96862b0,
0x000001a6d9684870, 0x000001a6d9684f00, 0x000001a6d49f7ee0, 0x000001a6d49f8570,
0x000001a6d39d1030, 0x000001a6d39cdbb0, 0x000001a6d39d3100, 0x000001a6d39d51d0,
0x000001a6d39d4b40, 0x000001a6d39d23e0, 0x000001a6d39d5ef0, 0x000001a6d39d3790,
0x000001a6d39da720, 0x000001a6d39d7fc0, 0x000001a6d39d9a00, 0x000001a6d39dbad0,
0x000001a6d39dadb0, 0x000001a6d39da090, 0x000001a6d39db440, 0x000001a6d39dc160,
0x000001a6d39d8ce0, 0x000001a6d0ded8b0, 0x000001a6d0def2f0, 0x000001a6d0df13c0,
0x000001a6d0dedf40, 0x000001a6cd752040, 0x000001a6d0df0010, 0x000001a6d0df06a0,
0x000001a6d0df1a50, 0x000001a6d96841e0, 0x000001a6d9682e30, 0x000001a6d9685590,
0x000001a6c7931f40, 0x000001a6d0dee5d0, 0x000001a6d0df20e0, 0x000001a6d0df2770,
0x000001a6cfd94320, 0x000001a6cfd949b0, 0x000001a6d43c7d80, 0x000001a6d43c7060,
0x000001a6d43c76f0, 0x000001a6d43c9130, 0x000001a6d2f64240, 0x000001a6d2f67030,
0x000001a6d9a49490, 0x000001a6d9a48770, 0x000001a6d9a473c0, 0x000001a6d9a480e0,
0x000001a6d9a466a0, 0x000001a6da470ab0, 0x000001a6da471140, 0x000001a6da4717d0,
0x000001a6da46f700, 0x000001a6da471e60, 0x000001a6da46f070, 0x000001a6da4724f0,
0x000001a6da470420, 0x000001a6da46fd90, 0x000001a6c766f450, 0x000001a6c766e0a0,
0x000001a6c79325d0, 0x000001a6d2f648d0, 0x000001a6d49f7850, 0x000001a6d49f6b30,
0x000001a6d0df2e00, 0x000001a6d3b966a0, 0x000001a6d3b980e0, 0x000001a6d9c90410,
0x000001a6da72f000
}

Java Threads: ( => current thread )
  0x000001a6af57f5a0 JavaThread "main"                              [_thread_blocked, id=20244, stack(0x000000a141c00000,0x000000a141d00000) (1024K)]
  0x000001a6c7242db0 JavaThread "Common-Cleaner"             daemon [_thread_blocked, id=14648, stack(0x000000a142400000,0x000000a142500000) (1024K)]
  0x000001a6c7274200 JavaThread "Reference Handler"          daemon [_thread_blocked, id=6804, stack(0x000000a142500000,0x000000a142600000) (1024K)]
  0x000001a6c7274c60 JavaThread "Finalizer"                  daemon [_thread_blocked, id=11236, stack(0x000000a142600000,0x000000a142700000) (1024K)]
  0x000001a6c7277c60 JavaThread "Signal Dispatcher"          daemon [_thread_blocked, id=5652, stack(0x000000a142700000,0x000000a142800000) (1024K)]
  0x000001a6c72757f0 JavaThread "Attach Listener"            daemon [_thread_blocked, id=4964, stack(0x000000a142800000,0x000000a142900000) (1024K)]
  0x000001a6c7276250 JavaThread "Service Thread"             daemon [_thread_blocked, id=12292, stack(0x000000a142900000,0x000000a142a00000) (1024K)]
  0x000001a6c7276cb0 JavaThread "Monitor Deflation Thread"   daemon [_thread_blocked, id=20824, stack(0x000000a142a00000,0x000000a142b00000) (1024K)]
  0x000001a6c72c3fe0 JavaThread "C2 CompilerThread0"         daemon [_thread_blocked, id=21432, stack(0x000000a142b00000,0x000000a142c00000) (1024K)]
  0x000001a6c72e4a90 JavaThread "C1 CompilerThread0"         daemon [_thread_blocked, id=2052, stack(0x000000a142c00000,0x000000a142d00000) (1024K)]
  0x000001a6c75692d0 JavaThread "Notification Thread"        daemon [_thread_blocked, id=21336, stack(0x000000a142d00000,0x000000a142e00000) (1024K)]
  0x000001a6cd803e80 JavaThread "Daemon health stats"               [_thread_blocked, id=13524, stack(0x000000a143500000,0x000000a143600000) (1024K)]
  0x000001a6ce78f300 JavaThread "Incoming local TCP Connector on port 22981"        [_thread_in_native, id=15268, stack(0x000000a143600000,0x000000a143700000) (1024K)]
  0x000001a6cc95fd30 JavaThread "Daemon periodic checks"            [_thread_blocked, id=13696, stack(0x000000a143700000,0x000000a143800000) (1024K)]
  0x000001a6cc92c410 JavaThread "Cache worker for journal cache (C:\Users\Suet Jin\.gradle\caches\journal-1)"        [_thread_blocked, id=14316, stack(0x000000a144500000,0x000000a144600000) (1024K)]
  0x000001a6cc92caa0 JavaThread "File lock request listener"        [_thread_in_native, id=14448, stack(0x000000a144600000,0x000000a144700000) (1024K)]
  0x000001a6cc92d7c0 JavaThread "Cache worker for file hash cache (C:\Users\Suet Jin\.gradle\caches\9.3.1\fileHashes)"        [_thread_blocked, id=14760, stack(0x000000a144700000,0x000000a144800000) (1024K)]
  0x000001a6cf0abf10 JavaThread "File watcher server"        daemon [_thread_blocked, id=15108, stack(0x000000a144a00000,0x000000a144b00000) (1024K)]
  0x000001a6cf0aa4d0 JavaThread "File watcher consumer"      daemon [_thread_blocked, id=17972, stack(0x000000a144b00000,0x000000a144c00000) (1024K)]
  0x000001a6cf0aab60 JavaThread "jar transforms"                    [_thread_blocked, id=13132, stack(0x000000a144c00000,0x000000a144d00000) (1024K)]
  0x000001a6cf0ad2c0 JavaThread "jar transforms Thread 2"           [_thread_blocked, id=9564, stack(0x000000a144d00000,0x000000a144e00000) (1024K)]
  0x000001a6cf0ac5a0 JavaThread "jar transforms Thread 3"           [_thread_blocked, id=13104, stack(0x000000a144e00000,0x000000a144f00000) (1024K)]
  0x000001a6cf0acc30 JavaThread "jar transforms Thread 4"           [_thread_blocked, id=7916, stack(0x000000a144f00000,0x000000a145000000) (1024K)]
  0x000001a6cf0ab1f0 JavaThread "jar transforms Thread 5"           [_thread_blocked, id=15656, stack(0x000000a145000000,0x000000a145100000) (1024K)]
  0x000001a6cefdddb0 JavaThread "jar transforms Thread 6"           [_thread_blocked, id=7612, stack(0x000000a145100000,0x000000a145200000) (1024K)]
  0x000001a6cefde440 JavaThread "jar transforms Thread 7"           [_thread_blocked, id=7592, stack(0x000000a145200000,0x000000a145300000) (1024K)]
  0x000001a6cefdead0 JavaThread "jar transforms Thread 8"           [_thread_blocked, id=10792, stack(0x000000a145300000,0x000000a145400000) (1024K)]
  0x000001a6cefdd090 JavaThread "jar transforms Thread 9"           [_thread_blocked, id=10956, stack(0x000000a145400000,0x000000a145500000) (1024K)]
  0x000001a6cefdca00 JavaThread "jar transforms Thread 10"          [_thread_blocked, id=9460, stack(0x000000a145500000,0x000000a145600000) (1024K)]
  0x000001a6cefdf160 JavaThread "jar transforms Thread 11"          [_thread_blocked, id=8252, stack(0x000000a145600000,0x000000a145700000) (1024K)]
  0x000001a6cefdd720 JavaThread "jar transforms Thread 12"          [_thread_blocked, id=8364, stack(0x000000a145700000,0x000000a145800000) (1024K)]
  0x000001a6cefdc370 JavaThread "Cache worker for file content cache (C:\Users\Suet Jin\.gradle\caches\9.3.1\fileContent)"        [_thread_blocked, id=7616, stack(0x000000a145900000,0x000000a145a00000) (1024K)]
  0x000001a6cf055dd0 JavaThread "Memory manager"                    [_thread_blocked, id=3196, stack(0x000000a149a00000,0x000000a149b00000) (1024K)]
  0x000001a6cd752d60 JavaThread "RMI Scheduler(0)"           daemon [_thread_blocked, id=19560, stack(0x000000a14c100000,0x000000a14c200000) (1024K)]
  0x000001a6d331b220 JavaThread "RMI TCP Accept-0"           daemon [_thread_in_native, id=18332, stack(0x000000a14cb00000,0x000000a14cc00000) (1024K)]
  0x000001a6d26ac850 JavaThread "Cache worker for Java compile cache (C:\Users\Suet Jin\.gradle\caches\9.3.1\javaCompile)"        [_thread_blocked, id=19112, stack(0x000000a14ce00000,0x000000a14cf00000) (1024K)]
  0x000001a6c766edc0 JavaThread "RMI TCP Connection(54)-127.0.0.1" daemon [_thread_in_native, id=5724, stack(0x000000a141900000,0x000000a141a00000) (1024K)]
  0x000001a6d26a93d0 JavaThread "Daemon Thread 15"                  [_thread_blocked, id=328, stack(0x000000a141a00000,0x000000a141b00000) (1024K)]
  0x000001a6d11f4fe0 JavaThread "Handler for socket connection from /127.0.0.1:22981 to /127.0.0.1:16953"        [_thread_in_native, id=1324, stack(0x000000a141b00000,0x000000a141c00000) (1024K)]
  0x000001a6d26a9a60 JavaThread "Cancel handler"                    [_thread_blocked, id=7424, stack(0x000000a142e00000,0x000000a142f00000) (1024K)]
  0x000001a6d39dcea0 JavaThread "Daemon worker Thread 15"           [_thread_blocked, id=15632, stack(0x000000a143100000,0x000000a143200000) (1024K)]
  0x000001a6d331cc60 JavaThread "Asynchronous log dispatcher for DefaultDaemonConnection: socket connection from /127.0.0.1:22981 to /127.0.0.1:16953"        [_thread_blocked, id=3388, stack(0x000000a143800000,0x000000a143900000) (1024K)]
  0x000001a6d331bf40 JavaThread "Stdin handler"                     [_thread_blocked, id=21120, stack(0x000000a143900000,0x000000a143a00000) (1024K)]
  0x000001a6d331d2f0 JavaThread "Daemon client event forwarder"        [_thread_blocked, id=12512, stack(0x000000a144000000,0x000000a144100000) (1024K)]
  0x000001a6d331d980 JavaThread "Cache worker for file hash cache (C:\Users\Suet Jin\.arduinoIDE\MyUCLN\.gradle\9.3.1\fileHashes)"        [_thread_blocked, id=4356, stack(0x000000a144100000,0x000000a144200000) (1024K)]
  0x000001a6d331e010 JavaThread "Cache worker for Build Output Cleanup Cache (C:\Users\Suet Jin\.arduinoIDE\MyUCLN\.gradle\buildOutputCleanup)"        [_thread_blocked, id=11700, stack(0x000000a144200000,0x000000a144300000) (1024K)]
  0x000001a6d331ab90 JavaThread "Cache worker for checksums cache (C:\Users\Suet Jin\.arduinoIDE\MyUCLN\.gradle\9.3.1\checksums)"        [_thread_blocked, id=12132, stack(0x000000a144300000,0x000000a144400000) (1024K)]
  0x000001a6d268e0e0 JavaThread "Cache worker for cache directory md-supplier (C:\Users\Suet Jin\.gradle\caches\9.3.1\md-supplier)"        [_thread_blocked, id=19820, stack(0x000000a144400000,0x000000a144500000) (1024K)]
  0x000001a6d268e770 JavaThread "Cache worker for cache directory md-rule (C:\Users\Suet Jin\.gradle\caches\9.3.1\md-rule)"        [_thread_blocked, id=7460, stack(0x000000a144800000,0x000000a144900000) (1024K)]
  0x000001a6d3e60010 JavaThread "Unconstrained build operations"        [_thread_blocked, id=14428, stack(0x000000a144900000,0x000000a144a00000) (1024K)]
  0x000001a6d3e620e0 JavaThread "Unconstrained build operations Thread 2"        [_thread_blocked, id=10264, stack(0x000000a145800000,0x000000a145900000) (1024K)]
  0x000001a6d3e62770 JavaThread "Unconstrained build operations Thread 3"        [_thread_blocked, id=11084, stack(0x000000a145a00000,0x000000a145b00000) (1024K)]
  0x000001a6d3e62e00 JavaThread "Unconstrained build operations Thread 4"        [_thread_blocked, id=21344, stack(0x000000a145b00000,0x000000a145c00000) (1024K)]
  0x000001a6d3e606a0 JavaThread "Unconstrained build operations Thread 5"        [_thread_blocked, id=19604, stack(0x000000a145c00000,0x000000a145d00000) (1024K)]
  0x000001a6d3e60d30 JavaThread "Unconstrained build operations Thread 6"        [_thread_blocked, id=2964, stack(0x000000a145d00000,0x000000a145e00000) (1024K)]
  0x000001a6d3e61a50 JavaThread "Unconstrained build operations Thread 7"        [_thread_blocked, id=13788, stack(0x000000a145e00000,0x000000a145f00000) (1024K)]
  0x000001a6cfd95040 JavaThread "Unconstrained build operations Thread 8"        [_thread_blocked, id=12880, stack(0x000000a145f00000,0x000000a146000000) (1024K)]
  0x000001a6cfd95d60 JavaThread "Unconstrained build operations Thread 9"        [_thread_blocked, id=19044, stack(0x000000a146000000,0x000000a146100000) (1024K)]
  0x000001a6cfd963f0 JavaThread "Unconstrained build operations Thread 10"        [_thread_blocked, id=8808, stack(0x000000a146100000,0x000000a146200000) (1024K)]
  0x000001a6cfd96a80 JavaThread "Unconstrained build operations Thread 11"        [_thread_blocked, id=6708, stack(0x000000a146200000,0x000000a146300000) (1024K)]
  0x000001a6d268ee00 JavaThread "Unconstrained build operations Thread 12"        [_thread_blocked, id=12776, stack(0x000000a146300000,0x000000a146400000) (1024K)]
  0x000001a6d268f490 JavaThread "Unconstrained build operations Thread 13"        [_thread_blocked, id=380, stack(0x000000a146400000,0x000000a146500000) (1024K)]
  0x000001a6d268fb20 JavaThread "Unconstrained build operations Thread 14"        [_thread_blocked, id=17252, stack(0x000000a146500000,0x000000a146600000) (1024K)]
  0x000001a6d26901b0 JavaThread "Unconstrained build operations Thread 15"        [_thread_blocked, id=4752, stack(0x000000a146600000,0x000000a146700000) (1024K)]
  0x000001a6d268da50 JavaThread "Unconstrained build operations Thread 16"        [_thread_blocked, id=6924, stack(0x000000a146700000,0x000000a146800000) (1024K)]
  0x000001a6d268cd30 JavaThread "Unconstrained build operations Thread 17"        [_thread_blocked, id=5484, stack(0x000000a146800000,0x000000a146900000) (1024K)]
  0x000001a6d268d3c0 JavaThread "Unconstrained build operations Thread 18"        [_thread_blocked, id=9144, stack(0x000000a146900000,0x000000a146a00000) (1024K)]
  0x000001a6d11f35a0 JavaThread "Unconstrained build operations Thread 19"        [_thread_blocked, id=20304, stack(0x000000a146a00000,0x000000a146b00000) (1024K)]
  0x000001a6d11f3c30 JavaThread "Unconstrained build operations Thread 20"        [_thread_blocked, id=12908, stack(0x000000a146b00000,0x000000a146c00000) (1024K)]
  0x000001a6d11f2880 JavaThread "Unconstrained build operations Thread 21"        [_thread_blocked, id=16828, stack(0x000000a146c00000,0x000000a146d00000) (1024K)]
  0x000001a6d11f4950 JavaThread "Unconstrained build operations Thread 22"        [_thread_blocked, id=13552, stack(0x000000a146d00000,0x000000a146e00000) (1024K)]
  0x000001a6d11f5670 JavaThread "Unconstrained build operations Thread 23"        [_thread_blocked, id=6064, stack(0x000000a146e00000,0x000000a146f00000) (1024K)]
  0x000001a6d11f21f0 JavaThread "Unconstrained build operations Thread 24"        [_thread_blocked, id=2920, stack(0x000000a146f00000,0x000000a147000000) (1024K)]
  0x000001a6d39def70 JavaThread "Unconstrained build operations Thread 25"        [_thread_blocked, id=21276, stack(0x000000a147000000,0x000000a147100000) (1024K)]
  0x000001a6d39e0320 JavaThread "Unconstrained build operations Thread 26"        [_thread_blocked, id=16376, stack(0x000000a147100000,0x000000a147200000) (1024K)]
  0x000001a6d39df600 JavaThread "Unconstrained build operations Thread 27"        [_thread_blocked, id=5788, stack(0x000000a147200000,0x000000a147300000) (1024K)]
  0x000001a6d39de8e0 JavaThread "Unconstrained build operations Thread 28"        [_thread_blocked, id=14040, stack(0x000000a147300000,0x000000a147400000) (1024K)]
  0x000001a6d39dfc90 JavaThread "Unconstrained build operations Thread 29"        [_thread_blocked, id=4548, stack(0x000000a147400000,0x000000a147500000) (1024K)]
  0x000001a6d39de250 JavaThread "Unconstrained build operations Thread 30"        [_thread_blocked, id=20412, stack(0x000000a147500000,0x000000a147600000) (1024K)]
  0x000001a6d39dd530 JavaThread "Unconstrained build operations Thread 31"        [_thread_blocked, id=15572, stack(0x000000a147600000,0x000000a147700000) (1024K)]
  0x000001a6cff1dcf0 JavaThread "Unconstrained build operations Thread 32"        [_thread_blocked, id=7284, stack(0x000000a147700000,0x000000a147800000) (1024K)]
  0x000001a6cff1bc20 JavaThread "Unconstrained build operations Thread 33"        [_thread_blocked, id=10320, stack(0x000000a147800000,0x000000a147900000) (1024K)]
  0x000001a6cff1e380 JavaThread "Unconstrained build operations Thread 34"        [_thread_blocked, id=18528, stack(0x000000a147900000,0x000000a147a00000) (1024K)]
  0x000001a6cff1c940 JavaThread "Unconstrained build operations Thread 35"        [_thread_blocked, id=15264, stack(0x000000a147a00000,0x000000a147b00000) (1024K)]
  0x000001a6cfd97110 JavaThread "Unconstrained build operations Thread 36"        [_thread_blocked, id=3800, stack(0x000000a147b00000,0x000000a147c00000) (1024K)]
  0x000001a6cfd977a0 JavaThread "Unconstrained build operations Thread 37"        [_thread_blocked, id=5380, stack(0x000000a147c00000,0x000000a147d00000) (1024K)]
  0x000001a6d3414680 JavaThread "Unconstrained build operations Thread 38"        [_thread_blocked, id=4776, stack(0x000000a147d00000,0x000000a147e00000) (1024K)]
  0x000001a6d3411890 JavaThread "Unconstrained build operations Thread 39"        [_thread_blocked, id=1992, stack(0x000000a147e00000,0x000000a147f00000) (1024K)]
  0x000001a6d3412c40 JavaThread "Unconstrained build operations Thread 40"        [_thread_blocked, id=18768, stack(0x000000a147f00000,0x000000a148000000) (1024K)]
  0x000001a6d11f2f10 JavaThread "Unconstrained build operations Thread 41"        [_thread_blocked, id=5516, stack(0x000000a148000000,0x000000a148100000) (1024K)]
  0x000001a6d2f65c80 JavaThread "Unconstrained build operations Thread 42"        [_thread_blocked, id=8564, stack(0x000000a148100000,0x000000a148200000) (1024K)]
  0x000001a6cd750c90 JavaThread "Unconstrained build operations Thread 43"        [_thread_blocked, id=5892, stack(0x000000a148200000,0x000000a148300000) (1024K)]
  0x000001a6cd751320 JavaThread "Unconstrained build operations Thread 44"        [_thread_blocked, id=19632, stack(0x000000a148300000,0x000000a148400000) (1024K)]
  0x000001a6cd753a80 JavaThread "Unconstrained build operations Thread 45"        [_thread_blocked, id=13924, stack(0x000000a148400000,0x000000a148500000) (1024K)]
  0x000001a6cd754110 JavaThread "Unconstrained build operations Thread 46"        [_thread_blocked, id=19676, stack(0x000000a148500000,0x000000a148600000) (1024K)]
  0x000001a6cd7519b0 JavaThread "build event listener"              [_thread_blocked, id=3420, stack(0x000000a148600000,0x000000a148700000) (1024K)]
  0x000001a6cff1af00 JavaThread "build event listener"              [_thread_blocked, id=10764, stack(0x000000a148700000,0x000000a148800000) (1024K)]
  0x000001a6cff1b590 JavaThread "included builds"                   [_thread_blocked, id=2812, stack(0x000000a148800000,0x000000a148900000) (1024K)]
  0x000001a6d26aae10 JavaThread "Execution worker"                  [_thread_blocked, id=17988, stack(0x000000a148900000,0x000000a148a00000) (1024K)]
  0x000001a6d26aa0f0 JavaThread "Execution worker Thread 2"         [_thread_blocked, id=21328, stack(0x000000a148a00000,0x000000a148b00000) (1024K)]
  0x000001a6d26aa780 JavaThread "Execution worker Thread 3"         [_thread_blocked, id=13320, stack(0x000000a148b00000,0x000000a148c00000) (1024K)]
  0x000001a6d26ab4a0 JavaThread "Execution worker Thread 4"         [_thread_blocked, id=4216, stack(0x000000a148c00000,0x000000a148d00000) (1024K)]
  0x000001a6d26abb30 JavaThread "Execution worker Thread 5"         [_thread_blocked, id=4840, stack(0x000000a148d00000,0x000000a148e00000) (1024K)]
  0x000001a6d26ac1c0 JavaThread "Execution worker Thread 6"         [_thread_blocked, id=3304, stack(0x000000a148e00000,0x000000a148f00000) (1024K)]
  0x000001a6d3b96010 JavaThread "Execution worker Thread 7"         [_thread_blocked, id=2924, stack(0x000000a148f00000,0x000000a149000000) (1024K)]
  0x000001a6d43ca4e0 JavaThread "Execution worker Thread 8"         [_thread_blocked, id=7232, stack(0x000000a149000000,0x000000a149100000) (1024K)]
  0x000001a6d43c8410 JavaThread "Execution worker Thread 9"         [_thread_blocked, id=13108, stack(0x000000a149100000,0x000000a149200000) (1024K)]
  0x000001a6d43c9e50 JavaThread "Execution worker Thread 10"        [_thread_blocked, id=20968, stack(0x000000a149200000,0x000000a149300000) (1024K)]
  0x000001a6d43c8aa0 JavaThread "Execution worker Thread 11"        [_thread_blocked, id=19652, stack(0x000000a149300000,0x000000a149400000) (1024K)]
  0x000001a6cff1cfd0 JavaThread "Cache worker for execution history cache (C:\Users\Suet Jin\.arduinoIDE\MyUCLN\.gradle\9.3.1\executionHistory)"        [_thread_blocked, id=15924, stack(0x000000a149400000,0x000000a149500000) (1024K)]
  0x000001a6d39ce240 JavaThread "Unconstrained build operations Thread 47"        [_thread_blocked, id=21364, stack(0x000000a149500000,0x000000a149600000) (1024K)]
  0x000001a6d39cfc80 JavaThread "Unconstrained build operations Thread 48"        [_thread_blocked, id=8044, stack(0x000000a149600000,0x000000a149700000) (1024K)]
  0x000001a6d39ce8d0 JavaThread "Unconstrained build operations Thread 49"        [_thread_blocked, id=14192, stack(0x000000a149700000,0x000000a149800000) (1024K)]
  0x000001a6d39d0310 JavaThread "Unconstrained build operations Thread 50"        [_thread_blocked, id=15340, stack(0x000000a149800000,0x000000a149900000) (1024K)]
  0x000001a6d39cce90 JavaThread "Unconstrained build operations Thread 51"        [_thread_blocked, id=11828, stack(0x000000a149900000,0x000000a149a00000) (1024K)]
  0x000001a6d39cef60 JavaThread "Unconstrained build operations Thread 52"        [_thread_blocked, id=6308, stack(0x000000a149b00000,0x000000a149c00000) (1024K)]
  0x000001a6d39cf5f0 JavaThread "Unconstrained build operations Thread 53"        [_thread_blocked, id=13068, stack(0x000000a149c00000,0x000000a149d00000) (1024K)]
  0x000001a6d39d09a0 JavaThread "Unconstrained build operations Thread 54"        [_thread_blocked, id=12472, stack(0x000000a149d00000,0x000000a149e00000) (1024K)]
  0x000001a6d39cd520 JavaThread "Unconstrained build operations Thread 55"        [_thread_blocked, id=15012, stack(0x000000a149e00000,0x000000a149f00000) (1024K)]
  0x000001a6d9685c20 JavaThread "Unconstrained build operations Thread 56"        [_thread_blocked, id=13460, stack(0x000000a149f00000,0x000000a14a000000) (1024K)]
  0x000001a6d3b99490 JavaThread "Unconstrained build operations Thread 57"        [_thread_blocked, id=4404, stack(0x000000a14a000000,0x000000a14a100000) (1024K)]
  0x000001a6d9c93200 JavaThread "Unconstrained build operations Thread 58"        [_thread_blocked, id=7920, stack(0x000000a14a100000,0x000000a14a200000) (1024K)]
  0x000001a6d9c93890 JavaThread "Unconstrained build operations Thread 59"        [_thread_blocked, id=18080, stack(0x000000a14a200000,0x000000a14a300000) (1024K)]
  0x000001a6d9c917c0 JavaThread "Unconstrained build operations Thread 60"        [_thread_blocked, id=12128, stack(0x000000a14a300000,0x000000a14a400000) (1024K)]
  0x000001a6d9c90aa0 JavaThread "Unconstrained build operations Thread 61"        [_thread_blocked, id=19428, stack(0x000000a14a400000,0x000000a14a500000) (1024K)]
  0x000001a6d96834c0 JavaThread "Unconstrained build operations Thread 62"        [_thread_blocked, id=17316, stack(0x000000a14a500000,0x000000a14a600000) (1024K)]
  0x000001a6d9683b50 JavaThread "Unconstrained build operations Thread 63"        [_thread_blocked, id=19592, stack(0x000000a14a600000,0x000000a14a700000) (1024K)]
  0x000001a6d96862b0 JavaThread "Unconstrained build operations Thread 64"        [_thread_blocked, id=21052, stack(0x000000a14a700000,0x000000a14a800000) (1024K)]
  0x000001a6d9684870 JavaThread "Unconstrained build operations Thread 65"        [_thread_blocked, id=14936, stack(0x000000a14a800000,0x000000a14a900000) (1024K)]
  0x000001a6d9684f00 JavaThread "Unconstrained build operations Thread 66"        [_thread_blocked, id=5860, stack(0x000000a14a900000,0x000000a14aa00000) (1024K)]
  0x000001a6d49f7ee0 JavaThread "Unconstrained build operations Thread 67"        [_thread_blocked, id=20644, stack(0x000000a14aa00000,0x000000a14ab00000) (1024K)]
  0x000001a6d49f8570 JavaThread "Unconstrained build operations Thread 68"        [_thread_blocked, id=4236, stack(0x000000a14ab00000,0x000000a14ac00000) (1024K)]
  0x000001a6d39d1030 JavaThread "Unconstrained build operations Thread 69"        [_thread_blocked, id=10180, stack(0x000000a14ac00000,0x000000a14ad00000) (1024K)]
  0x000001a6d39cdbb0 JavaThread "Unconstrained build operations Thread 70"        [_thread_blocked, id=11992, stack(0x000000a14ad00000,0x000000a14ae00000) (1024K)]
  0x000001a6d39d3100 JavaThread "Unconstrained build operations Thread 71"        [_thread_blocked, id=5540, stack(0x000000a14ae00000,0x000000a14af00000) (1024K)]
  0x000001a6d39d51d0 JavaThread "Unconstrained build operations Thread 72"        [_thread_blocked, id=14820, stack(0x000000a14af00000,0x000000a14b000000) (1024K)]
  0x000001a6d39d4b40 JavaThread "Unconstrained build operations Thread 73"        [_thread_blocked, id=12544, stack(0x000000a14b000000,0x000000a14b100000) (1024K)]
  0x000001a6d39d23e0 JavaThread "Unconstrained build operations Thread 74"        [_thread_blocked, id=17760, stack(0x000000a14b100000,0x000000a14b200000) (1024K)]
  0x000001a6d39d5ef0 JavaThread "Unconstrained build operations Thread 75"        [_thread_blocked, id=14284, stack(0x000000a14b200000,0x000000a14b300000) (1024K)]
  0x000001a6d39d3790 JavaThread "Unconstrained build operations Thread 76"        [_thread_blocked, id=9596, stack(0x000000a14b300000,0x000000a14b400000) (1024K)]
  0x000001a6d39da720 JavaThread "Unconstrained build operations Thread 77"        [_thread_blocked, id=9288, stack(0x000000a14b400000,0x000000a14b500000) (1024K)]
  0x000001a6d39d7fc0 JavaThread "Unconstrained build operations Thread 78"        [_thread_blocked, id=16936, stack(0x000000a14b500000,0x000000a14b600000) (1024K)]
  0x000001a6d39d9a00 JavaThread "Unconstrained build operations Thread 79"        [_thread_blocked, id=16540, stack(0x000000a14b600000,0x000000a14b700000) (1024K)]
  0x000001a6d39dbad0 JavaThread "Unconstrained build operations Thread 80"        [_thread_blocked, id=17644, stack(0x000000a14b700000,0x000000a14b800000) (1024K)]
  0x000001a6d39dadb0 JavaThread "Unconstrained build operations Thread 81"        [_thread_blocked, id=19916, stack(0x000000a14b800000,0x000000a14b900000) (1024K)]
  0x000001a6d39da090 JavaThread "Unconstrained build operations Thread 82"        [_thread_blocked, id=15432, stack(0x000000a14b900000,0x000000a14ba00000) (1024K)]
  0x000001a6d39db440 JavaThread "Unconstrained build operations Thread 83"        [_thread_blocked, id=20688, stack(0x000000a14ba00000,0x000000a14bb00000) (1024K)]
  0x000001a6d39dc160 JavaThread "Unconstrained build operations Thread 84"        [_thread_blocked, id=19280, stack(0x000000a14bb00000,0x000000a14bc00000) (1024K)]
  0x000001a6d39d8ce0 JavaThread "Unconstrained build operations Thread 85"        [_thread_blocked, id=21148, stack(0x000000a14bc00000,0x000000a14bd00000) (1024K)]
  0x000001a6d0ded8b0 JavaThread "Unconstrained build operations Thread 86"        [_thread_blocked, id=2580, stack(0x000000a14bd00000,0x000000a14be00000) (1024K)]
  0x000001a6d0def2f0 JavaThread "Unconstrained build operations Thread 87"        [_thread_blocked, id=3624, stack(0x000000a14be00000,0x000000a14bf00000) (1024K)]
  0x000001a6d0df13c0 JavaThread "Unconstrained build operations Thread 88"        [_thread_blocked, id=11080, stack(0x000000a14bf00000,0x000000a14c000000) (1024K)]
  0x000001a6d0dedf40 JavaThread "Unconstrained build operations Thread 89"        [_thread_blocked, id=7992, stack(0x000000a14c000000,0x000000a14c100000) (1024K)]
  0x000001a6cd752040 JavaThread "WorkerExecutor Queue"              [_thread_blocked, id=10596, stack(0x000000a14c200000,0x000000a14c300000) (1024K)]
  0x000001a6d0df0010 JavaThread "Unconstrained build operations Thread 90"        [_thread_blocked, id=6688, stack(0x000000a14c300000,0x000000a14c400000) (1024K)]
  0x000001a6d0df06a0 JavaThread "Unconstrained build operations Thread 91"        [_thread_blocked, id=19400, stack(0x000000a14c400000,0x000000a14c500000) (1024K)]
  0x000001a6d0df1a50 JavaThread "Unconstrained build operations Thread 92"        [_thread_blocked, id=11876, stack(0x000000a14c500000,0x000000a14c600000) (1024K)]
  0x000001a6d96841e0 JavaThread "Unconstrained build operations Thread 93"        [_thread_blocked, id=20256, stack(0x000000a14c600000,0x000000a14c700000) (1024K)]
  0x000001a6d9682e30 JavaThread "Unconstrained build operations Thread 94"        [_thread_blocked, id=4472, stack(0x000000a14c700000,0x000000a14c800000) (1024K)]
  0x000001a6d9685590 JavaThread "Unconstrained build operations Thread 95"        [_thread_blocked, id=7584, stack(0x000000a14c800000,0x000000a14c900000) (1024K)]
  0x000001a6c7931f40 JavaThread "Unconstrained build operations Thread 96"        [_thread_blocked, id=364, stack(0x000000a14c900000,0x000000a14ca00000) (1024K)]
  0x000001a6d0dee5d0 JavaThread "RMI RenewClean-[127.0.0.1:17495,org.jetbrains.kotlin.daemon.common.LoopbackNetworkInterface$ClientLoopbackSocketFactory@b88d0bb]" daemon [_thread_blocked, id=4896, stack(0x000000a14ca00000,0x000000a14cb00000) (1024K)]
  0x000001a6d0df20e0 JavaThread "RMI GC Daemon"              daemon [_thread_blocked, id=11892, stack(0x000000a14cc00000,0x000000a14cd00000) (1024K)]
  0x000001a6d0df2770 JavaThread "RMI Reaper"                        [_thread_blocked, id=19920, stack(0x000000a14cd00000,0x000000a14ce00000) (1024K)]
  0x000001a6cfd94320 JavaThread "Build operations"                  [_thread_blocked, id=1328, stack(0x000000a14cf00000,0x000000a14d000000) (1024K)]
  0x000001a6cfd949b0 JavaThread "Build operations Thread 2"         [_thread_blocked, id=14924, stack(0x000000a14d000000,0x000000a14d100000) (1024K)]
  0x000001a6d43c7d80 JavaThread "Build operations Thread 3"         [_thread_blocked, id=20704, stack(0x000000a14d100000,0x000000a14d200000) (1024K)]
  0x000001a6d43c7060 JavaThread "Build operations Thread 4"         [_thread_blocked, id=11400, stack(0x000000a14d200000,0x000000a14d300000) (1024K)]
  0x000001a6d43c76f0 JavaThread "Build operations Thread 5"         [_thread_blocked, id=8580, stack(0x000000a14d300000,0x000000a14d400000) (1024K)]
  0x000001a6d43c9130 JavaThread "Build operations Thread 6"         [_thread_blocked, id=1072, stack(0x000000a14d400000,0x000000a14d500000) (1024K)]
  0x000001a6d2f64240 JavaThread "Build operations Thread 7"         [_thread_blocked, id=11240, stack(0x000000a14d500000,0x000000a14d600000) (1024K)]
  0x000001a6d2f67030 JavaThread "Build operations Thread 8"         [_thread_blocked, id=16876, stack(0x000000a14d600000,0x000000a14d700000) (1024K)]
  0x000001a6d9a49490 JavaThread "Build operations Thread 9"         [_thread_blocked, id=18408, stack(0x000000a14d700000,0x000000a14d800000) (1024K)]
  0x000001a6d9a48770 JavaThread "Build operations Thread 10"        [_thread_blocked, id=7128, stack(0x000000a14d800000,0x000000a14d900000) (1024K)]
  0x000001a6d9a473c0 JavaThread "Build operations Thread 11"        [_thread_blocked, id=3524, stack(0x000000a14d900000,0x000000a14da00000) (1024K)]
  0x000001a6d9a480e0 JavaThread "WorkerExecutor Queue Thread 2"        [_thread_blocked, id=1404, stack(0x000000a14da00000,0x000000a14db00000) (1024K)]
  0x000001a6d9a466a0 JavaThread "WorkerExecutor Queue Thread 3"        [_thread_blocked, id=15840, stack(0x000000a14db00000,0x000000a14dc00000) (1024K)]
  0x000001a6da470ab0 JavaThread "WorkerExecutor Queue Thread 4"        [_thread_blocked, id=12016, stack(0x000000a14dc00000,0x000000a14dd00000) (1024K)]
  0x000001a6da471140 JavaThread "WorkerExecutor Queue Thread 5"        [_thread_blocked, id=14584, stack(0x000000a14dd00000,0x000000a14de00000) (1024K)]
  0x000001a6da4717d0 JavaThread "WorkerExecutor Queue Thread 6"        [_thread_blocked, id=8012, stack(0x000000a14de00000,0x000000a14df00000) (1024K)]
  0x000001a6da46f700 JavaThread "WorkerExecutor Queue Thread 7"        [_thread_blocked, id=8840, stack(0x000000a14df00000,0x000000a14e000000) (1024K)]
  0x000001a6da471e60 JavaThread "WorkerExecutor Queue Thread 8"        [_thread_blocked, id=17656, stack(0x000000a14e000000,0x000000a14e100000) (1024K)]
  0x000001a6da46f070 JavaThread "WorkerExecutor Queue Thread 9"        [_thread_blocked, id=15524, stack(0x000000a14e100000,0x000000a14e200000) (1024K)]
  0x000001a6da4724f0 JavaThread "WorkerExecutor Queue Thread 10"        [_thread_blocked, id=16700, stack(0x000000a14e200000,0x000000a14e300000) (1024K)]
  0x000001a6da470420 JavaThread "WorkerExecutor Queue Thread 11"        [_thread_blocked, id=8876, stack(0x000000a14e300000,0x000000a14e400000) (1024K)]
  0x000001a6da46fd90 JavaThread "WorkerExecutor Queue Thread 12"        [_thread_blocked, id=4420, stack(0x000000a14e400000,0x000000a14e500000) (1024K)]
  0x000001a6c766f450 JavaThread "ForkJoinPool.commonPool-worker-100" daemon [_thread_blocked, id=18968, stack(0x000000a14e600000,0x000000a14e700000) (1024K)]
  0x000001a6c766e0a0 JavaThread "ForkJoinPool.commonPool-worker-101" daemon [_thread_blocked, id=13456, stack(0x000000a14e700000,0x000000a14e800000) (1024K)]
  0x000001a6c79325d0 JavaThread "ForkJoinPool.commonPool-worker-102" daemon [_thread_blocked, id=17616, stack(0x000000a14e800000,0x000000a14e900000) (1024K)]
  0x000001a6d2f648d0 JavaThread "ForkJoinPool.commonPool-worker-103" daemon [_thread_blocked, id=10116, stack(0x000000a14e900000,0x000000a14ea00000) (1024K)]
  0x000001a6d49f7850 JavaThread "ForkJoinPool.commonPool-worker-104" daemon [_thread_blocked, id=11136, stack(0x000000a14ea00000,0x000000a14eb00000) (1024K)]
=>0x000001a6d49f6b30 JavaThread "ForkJoinPool.commonPool-worker-105" daemon [_thread_in_vm, id=7012, stack(0x000000a14eb00000,0x000000a14ec00000) (1024K)]
  0x000001a6d0df2e00 JavaThread "ForkJoinPool.commonPool-worker-106" daemon [_thread_blocked, id=19108, stack(0x000000a14ec00000,0x000000a14ed00000) (1024K)]
  0x000001a6d3b966a0 JavaThread "ForkJoinPool.commonPool-worker-107" daemon [_thread_blocked, id=12872, stack(0x000000a14ed00000,0x000000a14ee00000) (1024K)]
  0x000001a6d3b980e0 JavaThread "ForkJoinPool.commonPool-worker-108" daemon [_thread_blocked, id=15636, stack(0x000000a14ee00000,0x000000a14ef00000) (1024K)]
  0x000001a6d9c90410 JavaThread "ForkJoinPool.commonPool-worker-109" daemon [_thread_blocked, id=20128, stack(0x000000a14ef00000,0x000000a14f000000) (1024K)]
  0x000001a6da72f000 JavaThread "ForkJoinPool.commonPool-worker-110" daemon [_thread_blocked, id=8588, stack(0x000000a14f000000,0x000000a14f100000) (1024K)]
Total: 197

Other Threads:
  0x000001a6c70a93c0 VMThread "VM Thread"                           [id=15220, stack(0x000000a142300000,0x000000a142400000) (1024K)] _threads_hazard_ptr=0x000001a6d1cfd8a0
  0x000001a6c7066da0 WatcherThread "VM Periodic Task Thread"        [id=4760, stack(0x000000a142200000,0x000000a142300000) (1024K)]
  0x000001a6af5d60f0 WorkerThread "GC Thread#0"                     [id=14900, stack(0x000000a141d00000,0x000000a141e00000) (1024K)]
  0x000001a6c78ad490 WorkerThread "GC Thread#1"                     [id=14252, stack(0x000000a142f00000,0x000000a143000000) (1024K)]
  0x000001a6c78a31d0 WorkerThread "GC Thread#2"                     [id=3948, stack(0x000000a143000000,0x000000a143100000) (1024K)]
  0x000001a6cc2be320 WorkerThread "GC Thread#3"                     [id=5852, stack(0x000000a143200000,0x000000a143300000) (1024K)]
  0x000001a6cc2be6d0 WorkerThread "GC Thread#4"                     [id=5744, stack(0x000000a143300000,0x000000a143400000) (1024K)]
  0x000001a6ccf49ca0 WorkerThread "GC Thread#5"                     [id=1740, stack(0x000000a143400000,0x000000a143500000) (1024K)]
  0x000001a6ccba1750 WorkerThread "GC Thread#6"                     [id=1972, stack(0x000000a143a00000,0x000000a143b00000) (1024K)]
  0x000001a6ccba1b00 WorkerThread "GC Thread#7"                     [id=5672, stack(0x000000a143b00000,0x000000a143c00000) (1024K)]
  0x000001a6ccba29c0 WorkerThread "GC Thread#8"                     [id=13880, stack(0x000000a143c00000,0x000000a143d00000) (1024K)]
  0x000001a6ccba1eb0 WorkerThread "GC Thread#9"                     [id=21016, stack(0x000000a143d00000,0x000000a143e00000) (1024K)]
  0x000001a6af5e8000 ConcurrentGCThread "G1 Main Marker"            [id=7672, stack(0x000000a141e00000,0x000000a141f00000) (1024K)]
  0x000001a6af5e8a20 WorkerThread "G1 Conc#0"                       [id=9016, stack(0x000000a141f00000,0x000000a142000000) (1024K)]
  0x000001a6ccba3120 WorkerThread "G1 Conc#1"                       [id=3508, stack(0x000000a143e00000,0x000000a143f00000) (1024K)]
  0x000001a6ccba2d70 WorkerThread "G1 Conc#2"                       [id=16536, stack(0x000000a143f00000,0x000000a144000000) (1024K)]
  0x000001a6c6f3a1e0 ConcurrentGCThread "G1 Refine#0"               [id=13452, stack(0x000000a142000000,0x000000a142100000) (1024K)]
  0x000001a6c6f3ca20 ConcurrentGCThread "G1 Service"                [id=18500, stack(0x000000a142100000,0x000000a142200000) (1024K)]
Total: 18

Threads with active compile tasks:
Total: 0

VM state: synchronizing (normal execution)

VM Mutex/Monitor currently owned by a thread:  ([mutex/lock_event])
[0x00007ffb86b486d0] Threads_lock - owner thread: 0x000001a6c70a93c0
[0x00007ffb86b487d0] Heap_lock - owner thread: 0x000001a6d49f6b30

Heap address: 0x0000000080000000, size: 2048 MB, Compressed Oops mode: 32-bit

CDS archive(s) not mapped
Compressed class space mapped at: 0x0000000100000000-0x0000000140000000, reserved size: 1073741824
Narrow klass base: 0x0000000000000000, Narrow klass shift: 3, Narrow klass range: 0x140000000

GC Precious Log:
 CardTable entry size: 512
 Card Set container configuration: InlinePtr #cards 5 size 8 Array Of Cards #cards 12 size 40 Howl #buckets 4 coarsen threshold 1843 Howl Bitmap #cards 512 size 80 coarsen threshold 460 Card regions per heap region 1 cards per card region 2048
 CPUs: 12 total, 12 available
 Memory: 7365M
 Large Page Support: Disabled
 NUMA Support: Disabled
 Compressed Oops: Enabled (32-bit)
 Heap Region Size: 1M
 Heap Min Capacity: 8M
 Heap Initial Capacity: 116M
 Heap Max Capacity: 2G
 Pre-touch: Disabled
 Parallel Workers: 10
 Concurrent Workers: 3
 Concurrent Refinement Workers: 10
 Periodic GC: Disabled

Heap:
 garbage-first heap   total 1234944K, used 1227814K [0x0000000080000000, 0x0000000100000000)
  region size 1024K, 149 young (152576K), 9 survivors (9216K)
 Metaspace       used 195613K, committed 197632K, reserved 1245184K
  class space    used 26213K, committed 27200K, reserved 1048576K

Heap Regions: E=young(eden), S=young(survivor), O=old, HS=humongous(starts), HC=humongous(continues), CS=collection set, F=free, TAMS=top-at-mark-start, PB=parsable bottom
|   0|0x0000000080000000, 0x0000000080100000, 0x0000000080100000|100%|HS|  |TAMS 0x0000000080000000| PB 0x0000000080000000| Complete 
|   1|0x0000000080100000, 0x0000000080200000, 0x0000000080200000|100%|HC|  |TAMS 0x0000000080100000| PB 0x0000000080100000| Complete 
|   2|0x0000000080200000, 0x0000000080300000, 0x0000000080300000|100%|HC|  |TAMS 0x0000000080200000| PB 0x0000000080200000| Complete 
|   3|0x0000000080300000, 0x0000000080400000, 0x0000000080400000|100%|HC|  |TAMS 0x0000000080300000| PB 0x0000000080300000| Complete 
|   4|0x0000000080400000, 0x00000000804feb90, 0x0000000080500000| 99%| O|  |TAMS 0x0000000080400000| PB 0x0000000080400000| Untracked 
|   5|0x0000000080500000, 0x00000000805ffff0, 0x0000000080600000| 99%| O|  |TAMS 0x0000000080500000| PB 0x0000000080500000| Untracked 
|   6|0x0000000080600000, 0x00000000806ff3f8, 0x0000000080700000| 99%| O|  |TAMS 0x0000000080600000| PB 0x0000000080600000| Untracked 
|   7|0x0000000080700000, 0x0000000080800000, 0x0000000080800000|100%|HS|  |TAMS 0x0000000080700000| PB 0x0000000080700000| Complete 
|   8|0x0000000080800000, 0x00000000808fffd0, 0x0000000080900000| 99%| O|  |TAMS 0x0000000080800000| PB 0x0000000080800000| Untracked 
|   9|0x0000000080900000, 0x0000000080a00000, 0x0000000080a00000|100%| O|  |TAMS 0x0000000080900000| PB 0x0000000080900000| Untracked 
|  10|0x0000000080a00000, 0x0000000080b00000, 0x0000000080b00000|100%| O|  |TAMS 0x0000000080a00000| PB 0x0000000080a00000| Untracked 
|  11|0x0000000080b00000, 0x0000000080c00000, 0x0000000080c00000|100%| O|  |TAMS 0x0000000080b00000| PB 0x0000000080b00000| Untracked 
|  12|0x0000000080c00000, 0x0000000080cffff8, 0x0000000080d00000| 99%| O|  |TAMS 0x0000000080c00000| PB 0x0000000080c00000| Untracked 
|  13|0x0000000080d00000, 0x0000000080dffff0, 0x0000000080e00000| 99%| O|  |TAMS 0x0000000080d00000| PB 0x0000000080d00000| Untracked 
|  14|0x0000000080e00000, 0x0000000080effff0, 0x0000000080f00000| 99%| O|  |TAMS 0x0000000080e00000| PB 0x0000000080e00000| Untracked 
|  15|0x0000000080f00000, 0x0000000080fe6068, 0x0000000081000000| 89%| O|  |TAMS 0x0000000080f00000| PB 0x0000000080f00000| Untracked 
|  16|0x0000000081000000, 0x00000000810fb8b8, 0x0000000081100000| 98%| O|  |TAMS 0x0000000081000000| PB 0x0000000081000000| Untracked 
|  17|0x0000000081100000, 0x00000000811aabd8, 0x0000000081200000| 66%| O|  |TAMS 0x0000000081100000| PB 0x0000000081100000| Untracked 
|  18|0x0000000081200000, 0x00000000812ed0a0, 0x0000000081300000| 92%| O|  |TAMS 0x0000000081200000| PB 0x0000000081200000| Untracked 
|  19|0x0000000081300000, 0x00000000813d4900, 0x0000000081400000| 83%| O|  |TAMS 0x0000000081300000| PB 0x0000000081300000| Untracked 
|  20|0x0000000081400000, 0x00000000814c62a0, 0x0000000081500000| 77%| O|  |TAMS 0x0000000081400000| PB 0x0000000081400000| Untracked 
|  21|0x0000000081500000, 0x0000000081600000, 0x0000000081600000|100%| O|  |TAMS 0x0000000081500000| PB 0x0000000081500000| Untracked 
|  22|0x0000000081600000, 0x0000000081700000, 0x0000000081700000|100%| O|  |TAMS 0x0000000081600000| PB 0x0000000081600000| Untracked 
|  23|0x0000000081700000, 0x00000000817fffe8, 0x0000000081800000| 99%| O|  |TAMS 0x0000000081700000| PB 0x0000000081700000| Untracked 
|  24|0x0000000081800000, 0x0000000081900000, 0x0000000081900000|100%|HS|  |TAMS 0x0000000081800000| PB 0x0000000081800000| Complete 
|  25|0x0000000081900000, 0x0000000081a00000, 0x0000000081a00000|100%|HC|  |TAMS 0x0000000081900000| PB 0x0000000081900000| Complete 
|  26|0x0000000081a00000, 0x0000000081b00000, 0x0000000081b00000|100%|HC|  |TAMS 0x0000000081a00000| PB 0x0000000081a00000| Complete 
|  27|0x0000000081b00000, 0x0000000081c00000, 0x0000000081c00000|100%|HC|  |TAMS 0x0000000081b00000| PB 0x0000000081b00000| Complete 
|  28|0x0000000081c00000, 0x0000000081d00000, 0x0000000081d00000|100%|HC|  |TAMS 0x0000000081c00000| PB 0x0000000081c00000| Complete 
|  29|0x0000000081d00000, 0x0000000081e00000, 0x0000000081e00000|100%|HC|  |TAMS 0x0000000081d00000| PB 0x0000000081d00000| Complete 
|  30|0x0000000081e00000, 0x0000000081f00000, 0x0000000081f00000|100%|HS|  |TAMS 0x0000000081e00000| PB 0x0000000081e00000| Complete 
|  31|0x0000000081f00000, 0x0000000082000000, 0x0000000082000000|100%|HS|  |TAMS 0x0000000081f00000| PB 0x0000000081f00000| Complete 
|  32|0x0000000082000000, 0x0000000082100000, 0x0000000082100000|100%|HS|  |TAMS 0x0000000082000000| PB 0x0000000082000000| Complete 
|  33|0x0000000082100000, 0x0000000082200000, 0x0000000082200000|100%|HC|  |TAMS 0x0000000082100000| PB 0x0000000082100000| Complete 
|  34|0x0000000082200000, 0x0000000082300000, 0x0000000082300000|100%|HC|  |TAMS 0x0000000082200000| PB 0x0000000082200000| Complete 
|  35|0x0000000082300000, 0x0000000082400000, 0x0000000082400000|100%|HC|  |TAMS 0x0000000082300000| PB 0x0000000082300000| Complete 
|  36|0x0000000082400000, 0x0000000082500000, 0x0000000082500000|100%|HC|  |TAMS 0x0000000082400000| PB 0x0000000082400000| Complete 
|  37|0x0000000082500000, 0x0000000082600000, 0x0000000082600000|100%|HC|  |TAMS 0x0000000082500000| PB 0x0000000082500000| Complete 
|  38|0x0000000082600000, 0x0000000082700000, 0x0000000082700000|100%|HS|  |TAMS 0x0000000082600000| PB 0x0000000082600000| Complete 
|  39|0x0000000082700000, 0x0000000082800000, 0x0000000082800000|100%|HS|  |TAMS 0x0000000082700000| PB 0x0000000082700000| Complete 
|  40|0x0000000082800000, 0x00000000828ffff0, 0x0000000082900000| 99%| O|  |TAMS 0x0000000082800000| PB 0x0000000082800000| Untracked 
|  41|0x0000000082900000, 0x0000000082a00000, 0x0000000082a00000|100%| O|  |TAMS 0x0000000082900000| PB 0x0000000082900000| Untracked 
|  42|0x0000000082a00000, 0x0000000082afffd8, 0x0000000082b00000| 99%| O|  |TAMS 0x0000000082a00000| PB 0x0000000082a00000| Untracked 
|  43|0x0000000082b00000, 0x0000000082bfff68, 0x0000000082c00000| 99%| O|  |TAMS 0x0000000082b00000| PB 0x0000000082b00000| Untracked 
|  44|0x0000000082c00000, 0x0000000082cff7e8, 0x0000000082d00000| 99%| O|  |TAMS 0x0000000082c00000| PB 0x0000000082c00000| Untracked 
|  45|0x0000000082d00000, 0x0000000082e00000, 0x0000000082e00000|100%| O|  |TAMS 0x0000000082d00000| PB 0x0000000082d00000| Untracked 
|  46|0x0000000082e00000, 0x0000000082efb060, 0x0000000082f00000| 98%| O|  |TAMS 0x0000000082e00000| PB 0x0000000082e00000| Untracked 
|  47|0x0000000082f00000, 0x0000000082ffffc0, 0x0000000083000000| 99%| O|  |TAMS 0x0000000082f00000| PB 0x0000000082f00000| Untracked 
|  48|0x0000000083000000, 0x00000000830ffff8, 0x0000000083100000| 99%| O|  |TAMS 0x0000000083000000| PB 0x0000000083000000| Untracked 
|  49|0x0000000083100000, 0x0000000083200000, 0x0000000083200000|100%| O|  |TAMS 0x0000000083100000| PB 0x0000000083100000| Untracked 
|  50|0x0000000083200000, 0x00000000832f6df8, 0x0000000083300000| 96%| O|  |TAMS 0x0000000083200000| PB 0x0000000083200000| Untracked 
|  51|0x0000000083300000, 0x00000000833ffff8, 0x0000000083400000| 99%| O|  |TAMS 0x0000000083300000| PB 0x0000000083300000| Untracked 
|  52|0x0000000083400000, 0x00000000834fffa8, 0x0000000083500000| 99%| O|  |TAMS 0x0000000083400000| PB 0x0000000083400000| Untracked 
|  53|0x0000000083500000, 0x00000000835ffff8, 0x0000000083600000| 99%| O|  |TAMS 0x0000000083500000| PB 0x0000000083500000| Untracked 
|  54|0x0000000083600000, 0x00000000836ffff8, 0x0000000083700000| 99%| O|  |TAMS 0x0000000083600000| PB 0x0000000083600000| Untracked 
|  55|0x0000000083700000, 0x00000000837ffff8, 0x0000000083800000| 99%| O|  |TAMS 0x0000000083700000| PB 0x0000000083700000| Untracked 
|  56|0x0000000083800000, 0x0000000083900000, 0x0000000083900000|100%| O|  |TAMS 0x0000000083800000| PB 0x0000000083800000| Untracked 
|  57|0x0000000083900000, 0x00000000839fffc0, 0x0000000083a00000| 99%| O|  |TAMS 0x0000000083900000| PB 0x0000000083900000| Untracked 
|  58|0x0000000083a00000, 0x0000000083aff0c8, 0x0000000083b00000| 99%| O|  |TAMS 0x0000000083a00000| PB 0x0000000083a00000| Untracked 
|  59|0x0000000083b00000, 0x0000000083bfff98, 0x0000000083c00000| 99%| O|  |TAMS 0x0000000083b00000| PB 0x0000000083b00000| Untracked 
|  60|0x0000000083c00000, 0x0000000083cfffd8, 0x0000000083d00000| 99%| O|  |TAMS 0x0000000083c00000| PB 0x0000000083c00000| Untracked 
|  61|0x0000000083d00000, 0x0000000083dffa30, 0x0000000083e00000| 99%| O|  |TAMS 0x0000000083d00000| PB 0x0000000083d00000| Untracked 
|  62|0x0000000083e00000, 0x0000000083eeef50, 0x0000000083f00000| 93%| O|  |TAMS 0x0000000083e00000| PB 0x0000000083e00000| Untracked 
|  63|0x0000000083f00000, 0x0000000084000000, 0x0000000084000000|100%|HS|  |TAMS 0x0000000083f00000| PB 0x0000000083f00000| Complete 
|  64|0x0000000084000000, 0x00000000840ffff8, 0x0000000084100000| 99%| O|  |TAMS 0x0000000084000000| PB 0x0000000084000000| Untracked 
|  65|0x0000000084100000, 0x00000000841fffe0, 0x0000000084200000| 99%| O|  |TAMS 0x0000000084100000| PB 0x0000000084100000| Untracked 
|  66|0x0000000084200000, 0x00000000842f7f10, 0x0000000084300000| 96%| O|  |TAMS 0x0000000084200000| PB 0x0000000084200000| Untracked 
|  67|0x0000000084300000, 0x00000000843fffc0, 0x0000000084400000| 99%| O|  |TAMS 0x0000000084300000| PB 0x0000000084300000| Untracked 
|  68|0x0000000084400000, 0x00000000844fffe8, 0x0000000084500000| 99%| O|  |TAMS 0x0000000084400000| PB 0x0000000084400000| Untracked 
|  69|0x0000000084500000, 0x0000000084600000, 0x0000000084600000|100%| O|  |TAMS 0x0000000084500000| PB 0x0000000084500000| Untracked 
|  70|0x0000000084600000, 0x0000000084700000, 0x0000000084700000|100%|HS|  |TAMS 0x0000000084600000| PB 0x0000000084600000| Complete 
|  71|0x0000000084700000, 0x00000000847fffb0, 0x0000000084800000| 99%| O|  |TAMS 0x0000000084700000| PB 0x0000000084700000| Untracked 
|  72|0x0000000084800000, 0x00000000848f8f78, 0x0000000084900000| 97%| O|  |TAMS 0x0000000084800000| PB 0x0000000084800000| Untracked 
|  73|0x0000000084900000, 0x00000000849fffa8, 0x0000000084a00000| 99%| O|  |TAMS 0x0000000084900000| PB 0x0000000084900000| Untracked 
|  74|0x0000000084a00000, 0x0000000084b00000, 0x0000000084b00000|100%| O|  |TAMS 0x0000000084a00000| PB 0x0000000084a00000| Untracked 
|  75|0x0000000084b00000, 0x0000000084bffbc0, 0x0000000084c00000| 99%| O|  |TAMS 0x0000000084b00000| PB 0x0000000084b00000| Untracked 
|  76|0x0000000084c00000, 0x0000000084cffff8, 0x0000000084d00000| 99%| O|  |TAMS 0x0000000084c00000| PB 0x0000000084c00000| Untracked 
|  77|0x0000000084d00000, 0x0000000084dfffe0, 0x0000000084e00000| 99%| O|  |TAMS 0x0000000084d00000| PB 0x0000000084d00000| Untracked 
|  78|0x0000000084e00000, 0x0000000084efffb0, 0x0000000084f00000| 99%| O|  |TAMS 0x0000000084e00000| PB 0x0000000084e00000| Untracked 
|  79|0x0000000084f00000, 0x0000000085000000, 0x0000000085000000|100%|HS|  |TAMS 0x0000000084f00000| PB 0x0000000084f00000| Complete 
|  80|0x0000000085000000, 0x0000000085100000, 0x0000000085100000|100%| O|  |TAMS 0x0000000085000000| PB 0x0000000085000000| Untracked 
|  81|0x0000000085100000, 0x0000000085200000, 0x0000000085200000|100%| O|  |TAMS 0x0000000085100000| PB 0x0000000085100000| Untracked 
|  82|0x0000000085200000, 0x0000000085300000, 0x0000000085300000|100%| O|  |TAMS 0x0000000085200000| PB 0x0000000085200000| Untracked 
|  83|0x0000000085300000, 0x0000000085400000, 0x0000000085400000|100%|HS|  |TAMS 0x0000000085300000| PB 0x0000000085300000| Complete 
|  84|0x0000000085400000, 0x0000000085500000, 0x0000000085500000|100%|HC|  |TAMS 0x0000000085400000| PB 0x0000000085400000| Complete 
|  85|0x0000000085500000, 0x0000000085600000, 0x0000000085600000|100%|HS|  |TAMS 0x0000000085500000| PB 0x0000000085500000| Complete 
|  86|0x0000000085600000, 0x0000000085700000, 0x0000000085700000|100%|HC|  |TAMS 0x0000000085600000| PB 0x0000000085600000| Complete 
|  87|0x0000000085700000, 0x0000000085800000, 0x0000000085800000|100%|HS|  |TAMS 0x0000000085700000| PB 0x0000000085700000| Complete 
|  88|0x0000000085800000, 0x00000000858ffff8, 0x0000000085900000| 99%| O|  |TAMS 0x0000000085800000| PB 0x0000000085800000| Untracked 
|  89|0x0000000085900000, 0x00000000859fff60, 0x0000000085a00000| 99%| O|  |TAMS 0x0000000085900000| PB 0x0000000085900000| Untracked 
|  90|0x0000000085a00000, 0x0000000085affff0, 0x0000000085b00000| 99%| O|  |TAMS 0x0000000085a00000| PB 0x0000000085a00000| Untracked 
|  91|0x0000000085b00000, 0x0000000085c00000, 0x0000000085c00000|100%|HS|  |TAMS 0x0000000085b00000| PB 0x0000000085b00000| Complete 
|  92|0x0000000085c00000, 0x0000000085cfffe8, 0x0000000085d00000| 99%| O|  |TAMS 0x0000000085c00000| PB 0x0000000085c00000| Untracked 
|  93|0x0000000085d00000, 0x0000000085e00000, 0x0000000085e00000|100%|HS|  |TAMS 0x0000000085d00000| PB 0x0000000085d00000| Complete 
|  94|0x0000000085e00000, 0x0000000085f00000, 0x0000000085f00000|100%|HS|  |TAMS 0x0000000085e00000| PB 0x0000000085e00000| Complete 
|  95|0x0000000085f00000, 0x0000000085fffff8, 0x0000000086000000| 99%| O|  |TAMS 0x0000000085f00000| PB 0x0000000085f00000| Untracked 
|  96|0x0000000086000000, 0x00000000860fffd0, 0x0000000086100000| 99%| O|  |TAMS 0x0000000086000000| PB 0x0000000086000000| Untracked 
|  97|0x0000000086100000, 0x00000000861fffd0, 0x0000000086200000| 99%| O|  |TAMS 0x0000000086100000| PB 0x0000000086100000| Untracked 
|  98|0x0000000086200000, 0x0000000086300000, 0x0000000086300000|100%| O|  |TAMS 0x0000000086200000| PB 0x0000000086200000| Untracked 
|  99|0x0000000086300000, 0x00000000863ffff8, 0x0000000086400000| 99%| O|  |TAMS 0x0000000086300000| PB 0x0000000086300000| Untracked 
| 100|0x0000000086400000, 0x00000000864fffe8, 0x0000000086500000| 99%| O|  |TAMS 0x0000000086400000| PB 0x0000000086400000| Untracked 
| 101|0x0000000086500000, 0x00000000865ffff8, 0x0000000086600000| 99%| O|  |TAMS 0x0000000086500000| PB 0x0000000086500000| Untracked 
| 102|0x0000000086600000, 0x0000000086700000, 0x0000000086700000|100%| O|  |TAMS 0x0000000086600000| PB 0x0000000086600000| Untracked 
| 103|0x0000000086700000, 0x00000000867fd990, 0x0000000086800000| 99%| O|  |TAMS 0x0000000086700000| PB 0x0000000086700000| Untracked 
| 104|0x0000000086800000, 0x00000000868fffa0, 0x0000000086900000| 99%| O|  |TAMS 0x0000000086800000| PB 0x0000000086800000| Untracked 
| 105|0x0000000086900000, 0x00000000869fffb8, 0x0000000086a00000| 99%| O|  |TAMS 0x0000000086900000| PB 0x0000000086900000| Untracked 
| 106|0x0000000086a00000, 0x0000000086affff8, 0x0000000086b00000| 99%| O|  |TAMS 0x0000000086a00000| PB 0x0000000086a00000| Untracked 
| 107|0x0000000086b00000, 0x0000000086bffff8, 0x0000000086c00000| 99%| O|  |TAMS 0x0000000086b00000| PB 0x0000000086b00000| Untracked 
| 108|0x0000000086c00000, 0x0000000086cffff8, 0x0000000086d00000| 99%| O|  |TAMS 0x0000000086c00000| PB 0x0000000086c00000| Untracked 
| 109|0x0000000086d00000, 0x0000000086dfffd0, 0x0000000086e00000| 99%| O|  |TAMS 0x0000000086d00000| PB 0x0000000086d00000| Untracked 
| 110|0x0000000086e00000, 0x0000000086efffc0, 0x0000000086f00000| 99%| O|  |TAMS 0x0000000086e00000| PB 0x0000000086e00000| Untracked 
| 111|0x0000000086f00000, 0x0000000086ffffe0, 0x0000000087000000| 99%| O|  |TAMS 0x0000000086f00000| PB 0x0000000086f00000| Untracked 
| 112|0x0000000087000000, 0x00000000870ffff0, 0x0000000087100000| 99%| O|  |TAMS 0x0000000087000000| PB 0x0000000087000000| Untracked 
| 113|0x0000000087100000, 0x00000000871fffe8, 0x0000000087200000| 99%| O|  |TAMS 0x0000000087100000| PB 0x0000000087100000| Untracked 
| 114|0x0000000087200000, 0x00000000872fffc8, 0x0000000087300000| 99%| O|  |TAMS 0x0000000087200000| PB 0x0000000087200000| Untracked 
| 115|0x0000000087300000, 0x00000000873ffff8, 0x0000000087400000| 99%| O|  |TAMS 0x0000000087300000| PB 0x0000000087300000| Untracked 
| 116|0x0000000087400000, 0x0000000087500000, 0x0000000087500000|100%| O|  |TAMS 0x0000000087400000| PB 0x0000000087400000| Untracked 
| 117|0x0000000087500000, 0x0000000087600000, 0x0000000087600000|100%| O|  |TAMS 0x0000000087500000| PB 0x0000000087500000| Untracked 
| 118|0x0000000087600000, 0x0000000087700000, 0x0000000087700000|100%| O|  |TAMS 0x0000000087600000| PB 0x0000000087600000| Untracked 
| 119|0x0000000087700000, 0x0000000087800000, 0x0000000087800000|100%| O|  |TAMS 0x0000000087700000| PB 0x0000000087700000| Untracked 
| 120|0x0000000087800000, 0x00000000878fffe8, 0x0000000087900000| 99%| O|  |TAMS 0x0000000087800000| PB 0x0000000087800000| Untracked 
| 121|0x0000000087900000, 0x0000000087a00000, 0x0000000087a00000|100%| O|  |TAMS 0x0000000087900000| PB 0x0000000087900000| Untracked 
| 122|0x0000000087a00000, 0x0000000087b00000, 0x0000000087b00000|100%| O|  |TAMS 0x0000000087a00000| PB 0x0000000087a00000| Untracked 
| 123|0x0000000087b00000, 0x0000000087bfff30, 0x0000000087c00000| 99%| O|  |TAMS 0x0000000087b00000| PB 0x0000000087b00000| Untracked 
| 124|0x0000000087c00000, 0x0000000087cffff8, 0x0000000087d00000| 99%| O|  |TAMS 0x0000000087c00000| PB 0x0000000087c00000| Untracked 
| 125|0x0000000087d00000, 0x0000000087dfffe8, 0x0000000087e00000| 99%| O|  |TAMS 0x0000000087d00000| PB 0x0000000087d00000| Untracked 
| 126|0x0000000087e00000, 0x0000000087effde0, 0x0000000087f00000| 99%| O|  |TAMS 0x0000000087e00000| PB 0x0000000087e00000| Untracked 
| 127|0x0000000087f00000, 0x0000000088000000, 0x0000000088000000|100%| O|  |TAMS 0x0000000087f00000| PB 0x0000000087f00000| Untracked 
| 128|0x0000000088000000, 0x00000000880fffd8, 0x0000000088100000| 99%| O|  |TAMS 0x0000000088000000| PB 0x0000000088000000| Untracked 
| 129|0x0000000088100000, 0x0000000088200000, 0x0000000088200000|100%| O|  |TAMS 0x0000000088100000| PB 0x0000000088100000| Untracked 
| 130|0x0000000088200000, 0x0000000088300000, 0x0000000088300000|100%| O|  |TAMS 0x0000000088200000| PB 0x0000000088200000| Untracked 
| 131|0x0000000088300000, 0x00000000883ffff0, 0x0000000088400000| 99%| O|  |TAMS 0x0000000088300000| PB 0x0000000088300000| Untracked 
| 132|0x0000000088400000, 0x00000000884887f0, 0x0000000088500000| 53%| O|  |TAMS 0x0000000088400000| PB 0x0000000088400000| Untracked 
| 133|0x0000000088500000, 0x00000000885fffe8, 0x0000000088600000| 99%| O|  |TAMS 0x0000000088500000| PB 0x0000000088500000| Untracked 
| 134|0x0000000088600000, 0x00000000886ffff0, 0x0000000088700000| 99%| O|  |TAMS 0x0000000088600000| PB 0x0000000088600000| Untracked 
| 135|0x0000000088700000, 0x00000000887ff200, 0x0000000088800000| 99%| O|  |TAMS 0x0000000088700000| PB 0x0000000088700000| Untracked 
| 136|0x0000000088800000, 0x00000000888fffe8, 0x0000000088900000| 99%| O|  |TAMS 0x0000000088800000| PB 0x0000000088800000| Untracked 
| 137|0x0000000088900000, 0x00000000889fffb0, 0x0000000088a00000| 99%| O|  |TAMS 0x0000000088900000| PB 0x0000000088900000| Untracked 
| 138|0x0000000088a00000, 0x0000000088a63b88, 0x0000000088b00000| 38%| O|  |TAMS 0x0000000088a00000| PB 0x0000000088a00000| Untracked 
| 139|0x0000000088b00000, 0x0000000088c00000, 0x0000000088c00000|100%| O|  |TAMS 0x0000000088b00000| PB 0x0000000088b00000| Untracked 
| 140|0x0000000088c00000, 0x0000000088d00000, 0x0000000088d00000|100%| O|  |TAMS 0x0000000088c00000| PB 0x0000000088c00000| Untracked 
| 141|0x0000000088d00000, 0x0000000088d41908, 0x0000000088e00000| 25%| O|  |TAMS 0x0000000088d00000| PB 0x0000000088d00000| Untracked 
| 142|0x0000000088e00000, 0x0000000088f00000, 0x0000000088f00000|100%| O|  |TAMS 0x0000000088e00000| PB 0x0000000088e00000| Untracked 
| 143|0x0000000088f00000, 0x0000000088ffffa8, 0x0000000089000000| 99%| O|  |TAMS 0x0000000088f00000| PB 0x0000000088f00000| Untracked 
| 144|0x0000000089000000, 0x0000000089100000, 0x0000000089100000|100%| O|  |TAMS 0x0000000089000000| PB 0x0000000089000000| Untracked 
| 145|0x0000000089100000, 0x00000000891f3f18, 0x0000000089200000| 95%| O|  |TAMS 0x0000000089100000| PB 0x0000000089100000| Untracked 
| 146|0x0000000089200000, 0x000000008924c150, 0x0000000089300000| 29%| O|  |TAMS 0x0000000089200000| PB 0x0000000089200000| Untracked 
| 147|0x0000000089300000, 0x00000000893e1b10, 0x0000000089400000| 88%| O|  |TAMS 0x0000000089300000| PB 0x0000000089300000| Untracked 
| 148|0x0000000089400000, 0x0000000089500000, 0x0000000089500000|100%| O|  |TAMS 0x0000000089400000| PB 0x0000000089400000| Untracked 
| 149|0x0000000089500000, 0x0000000089547d38, 0x0000000089600000| 28%| O|  |TAMS 0x0000000089500000| PB 0x0000000089500000| Untracked 
| 150|0x0000000089600000, 0x0000000089700000, 0x0000000089700000|100%| O|  |TAMS 0x0000000089600000| PB 0x0000000089600000| Untracked 
| 151|0x0000000089700000, 0x0000000089800000, 0x0000000089800000|100%| O|  |TAMS 0x0000000089700000| PB 0x0000000089700000| Untracked 
| 152|0x0000000089800000, 0x0000000089900000, 0x0000000089900000|100%| O|  |TAMS 0x0000000089800000| PB 0x0000000089800000| Untracked 
| 153|0x0000000089900000, 0x0000000089a00000, 0x0000000089a00000|100%| O|  |TAMS 0x0000000089900000| PB 0x0000000089900000| Untracked 
| 154|0x0000000089a00000, 0x0000000089a92270, 0x0000000089b00000| 57%| O|  |TAMS 0x0000000089a00000| PB 0x0000000089a00000| Untracked 
| 155|0x0000000089b00000, 0x0000000089ba2e40, 0x0000000089c00000| 63%| O|  |TAMS 0x0000000089b00000| PB 0x0000000089b00000| Untracked 
| 156|0x0000000089c00000, 0x0000000089d00000, 0x0000000089d00000|100%| O|  |TAMS 0x0000000089c00000| PB 0x0000000089c00000| Untracked 
| 157|0x0000000089d00000, 0x0000000089dd0d78, 0x0000000089e00000| 81%| O|  |TAMS 0x0000000089d00000| PB 0x0000000089d00000| Untracked 
| 158|0x0000000089e00000, 0x0000000089f00000, 0x0000000089f00000|100%| O|  |TAMS 0x0000000089e00000| PB 0x0000000089e00000| Untracked 
| 159|0x0000000089f00000, 0x000000008a000000, 0x000000008a000000|100%| O|  |TAMS 0x0000000089f00000| PB 0x0000000089f00000| Untracked 
| 160|0x000000008a000000, 0x000000008a100000, 0x000000008a100000|100%| O|  |TAMS 0x000000008a000000| PB 0x000000008a000000| Untracked 
| 161|0x000000008a100000, 0x000000008a200000, 0x000000008a200000|100%| O|  |TAMS 0x000000008a100000| PB 0x000000008a100000| Untracked 
| 162|0x000000008a200000, 0x000000008a300000, 0x000000008a300000|100%| O|  |TAMS 0x000000008a200000| PB 0x000000008a200000| Untracked 
| 163|0x000000008a300000, 0x000000008a400000, 0x000000008a400000|100%| O|  |TAMS 0x000000008a300000| PB 0x000000008a300000| Untracked 
| 164|0x000000008a400000, 0x000000008a4fb898, 0x000000008a500000| 98%| O|  |TAMS 0x000000008a400000| PB 0x000000008a400000| Untracked 
| 165|0x000000008a500000, 0x000000008a600000, 0x000000008a600000|100%| O|  |TAMS 0x000000008a500000| PB 0x000000008a500000| Untracked 
| 166|0x000000008a600000, 0x000000008a700000, 0x000000008a700000|100%| O|  |TAMS 0x000000008a600000| PB 0x000000008a600000| Untracked 
| 167|0x000000008a700000, 0x000000008a800000, 0x000000008a800000|100%| O|  |TAMS 0x000000008a700000| PB 0x000000008a700000| Untracked 
| 168|0x000000008a800000, 0x000000008a900000, 0x000000008a900000|100%| O|  |TAMS 0x000000008a800000| PB 0x000000008a800000| Untracked 
| 169|0x000000008a900000, 0x000000008aa00000, 0x000000008aa00000|100%| O|Cm|TAMS 0x000000008a900000| PB 0x000000008a900000| Complete 
| 170|0x000000008aa00000, 0x000000008ab00000, 0x000000008ab00000|100%| O|Cm|TAMS 0x000000008aa00000| PB 0x000000008aa00000| Complete 
| 171|0x000000008ab00000, 0x000000008ac00000, 0x000000008ac00000|100%| O|  |TAMS 0x000000008ab00000| PB 0x000000008ab00000| Untracked 
| 172|0x000000008ac00000, 0x000000008ad00000, 0x000000008ad00000|100%| O|Cm|TAMS 0x000000008ac00000| PB 0x000000008ac00000| Complete 
| 173|0x000000008ad00000, 0x000000008ae00000, 0x000000008ae00000|100%| O|  |TAMS 0x000000008ad00000| PB 0x000000008ad00000| Untracked 
| 174|0x000000008ae00000, 0x000000008aed35c0, 0x000000008af00000| 82%| O|  |TAMS 0x000000008ae00000| PB 0x000000008ae00000| Untracked 
| 175|0x000000008af00000, 0x000000008b000000, 0x000000008b000000|100%| O|Cm|TAMS 0x000000008af00000| PB 0x000000008af00000| Complete 
| 176|0x000000008b000000, 0x000000008b000000, 0x000000008b100000|  0%| F|  |TAMS 0x000000008b000000| PB 0x000000008b000000| Untracked 
| 177|0x000000008b100000, 0x000000008b200000, 0x000000008b200000|100%| O|Cm|TAMS 0x000000008b100000| PB 0x000000008b100000| Complete 
| 178|0x000000008b200000, 0x000000008b300000, 0x000000008b300000|100%| O|  |TAMS 0x000000008b200000| PB 0x000000008b200000| Untracked 
| 179|0x000000008b300000, 0x000000008b400000, 0x000000008b400000|100%| O|  |TAMS 0x000000008b300000| PB 0x000000008b300000| Untracked 
| 180|0x000000008b400000, 0x000000008b500000, 0x000000008b500000|100%| O|  |TAMS 0x000000008b400000| PB 0x000000008b400000| Untracked 
| 181|0x000000008b500000, 0x000000008b600000, 0x000000008b600000|100%| O|  |TAMS 0x000000008b500000| PB 0x000000008b500000| Untracked 
| 182|0x000000008b600000, 0x000000008b700000, 0x000000008b700000|100%| O|  |TAMS 0x000000008b600000| PB 0x000000008b600000| Untracked 
| 183|0x000000008b700000, 0x000000008b800000, 0x000000008b800000|100%| O|  |TAMS 0x000000008b700000| PB 0x000000008b700000| Untracked 
| 184|0x000000008b800000, 0x000000008b900000, 0x000000008b900000|100%| O|  |TAMS 0x000000008b800000| PB 0x000000008b800000| Untracked 
| 185|0x000000008b900000, 0x000000008ba00000, 0x000000008ba00000|100%| O|  |TAMS 0x000000008b900000| PB 0x000000008b900000| Untracked 
| 186|0x000000008ba00000, 0x000000008bb00000, 0x000000008bb00000|100%| O|  |TAMS 0x000000008ba00000| PB 0x000000008ba00000| Untracked 
| 187|0x000000008bb00000, 0x000000008bc00000, 0x000000008bc00000|100%| O|  |TAMS 0x000000008bb00000| PB 0x000000008bb00000| Untracked 
| 188|0x000000008bc00000, 0x000000008bd00000, 0x000000008bd00000|100%| O|  |TAMS 0x000000008bc00000| PB 0x000000008bc00000| Untracked 
| 189|0x000000008bd00000, 0x000000008be00000, 0x000000008be00000|100%| O|  |TAMS 0x000000008bd00000| PB 0x000000008bd00000| Untracked 
| 190|0x000000008be00000, 0x000000008bf00000, 0x000000008bf00000|100%| O|  |TAMS 0x000000008be00000| PB 0x000000008be00000| Untracked 
| 191|0x000000008bf00000, 0x000000008c000000, 0x000000008c000000|100%| O|Cm|TAMS 0x000000008bf00000| PB 0x000000008bf00000| Complete 
| 192|0x000000008c000000, 0x000000008c100000, 0x000000008c100000|100%|HS|  |TAMS 0x000000008c000000| PB 0x000000008c000000| Complete 
| 193|0x000000008c100000, 0x000000008c200000, 0x000000008c200000|100%|HC|  |TAMS 0x000000008c100000| PB 0x000000008c100000| Complete 
| 194|0x000000008c200000, 0x000000008c300000, 0x000000008c300000|100%|HS|  |TAMS 0x000000008c200000| PB 0x000000008c200000| Complete 
| 195|0x000000008c300000, 0x000000008c400000, 0x000000008c400000|100%|HC|  |TAMS 0x000000008c300000| PB 0x000000008c300000| Complete 
| 196|0x000000008c400000, 0x000000008c500000, 0x000000008c500000|100%|HS|  |TAMS 0x000000008c400000| PB 0x000000008c400000| Complete 
| 197|0x000000008c500000, 0x000000008c600000, 0x000000008c600000|100%|HC|  |TAMS 0x000000008c500000| PB 0x000000008c500000| Complete 
| 198|0x000000008c600000, 0x000000008c700000, 0x000000008c700000|100%|HS|  |TAMS 0x000000008c600000| PB 0x000000008c600000| Complete 
| 199|0x000000008c700000, 0x000000008c800000, 0x000000008c800000|100%|HC|  |TAMS 0x000000008c700000| PB 0x000000008c700000| Complete 
| 200|0x000000008c800000, 0x000000008c900000, 0x000000008c900000|100%| O|  |TAMS 0x000000008c800000| PB 0x000000008c800000| Untracked 
| 201|0x000000008c900000, 0x000000008ca00000, 0x000000008ca00000|100%| O|  |TAMS 0x000000008c900000| PB 0x000000008c900000| Untracked 
| 202|0x000000008ca00000, 0x000000008cb00000, 0x000000008cb00000|100%| O|  |TAMS 0x000000008ca00000| PB 0x000000008ca00000| Untracked 
| 203|0x000000008cb00000, 0x000000008cc00000, 0x000000008cc00000|100%| O|  |TAMS 0x000000008cb00000| PB 0x000000008cb00000| Untracked 
| 204|0x000000008cc00000, 0x000000008cd00000, 0x000000008cd00000|100%| O|  |TAMS 0x000000008cc00000| PB 0x000000008cc00000| Untracked 
| 205|0x000000008cd00000, 0x000000008ce00000, 0x000000008ce00000|100%| O|  |TAMS 0x000000008cd00000| PB 0x000000008cd00000| Untracked 
| 206|0x000000008ce00000, 0x000000008cf00000, 0x000000008cf00000|100%| O|  |TAMS 0x000000008ce00000| PB 0x000000008ce00000| Untracked 
| 207|0x000000008cf00000, 0x000000008d000000, 0x000000008d000000|100%|HS|  |TAMS 0x000000008cf00000| PB 0x000000008cf00000| Complete 
| 208|0x000000008d000000, 0x000000008d100000, 0x000000008d100000|100%|HC|  |TAMS 0x000000008d000000| PB 0x000000008d000000| Complete 
| 209|0x000000008d100000, 0x000000008d200000, 0x000000008d200000|100%|HS|  |TAMS 0x000000008d100000| PB 0x000000008d100000| Complete 
| 210|0x000000008d200000, 0x000000008d300000, 0x000000008d300000|100%|HC|  |TAMS 0x000000008d200000| PB 0x000000008d200000| Complete 
| 211|0x000000008d300000, 0x000000008d400000, 0x000000008d400000|100%|HS|  |TAMS 0x000000008d300000| PB 0x000000008d300000| Complete 
| 212|0x000000008d400000, 0x000000008d500000, 0x000000008d500000|100%|HC|  |TAMS 0x000000008d400000| PB 0x000000008d400000| Complete 
| 213|0x000000008d500000, 0x000000008d600000, 0x000000008d600000|100%|HS|  |TAMS 0x000000008d500000| PB 0x000000008d500000| Complete 
| 214|0x000000008d600000, 0x000000008d700000, 0x000000008d700000|100%|HC|  |TAMS 0x000000008d600000| PB 0x000000008d600000| Complete 
| 215|0x000000008d700000, 0x000000008d800000, 0x000000008d800000|100%|HS|  |TAMS 0x000000008d700000| PB 0x000000008d700000| Complete 
| 216|0x000000008d800000, 0x000000008d900000, 0x000000008d900000|100%|HC|  |TAMS 0x000000008d800000| PB 0x000000008d800000| Complete 
| 217|0x000000008d900000, 0x000000008da00000, 0x000000008da00000|100%|HS|  |TAMS 0x000000008d900000| PB 0x000000008d900000| Complete 
| 218|0x000000008da00000, 0x000000008db00000, 0x000000008db00000|100%|HC|  |TAMS 0x000000008da00000| PB 0x000000008da00000| Complete 
| 219|0x000000008db00000, 0x000000008dc00000, 0x000000008dc00000|100%|HS|  |TAMS 0x000000008db00000| PB 0x000000008db00000| Complete 
| 220|0x000000008dc00000, 0x000000008dd00000, 0x000000008dd00000|100%|HC|  |TAMS 0x000000008dc00000| PB 0x000000008dc00000| Complete 
| 221|0x000000008dd00000, 0x000000008de00000, 0x000000008de00000|100%|HS|  |TAMS 0x000000008dd00000| PB 0x000000008dd00000| Complete 
| 222|0x000000008de00000, 0x000000008df00000, 0x000000008df00000|100%|HC|  |TAMS 0x000000008de00000| PB 0x000000008de00000| Complete 
| 223|0x000000008df00000, 0x000000008e000000, 0x000000008e000000|100%|HS|  |TAMS 0x000000008df00000| PB 0x000000008df00000| Complete 
| 224|0x000000008e000000, 0x000000008e100000, 0x000000008e100000|100%|HC|  |TAMS 0x000000008e000000| PB 0x000000008e000000| Complete 
| 225|0x000000008e100000, 0x000000008e200000, 0x000000008e200000|100%|HS|  |TAMS 0x000000008e100000| PB 0x000000008e100000| Complete 
| 226|0x000000008e200000, 0x000000008e300000, 0x000000008e300000|100%|HC|  |TAMS 0x000000008e200000| PB 0x000000008e200000| Complete 
| 227|0x000000008e300000, 0x000000008e400000, 0x000000008e400000|100%|HS|  |TAMS 0x000000008e300000| PB 0x000000008e300000| Complete 
| 228|0x000000008e400000, 0x000000008e500000, 0x000000008e500000|100%|HC|  |TAMS 0x000000008e400000| PB 0x000000008e400000| Complete 
| 229|0x000000008e500000, 0x000000008e600000, 0x000000008e600000|100%|HS|  |TAMS 0x000000008e500000| PB 0x000000008e500000| Complete 
| 230|0x000000008e600000, 0x000000008e700000, 0x000000008e700000|100%|HC|  |TAMS 0x000000008e600000| PB 0x000000008e600000| Complete 
| 231|0x000000008e700000, 0x000000008e800000, 0x000000008e800000|100%|HS|  |TAMS 0x000000008e700000| PB 0x000000008e700000| Complete 
| 232|0x000000008e800000, 0x000000008e900000, 0x000000008e900000|100%|HC|  |TAMS 0x000000008e800000| PB 0x000000008e800000| Complete 
| 233|0x000000008e900000, 0x000000008ea00000, 0x000000008ea00000|100%|HS|  |TAMS 0x000000008e900000| PB 0x000000008e900000| Complete 
| 234|0x000000008ea00000, 0x000000008eb00000, 0x000000008eb00000|100%|HC|  |TAMS 0x000000008ea00000| PB 0x000000008ea00000| Complete 
| 235|0x000000008eb00000, 0x000000008ec00000, 0x000000008ec00000|100%|HS|  |TAMS 0x000000008eb00000| PB 0x000000008eb00000| Complete 
| 236|0x000000008ec00000, 0x000000008ed00000, 0x000000008ed00000|100%|HC|  |TAMS 0x000000008ec00000| PB 0x000000008ec00000| Complete 
| 237|0x000000008ed00000, 0x000000008ee00000, 0x000000008ee00000|100%|HS|  |TAMS 0x000000008ed00000| PB 0x000000008ed00000| Complete 
| 238|0x000000008ee00000, 0x000000008ef00000, 0x000000008ef00000|100%|HC|  |TAMS 0x000000008ee00000| PB 0x000000008ee00000| Complete 
| 239|0x000000008ef00000, 0x000000008f000000, 0x000000008f000000|100%|HS|  |TAMS 0x000000008ef00000| PB 0x000000008ef00000| Complete 
| 240|0x000000008f000000, 0x000000008f100000, 0x000000008f100000|100%|HC|  |TAMS 0x000000008f000000| PB 0x000000008f000000| Complete 
| 241|0x000000008f100000, 0x000000008f200000, 0x000000008f200000|100%|HS|  |TAMS 0x000000008f100000| PB 0x000000008f100000| Complete 
| 242|0x000000008f200000, 0x000000008f300000, 0x000000008f300000|100%|HC|  |TAMS 0x000000008f200000| PB 0x000000008f200000| Complete 
| 243|0x000000008f300000, 0x000000008f400000, 0x000000008f400000|100%|HS|  |TAMS 0x000000008f300000| PB 0x000000008f300000| Complete 
| 244|0x000000008f400000, 0x000000008f500000, 0x000000008f500000|100%|HC|  |TAMS 0x000000008f400000| PB 0x000000008f400000| Complete 
| 245|0x000000008f500000, 0x000000008f600000, 0x000000008f600000|100%|HS|  |TAMS 0x000000008f500000| PB 0x000000008f500000| Complete 
| 246|0x000000008f600000, 0x000000008f700000, 0x000000008f700000|100%|HC|  |TAMS 0x000000008f600000| PB 0x000000008f600000| Complete 
| 247|0x000000008f700000, 0x000000008f800000, 0x000000008f800000|100%|HS|  |TAMS 0x000000008f700000| PB 0x000000008f700000| Complete 
| 248|0x000000008f800000, 0x000000008f900000, 0x000000008f900000|100%|HC|  |TAMS 0x000000008f800000| PB 0x000000008f800000| Complete 
| 249|0x000000008f900000, 0x000000008fa00000, 0x000000008fa00000|100%|HS|  |TAMS 0x000000008f900000| PB 0x000000008f900000| Complete 
| 250|0x000000008fa00000, 0x000000008fb00000, 0x000000008fb00000|100%|HC|  |TAMS 0x000000008fa00000| PB 0x000000008fa00000| Complete 
| 251|0x000000008fb00000, 0x000000008fc00000, 0x000000008fc00000|100%|HS|  |TAMS 0x000000008fb00000| PB 0x000000008fb00000| Complete 
| 252|0x000000008fc00000, 0x000000008fd00000, 0x000000008fd00000|100%|HC|  |TAMS 0x000000008fc00000| PB 0x000000008fc00000| Complete 
| 253|0x000000008fd00000, 0x000000008fe00000, 0x000000008fe00000|100%|HS|  |TAMS 0x000000008fd00000| PB 0x000000008fd00000| Complete 
| 254|0x000000008fe00000, 0x000000008ff00000, 0x000000008ff00000|100%|HC|  |TAMS 0x000000008fe00000| PB 0x000000008fe00000| Complete 
| 255|0x000000008ff00000, 0x0000000090000000, 0x0000000090000000|100%|HS|  |TAMS 0x000000008ff00000| PB 0x000000008ff00000| Complete 
| 256|0x0000000090000000, 0x0000000090100000, 0x0000000090100000|100%|HC|  |TAMS 0x0000000090000000| PB 0x0000000090000000| Complete 
| 257|0x0000000090100000, 0x0000000090200000, 0x0000000090200000|100%|HS|  |TAMS 0x0000000090100000| PB 0x0000000090100000| Complete 
| 258|0x0000000090200000, 0x0000000090300000, 0x0000000090300000|100%|HC|  |TAMS 0x0000000090200000| PB 0x0000000090200000| Complete 
| 259|0x0000000090300000, 0x0000000090400000, 0x0000000090400000|100%|HS|  |TAMS 0x0000000090300000| PB 0x0000000090300000| Complete 
| 260|0x0000000090400000, 0x0000000090500000, 0x0000000090500000|100%|HC|  |TAMS 0x0000000090400000| PB 0x0000000090400000| Complete 
| 261|0x0000000090500000, 0x0000000090600000, 0x0000000090600000|100%|HS|  |TAMS 0x0000000090500000| PB 0x0000000090500000| Complete 
| 262|0x0000000090600000, 0x0000000090700000, 0x0000000090700000|100%|HC|  |TAMS 0x0000000090600000| PB 0x0000000090600000| Complete 
| 263|0x0000000090700000, 0x0000000090800000, 0x0000000090800000|100%|HS|  |TAMS 0x0000000090700000| PB 0x0000000090700000| Complete 
| 264|0x0000000090800000, 0x0000000090900000, 0x0000000090900000|100%|HC|  |TAMS 0x0000000090800000| PB 0x0000000090800000| Complete 
| 265|0x0000000090900000, 0x0000000090a00000, 0x0000000090a00000|100%|HS|  |TAMS 0x0000000090900000| PB 0x0000000090900000| Complete 
| 266|0x0000000090a00000, 0x0000000090b00000, 0x0000000090b00000|100%|HC|  |TAMS 0x0000000090a00000| PB 0x0000000090a00000| Complete 
| 267|0x0000000090b00000, 0x0000000090c00000, 0x0000000090c00000|100%|HS|  |TAMS 0x0000000090b00000| PB 0x0000000090b00000| Complete 
| 268|0x0000000090c00000, 0x0000000090d00000, 0x0000000090d00000|100%|HC|  |TAMS 0x0000000090c00000| PB 0x0000000090c00000| Complete 
| 269|0x0000000090d00000, 0x0000000090e00000, 0x0000000090e00000|100%|HS|  |TAMS 0x0000000090d00000| PB 0x0000000090d00000| Complete 
| 270|0x0000000090e00000, 0x0000000090f00000, 0x0000000090f00000|100%|HC|  |TAMS 0x0000000090e00000| PB 0x0000000090e00000| Complete 
| 271|0x0000000090f00000, 0x0000000091000000, 0x0000000091000000|100%|HS|  |TAMS 0x0000000090f00000| PB 0x0000000090f00000| Complete 
| 272|0x0000000091000000, 0x0000000091100000, 0x0000000091100000|100%|HC|  |TAMS 0x0000000091000000| PB 0x0000000091000000| Complete 
| 273|0x0000000091100000, 0x0000000091200000, 0x0000000091200000|100%|HS|  |TAMS 0x0000000091100000| PB 0x0000000091100000| Complete 
| 274|0x0000000091200000, 0x0000000091300000, 0x0000000091300000|100%|HC|  |TAMS 0x0000000091200000| PB 0x0000000091200000| Complete 
| 275|0x0000000091300000, 0x0000000091400000, 0x0000000091400000|100%|HS|  |TAMS 0x0000000091300000| PB 0x0000000091300000| Complete 
| 276|0x0000000091400000, 0x0000000091500000, 0x0000000091500000|100%|HC|  |TAMS 0x0000000091400000| PB 0x0000000091400000| Complete 
| 277|0x0000000091500000, 0x0000000091600000, 0x0000000091600000|100%|HS|  |TAMS 0x0000000091500000| PB 0x0000000091500000| Complete 
| 278|0x0000000091600000, 0x0000000091700000, 0x0000000091700000|100%|HC|  |TAMS 0x0000000091600000| PB 0x0000000091600000| Complete 
| 279|0x0000000091700000, 0x0000000091800000, 0x0000000091800000|100%|HS|  |TAMS 0x0000000091700000| PB 0x0000000091700000| Complete 
| 280|0x0000000091800000, 0x0000000091900000, 0x0000000091900000|100%|HC|  |TAMS 0x0000000091800000| PB 0x0000000091800000| Complete 
| 281|0x0000000091900000, 0x0000000091a00000, 0x0000000091a00000|100%|HS|  |TAMS 0x0000000091900000| PB 0x0000000091900000| Complete 
| 282|0x0000000091a00000, 0x0000000091b00000, 0x0000000091b00000|100%|HC|  |TAMS 0x0000000091a00000| PB 0x0000000091a00000| Complete 
| 283|0x0000000091b00000, 0x0000000091c00000, 0x0000000091c00000|100%|HS|  |TAMS 0x0000000091b00000| PB 0x0000000091b00000| Complete 
| 284|0x0000000091c00000, 0x0000000091d00000, 0x0000000091d00000|100%|HC|  |TAMS 0x0000000091c00000| PB 0x0000000091c00000| Complete 
| 285|0x0000000091d00000, 0x0000000091e00000, 0x0000000091e00000|100%|HS|  |TAMS 0x0000000091d00000| PB 0x0000000091d00000| Complete 
| 286|0x0000000091e00000, 0x0000000091f00000, 0x0000000091f00000|100%|HC|  |TAMS 0x0000000091e00000| PB 0x0000000091e00000| Complete 
| 287|0x0000000091f00000, 0x0000000092000000, 0x0000000092000000|100%|HS|  |TAMS 0x0000000091f00000| PB 0x0000000091f00000| Complete 
| 288|0x0000000092000000, 0x0000000092100000, 0x0000000092100000|100%|HC|  |TAMS 0x0000000092000000| PB 0x0000000092000000| Complete 
| 289|0x0000000092100000, 0x0000000092200000, 0x0000000092200000|100%|HS|  |TAMS 0x0000000092100000| PB 0x0000000092100000| Complete 
| 290|0x0000000092200000, 0x0000000092300000, 0x0000000092300000|100%|HC|  |TAMS 0x0000000092200000| PB 0x0000000092200000| Complete 
| 291|0x0000000092300000, 0x0000000092400000, 0x0000000092400000|100%|HS|  |TAMS 0x0000000092300000| PB 0x0000000092300000| Complete 
| 292|0x0000000092400000, 0x0000000092500000, 0x0000000092500000|100%|HC|  |TAMS 0x0000000092400000| PB 0x0000000092400000| Complete 
| 293|0x0000000092500000, 0x0000000092600000, 0x0000000092600000|100%|HS|  |TAMS 0x0000000092500000| PB 0x0000000092500000| Complete 
| 294|0x0000000092600000, 0x0000000092700000, 0x0000000092700000|100%|HC|  |TAMS 0x0000000092600000| PB 0x0000000092600000| Complete 
| 295|0x0000000092700000, 0x0000000092800000, 0x0000000092800000|100%|HS|  |TAMS 0x0000000092700000| PB 0x0000000092700000| Complete 
| 296|0x0000000092800000, 0x0000000092900000, 0x0000000092900000|100%|HC|  |TAMS 0x0000000092800000| PB 0x0000000092800000| Complete 
| 297|0x0000000092900000, 0x0000000092a00000, 0x0000000092a00000|100%|HS|  |TAMS 0x0000000092900000| PB 0x0000000092900000| Complete 
| 298|0x0000000092a00000, 0x0000000092b00000, 0x0000000092b00000|100%|HC|  |TAMS 0x0000000092a00000| PB 0x0000000092a00000| Complete 
| 299|0x0000000092b00000, 0x0000000092c00000, 0x0000000092c00000|100%|HS|  |TAMS 0x0000000092b00000| PB 0x0000000092b00000| Complete 
| 300|0x0000000092c00000, 0x0000000092d00000, 0x0000000092d00000|100%|HC|  |TAMS 0x0000000092c00000| PB 0x0000000092c00000| Complete 
| 301|0x0000000092d00000, 0x0000000092e00000, 0x0000000092e00000|100%|HS|  |TAMS 0x0000000092d00000| PB 0x0000000092d00000| Complete 
| 302|0x0000000092e00000, 0x0000000092f00000, 0x0000000092f00000|100%|HC|  |TAMS 0x0000000092e00000| PB 0x0000000092e00000| Complete 
| 303|0x0000000092f00000, 0x0000000093000000, 0x0000000093000000|100%|HS|  |TAMS 0x0000000092f00000| PB 0x0000000092f00000| Complete 
| 304|0x0000000093000000, 0x0000000093100000, 0x0000000093100000|100%|HC|  |TAMS 0x0000000093000000| PB 0x0000000093000000| Complete 
| 305|0x0000000093100000, 0x0000000093200000, 0x0000000093200000|100%|HS|  |TAMS 0x0000000093100000| PB 0x0000000093100000| Complete 
| 306|0x0000000093200000, 0x0000000093300000, 0x0000000093300000|100%|HC|  |TAMS 0x0000000093200000| PB 0x0000000093200000| Complete 
| 307|0x0000000093300000, 0x0000000093400000, 0x0000000093400000|100%|HS|  |TAMS 0x0000000093300000| PB 0x0000000093300000| Complete 
| 308|0x0000000093400000, 0x0000000093500000, 0x0000000093500000|100%|HC|  |TAMS 0x0000000093400000| PB 0x0000000093400000| Complete 
| 309|0x0000000093500000, 0x0000000093600000, 0x0000000093600000|100%|HS|  |TAMS 0x0000000093500000| PB 0x0000000093500000| Complete 
| 310|0x0000000093600000, 0x0000000093700000, 0x0000000093700000|100%|HC|  |TAMS 0x0000000093600000| PB 0x0000000093600000| Complete 
| 311|0x0000000093700000, 0x0000000093800000, 0x0000000093800000|100%|HS|  |TAMS 0x0000000093700000| PB 0x0000000093700000| Complete 
| 312|0x0000000093800000, 0x0000000093900000, 0x0000000093900000|100%|HC|  |TAMS 0x0000000093800000| PB 0x0000000093800000| Complete 
| 313|0x0000000093900000, 0x0000000093a00000, 0x0000000093a00000|100%|HS|  |TAMS 0x0000000093900000| PB 0x0000000093900000| Complete 
| 314|0x0000000093a00000, 0x0000000093b00000, 0x0000000093b00000|100%|HC|  |TAMS 0x0000000093a00000| PB 0x0000000093a00000| Complete 
| 315|0x0000000093b00000, 0x0000000093c00000, 0x0000000093c00000|100%|HS|  |TAMS 0x0000000093b00000| PB 0x0000000093b00000| Complete 
| 316|0x0000000093c00000, 0x0000000093d00000, 0x0000000093d00000|100%|HC|  |TAMS 0x0000000093c00000| PB 0x0000000093c00000| Complete 
| 317|0x0000000093d00000, 0x0000000093e00000, 0x0000000093e00000|100%|HS|  |TAMS 0x0000000093d00000| PB 0x0000000093d00000| Complete 
| 318|0x0000000093e00000, 0x0000000093f00000, 0x0000000093f00000|100%|HC|  |TAMS 0x0000000093e00000| PB 0x0000000093e00000| Complete 
| 319|0x0000000093f00000, 0x0000000094000000, 0x0000000094000000|100%|HS|  |TAMS 0x0000000093f00000| PB 0x0000000093f00000| Complete 
| 320|0x0000000094000000, 0x0000000094100000, 0x0000000094100000|100%|HC|  |TAMS 0x0000000094000000| PB 0x0000000094000000| Complete 
| 321|0x0000000094100000, 0x0000000094200000, 0x0000000094200000|100%|HS|  |TAMS 0x0000000094100000| PB 0x0000000094100000| Complete 
| 322|0x0000000094200000, 0x0000000094300000, 0x0000000094300000|100%|HC|  |TAMS 0x0000000094200000| PB 0x0000000094200000| Complete 
| 323|0x0000000094300000, 0x0000000094400000, 0x0000000094400000|100%|HS|  |TAMS 0x0000000094300000| PB 0x0000000094300000| Complete 
| 324|0x0000000094400000, 0x0000000094500000, 0x0000000094500000|100%|HC|  |TAMS 0x0000000094400000| PB 0x0000000094400000| Complete 
| 325|0x0000000094500000, 0x0000000094600000, 0x0000000094600000|100%|HS|  |TAMS 0x0000000094500000| PB 0x0000000094500000| Complete 
| 326|0x0000000094600000, 0x0000000094700000, 0x0000000094700000|100%|HC|  |TAMS 0x0000000094600000| PB 0x0000000094600000| Complete 
| 327|0x0000000094700000, 0x0000000094800000, 0x0000000094800000|100%|HS|  |TAMS 0x0000000094700000| PB 0x0000000094700000| Complete 
| 328|0x0000000094800000, 0x0000000094900000, 0x0000000094900000|100%|HC|  |TAMS 0x0000000094800000| PB 0x0000000094800000| Complete 
| 329|0x0000000094900000, 0x0000000094a00000, 0x0000000094a00000|100%|HS|  |TAMS 0x0000000094900000| PB 0x0000000094900000| Complete 
| 330|0x0000000094a00000, 0x0000000094b00000, 0x0000000094b00000|100%|HC|  |TAMS 0x0000000094a00000| PB 0x0000000094a00000| Complete 
| 331|0x0000000094b00000, 0x0000000094c00000, 0x0000000094c00000|100%|HS|  |TAMS 0x0000000094b00000| PB 0x0000000094b00000| Complete 
| 332|0x0000000094c00000, 0x0000000094d00000, 0x0000000094d00000|100%|HC|  |TAMS 0x0000000094c00000| PB 0x0000000094c00000| Complete 
| 333|0x0000000094d00000, 0x0000000094e00000, 0x0000000094e00000|100%|HS|  |TAMS 0x0000000094d00000| PB 0x0000000094d00000| Complete 
| 334|0x0000000094e00000, 0x0000000094f00000, 0x0000000094f00000|100%|HC|  |TAMS 0x0000000094e00000| PB 0x0000000094e00000| Complete 
| 335|0x0000000094f00000, 0x0000000095000000, 0x0000000095000000|100%|HS|  |TAMS 0x0000000094f00000| PB 0x0000000094f00000| Complete 
| 336|0x0000000095000000, 0x0000000095100000, 0x0000000095100000|100%|HC|  |TAMS 0x0000000095000000| PB 0x0000000095000000| Complete 
| 337|0x0000000095100000, 0x0000000095200000, 0x0000000095200000|100%|HS|  |TAMS 0x0000000095100000| PB 0x0000000095100000| Complete 
| 338|0x0000000095200000, 0x0000000095300000, 0x0000000095300000|100%|HC|  |TAMS 0x0000000095200000| PB 0x0000000095200000| Complete 
| 339|0x0000000095300000, 0x0000000095400000, 0x0000000095400000|100%|HS|  |TAMS 0x0000000095300000| PB 0x0000000095300000| Complete 
| 340|0x0000000095400000, 0x0000000095500000, 0x0000000095500000|100%|HC|  |TAMS 0x0000000095400000| PB 0x0000000095400000| Complete 
| 341|0x0000000095500000, 0x0000000095600000, 0x0000000095600000|100%|HS|  |TAMS 0x0000000095500000| PB 0x0000000095500000| Complete 
| 342|0x0000000095600000, 0x0000000095700000, 0x0000000095700000|100%|HC|  |TAMS 0x0000000095600000| PB 0x0000000095600000| Complete 
| 343|0x0000000095700000, 0x0000000095800000, 0x0000000095800000|100%|HS|  |TAMS 0x0000000095700000| PB 0x0000000095700000| Complete 
| 344|0x0000000095800000, 0x0000000095900000, 0x0000000095900000|100%|HC|  |TAMS 0x0000000095800000| PB 0x0000000095800000| Complete 
| 345|0x0000000095900000, 0x0000000095a00000, 0x0000000095a00000|100%|HS|  |TAMS 0x0000000095900000| PB 0x0000000095900000| Complete 
| 346|0x0000000095a00000, 0x0000000095b00000, 0x0000000095b00000|100%|HC|  |TAMS 0x0000000095a00000| PB 0x0000000095a00000| Complete 
| 347|0x0000000095b00000, 0x0000000095c00000, 0x0000000095c00000|100%|HS|  |TAMS 0x0000000095b00000| PB 0x0000000095b00000| Complete 
| 348|0x0000000095c00000, 0x0000000095d00000, 0x0000000095d00000|100%|HC|  |TAMS 0x0000000095c00000| PB 0x0000000095c00000| Complete 
| 349|0x0000000095d00000, 0x0000000095e00000, 0x0000000095e00000|100%|HS|  |TAMS 0x0000000095d00000| PB 0x0000000095d00000| Complete 
| 350|0x0000000095e00000, 0x0000000095f00000, 0x0000000095f00000|100%|HC|  |TAMS 0x0000000095e00000| PB 0x0000000095e00000| Complete 
| 351|0x0000000095f00000, 0x0000000096000000, 0x0000000096000000|100%|HS|  |TAMS 0x0000000095f00000| PB 0x0000000095f00000| Complete 
| 352|0x0000000096000000, 0x0000000096100000, 0x0000000096100000|100%|HC|  |TAMS 0x0000000096000000| PB 0x0000000096000000| Complete 
| 353|0x0000000096100000, 0x0000000096200000, 0x0000000096200000|100%|HS|  |TAMS 0x0000000096100000| PB 0x0000000096100000| Complete 
| 354|0x0000000096200000, 0x0000000096300000, 0x0000000096300000|100%|HC|  |TAMS 0x0000000096200000| PB 0x0000000096200000| Complete 
| 355|0x0000000096300000, 0x0000000096400000, 0x0000000096400000|100%|HS|  |TAMS 0x0000000096300000| PB 0x0000000096300000| Complete 
| 356|0x0000000096400000, 0x0000000096500000, 0x0000000096500000|100%|HC|  |TAMS 0x0000000096400000| PB 0x0000000096400000| Complete 
| 357|0x0000000096500000, 0x0000000096600000, 0x0000000096600000|100%|HS|  |TAMS 0x0000000096500000| PB 0x0000000096500000| Complete 
| 358|0x0000000096600000, 0x0000000096700000, 0x0000000096700000|100%|HC|  |TAMS 0x0000000096600000| PB 0x0000000096600000| Complete 
| 359|0x0000000096700000, 0x0000000096800000, 0x0000000096800000|100%|HS|  |TAMS 0x0000000096700000| PB 0x0000000096700000| Complete 
| 360|0x0000000096800000, 0x0000000096900000, 0x0000000096900000|100%|HC|  |TAMS 0x0000000096800000| PB 0x0000000096800000| Complete 
| 361|0x0000000096900000, 0x0000000096a00000, 0x0000000096a00000|100%|HS|  |TAMS 0x0000000096900000| PB 0x0000000096900000| Complete 
| 362|0x0000000096a00000, 0x0000000096b00000, 0x0000000096b00000|100%|HC|  |TAMS 0x0000000096a00000| PB 0x0000000096a00000| Complete 
| 363|0x0000000096b00000, 0x0000000096c00000, 0x0000000096c00000|100%|HS|  |TAMS 0x0000000096b00000| PB 0x0000000096b00000| Complete 
| 364|0x0000000096c00000, 0x0000000096d00000, 0x0000000096d00000|100%|HC|  |TAMS 0x0000000096c00000| PB 0x0000000096c00000| Complete 
| 365|0x0000000096d00000, 0x0000000096e00000, 0x0000000096e00000|100%|HS|  |TAMS 0x0000000096d00000| PB 0x0000000096d00000| Complete 
| 366|0x0000000096e00000, 0x0000000096f00000, 0x0000000096f00000|100%|HC|  |TAMS 0x0000000096e00000| PB 0x0000000096e00000| Complete 
| 367|0x0000000096f00000, 0x0000000097000000, 0x0000000097000000|100%|HS|  |TAMS 0x0000000096f00000| PB 0x0000000096f00000| Complete 
| 368|0x0000000097000000, 0x0000000097100000, 0x0000000097100000|100%|HC|  |TAMS 0x0000000097000000| PB 0x0000000097000000| Complete 
| 369|0x0000000097100000, 0x0000000097200000, 0x0000000097200000|100%|HS|  |TAMS 0x0000000097100000| PB 0x0000000097100000| Complete 
| 370|0x0000000097200000, 0x0000000097300000, 0x0000000097300000|100%|HC|  |TAMS 0x0000000097200000| PB 0x0000000097200000| Complete 
| 371|0x0000000097300000, 0x0000000097400000, 0x0000000097400000|100%|HS|  |TAMS 0x0000000097300000| PB 0x0000000097300000| Complete 
| 372|0x0000000097400000, 0x0000000097500000, 0x0000000097500000|100%|HC|  |TAMS 0x0000000097400000| PB 0x0000000097400000| Complete 
| 373|0x0000000097500000, 0x0000000097600000, 0x0000000097600000|100%|HS|  |TAMS 0x0000000097500000| PB 0x0000000097500000| Complete 
| 374|0x0000000097600000, 0x0000000097700000, 0x0000000097700000|100%|HC|  |TAMS 0x0000000097600000| PB 0x0000000097600000| Complete 
| 375|0x0000000097700000, 0x0000000097800000, 0x0000000097800000|100%|HS|  |TAMS 0x0000000097700000| PB 0x0000000097700000| Complete 
| 376|0x0000000097800000, 0x0000000097900000, 0x0000000097900000|100%|HC|  |TAMS 0x0000000097800000| PB 0x0000000097800000| Complete 
| 377|0x0000000097900000, 0x0000000097a00000, 0x0000000097a00000|100%|HS|  |TAMS 0x0000000097900000| PB 0x0000000097900000| Complete 
| 378|0x0000000097a00000, 0x0000000097b00000, 0x0000000097b00000|100%|HC|  |TAMS 0x0000000097a00000| PB 0x0000000097a00000| Complete 
| 379|0x0000000097b00000, 0x0000000097c00000, 0x0000000097c00000|100%|HS|  |TAMS 0x0000000097b00000| PB 0x0000000097b00000| Complete 
| 380|0x0000000097c00000, 0x0000000097d00000, 0x0000000097d00000|100%|HC|  |TAMS 0x0000000097c00000| PB 0x0000000097c00000| Complete 
| 381|0x0000000097d00000, 0x0000000097e00000, 0x0000000097e00000|100%|HS|  |TAMS 0x0000000097d00000| PB 0x0000000097d00000| Complete 
| 382|0x0000000097e00000, 0x0000000097f00000, 0x0000000097f00000|100%|HC|  |TAMS 0x0000000097e00000| PB 0x0000000097e00000| Complete 
| 383|0x0000000097f00000, 0x0000000098000000, 0x0000000098000000|100%|HS|  |TAMS 0x0000000097f00000| PB 0x0000000097f00000| Complete 
| 384|0x0000000098000000, 0x0000000098100000, 0x0000000098100000|100%|HC|  |TAMS 0x0000000098000000| PB 0x0000000098000000| Complete 
| 385|0x0000000098100000, 0x0000000098200000, 0x0000000098200000|100%|HS|  |TAMS 0x0000000098100000| PB 0x0000000098100000| Complete 
| 386|0x0000000098200000, 0x0000000098300000, 0x0000000098300000|100%|HC|  |TAMS 0x0000000098200000| PB 0x0000000098200000| Complete 
| 387|0x0000000098300000, 0x0000000098400000, 0x0000000098400000|100%|HS|  |TAMS 0x0000000098300000| PB 0x0000000098300000| Complete 
| 388|0x0000000098400000, 0x0000000098500000, 0x0000000098500000|100%|HC|  |TAMS 0x0000000098400000| PB 0x0000000098400000| Complete 
| 389|0x0000000098500000, 0x0000000098600000, 0x0000000098600000|100%|HS|  |TAMS 0x0000000098500000| PB 0x0000000098500000| Complete 
| 390|0x0000000098600000, 0x0000000098700000, 0x0000000098700000|100%|HC|  |TAMS 0x0000000098600000| PB 0x0000000098600000| Complete 
| 391|0x0000000098700000, 0x0000000098800000, 0x0000000098800000|100%|HS|  |TAMS 0x0000000098700000| PB 0x0000000098700000| Complete 
| 392|0x0000000098800000, 0x0000000098900000, 0x0000000098900000|100%|HC|  |TAMS 0x0000000098800000| PB 0x0000000098800000| Complete 
| 393|0x0000000098900000, 0x0000000098a00000, 0x0000000098a00000|100%|HS|  |TAMS 0x0000000098900000| PB 0x0000000098900000| Complete 
| 394|0x0000000098a00000, 0x0000000098b00000, 0x0000000098b00000|100%|HC|  |TAMS 0x0000000098a00000| PB 0x0000000098a00000| Complete 
| 395|0x0000000098b00000, 0x0000000098c00000, 0x0000000098c00000|100%|HS|  |TAMS 0x0000000098b00000| PB 0x0000000098b00000| Complete 
| 396|0x0000000098c00000, 0x0000000098d00000, 0x0000000098d00000|100%|HC|  |TAMS 0x0000000098c00000| PB 0x0000000098c00000| Complete 
| 397|0x0000000098d00000, 0x0000000098e00000, 0x0000000098e00000|100%|HS|  |TAMS 0x0000000098d00000| PB 0x0000000098d00000| Complete 
| 398|0x0000000098e00000, 0x0000000098f00000, 0x0000000098f00000|100%|HC|  |TAMS 0x0000000098e00000| PB 0x0000000098e00000| Complete 
| 399|0x0000000098f00000, 0x0000000099000000, 0x0000000099000000|100%|HS|  |TAMS 0x0000000098f00000| PB 0x0000000098f00000| Complete 
| 400|0x0000000099000000, 0x0000000099100000, 0x0000000099100000|100%|HC|  |TAMS 0x0000000099000000| PB 0x0000000099000000| Complete 
| 401|0x0000000099100000, 0x0000000099200000, 0x0000000099200000|100%|HS|  |TAMS 0x0000000099100000| PB 0x0000000099100000| Complete 
| 402|0x0000000099200000, 0x0000000099300000, 0x0000000099300000|100%|HC|  |TAMS 0x0000000099200000| PB 0x0000000099200000| Complete 
| 403|0x0000000099300000, 0x0000000099400000, 0x0000000099400000|100%|HS|  |TAMS 0x0000000099300000| PB 0x0000000099300000| Complete 
| 404|0x0000000099400000, 0x0000000099500000, 0x0000000099500000|100%|HC|  |TAMS 0x0000000099400000| PB 0x0000000099400000| Complete 
| 405|0x0000000099500000, 0x0000000099600000, 0x0000000099600000|100%|HS|  |TAMS 0x0000000099500000| PB 0x0000000099500000| Complete 
| 406|0x0000000099600000, 0x0000000099700000, 0x0000000099700000|100%|HC|  |TAMS 0x0000000099600000| PB 0x0000000099600000| Complete 
| 407|0x0000000099700000, 0x0000000099800000, 0x0000000099800000|100%|HS|  |TAMS 0x0000000099700000| PB 0x0000000099700000| Complete 
| 408|0x0000000099800000, 0x0000000099900000, 0x0000000099900000|100%|HC|  |TAMS 0x0000000099800000| PB 0x0000000099800000| Complete 
| 409|0x0000000099900000, 0x0000000099a00000, 0x0000000099a00000|100%|HS|  |TAMS 0x0000000099900000| PB 0x0000000099900000| Complete 
| 410|0x0000000099a00000, 0x0000000099b00000, 0x0000000099b00000|100%|HC|  |TAMS 0x0000000099a00000| PB 0x0000000099a00000| Complete 
| 411|0x0000000099b00000, 0x0000000099c00000, 0x0000000099c00000|100%|HS|  |TAMS 0x0000000099b00000| PB 0x0000000099b00000| Complete 
| 412|0x0000000099c00000, 0x0000000099d00000, 0x0000000099d00000|100%|HC|  |TAMS 0x0000000099c00000| PB 0x0000000099c00000| Complete 
| 413|0x0000000099d00000, 0x0000000099e00000, 0x0000000099e00000|100%|HS|  |TAMS 0x0000000099d00000| PB 0x0000000099d00000| Complete 
| 414|0x0000000099e00000, 0x0000000099f00000, 0x0000000099f00000|100%|HC|  |TAMS 0x0000000099e00000| PB 0x0000000099e00000| Complete 
| 415|0x0000000099f00000, 0x000000009a000000, 0x000000009a000000|100%|HS|  |TAMS 0x0000000099f00000| PB 0x0000000099f00000| Complete 
| 416|0x000000009a000000, 0x000000009a100000, 0x000000009a100000|100%|HC|  |TAMS 0x000000009a000000| PB 0x000000009a000000| Complete 
| 417|0x000000009a100000, 0x000000009a200000, 0x000000009a200000|100%|HS|  |TAMS 0x000000009a100000| PB 0x000000009a100000| Complete 
| 418|0x000000009a200000, 0x000000009a300000, 0x000000009a300000|100%|HC|  |TAMS 0x000000009a200000| PB 0x000000009a200000| Complete 
| 419|0x000000009a300000, 0x000000009a400000, 0x000000009a400000|100%|HS|  |TAMS 0x000000009a300000| PB 0x000000009a300000| Complete 
| 420|0x000000009a400000, 0x000000009a500000, 0x000000009a500000|100%|HC|  |TAMS 0x000000009a400000| PB 0x000000009a400000| Complete 
| 421|0x000000009a500000, 0x000000009a600000, 0x000000009a600000|100%|HS|  |TAMS 0x000000009a500000| PB 0x000000009a500000| Complete 
| 422|0x000000009a600000, 0x000000009a700000, 0x000000009a700000|100%|HC|  |TAMS 0x000000009a600000| PB 0x000000009a600000| Complete 
| 423|0x000000009a700000, 0x000000009a800000, 0x000000009a800000|100%|HS|  |TAMS 0x000000009a700000| PB 0x000000009a700000| Complete 
| 424|0x000000009a800000, 0x000000009a900000, 0x000000009a900000|100%|HC|  |TAMS 0x000000009a800000| PB 0x000000009a800000| Complete 
| 425|0x000000009a900000, 0x000000009aa00000, 0x000000009aa00000|100%|HS|  |TAMS 0x000000009a900000| PB 0x000000009a900000| Complete 
| 426|0x000000009aa00000, 0x000000009ab00000, 0x000000009ab00000|100%|HC|  |TAMS 0x000000009aa00000| PB 0x000000009aa00000| Complete 
| 427|0x000000009ab00000, 0x000000009ac00000, 0x000000009ac00000|100%|HS|  |TAMS 0x000000009ab00000| PB 0x000000009ab00000| Complete 
| 428|0x000000009ac00000, 0x000000009ad00000, 0x000000009ad00000|100%|HC|  |TAMS 0x000000009ac00000| PB 0x000000009ac00000| Complete 
| 429|0x000000009ad00000, 0x000000009ae00000, 0x000000009ae00000|100%|HS|  |TAMS 0x000000009ad00000| PB 0x000000009ad00000| Complete 
| 430|0x000000009ae00000, 0x000000009af00000, 0x000000009af00000|100%|HC|  |TAMS 0x000000009ae00000| PB 0x000000009ae00000| Complete 
| 431|0x000000009af00000, 0x000000009b000000, 0x000000009b000000|100%|HS|  |TAMS 0x000000009af00000| PB 0x000000009af00000| Complete 
| 432|0x000000009b000000, 0x000000009b100000, 0x000000009b100000|100%|HC|  |TAMS 0x000000009b000000| PB 0x000000009b000000| Complete 
| 433|0x000000009b100000, 0x000000009b200000, 0x000000009b200000|100%|HS|  |TAMS 0x000000009b100000| PB 0x000000009b100000| Complete 
| 434|0x000000009b200000, 0x000000009b300000, 0x000000009b300000|100%|HC|  |TAMS 0x000000009b200000| PB 0x000000009b200000| Complete 
| 435|0x000000009b300000, 0x000000009b400000, 0x000000009b400000|100%|HS|  |TAMS 0x000000009b300000| PB 0x000000009b300000| Complete 
| 436|0x000000009b400000, 0x000000009b500000, 0x000000009b500000|100%|HC|  |TAMS 0x000000009b400000| PB 0x000000009b400000| Complete 
| 437|0x000000009b500000, 0x000000009b600000, 0x000000009b600000|100%|HS|  |TAMS 0x000000009b500000| PB 0x000000009b500000| Complete 
| 438|0x000000009b600000, 0x000000009b700000, 0x000000009b700000|100%|HC|  |TAMS 0x000000009b600000| PB 0x000000009b600000| Complete 
| 439|0x000000009b700000, 0x000000009b800000, 0x000000009b800000|100%|HS|  |TAMS 0x000000009b700000| PB 0x000000009b700000| Complete 
| 440|0x000000009b800000, 0x000000009b900000, 0x000000009b900000|100%|HC|  |TAMS 0x000000009b800000| PB 0x000000009b800000| Complete 
| 441|0x000000009b900000, 0x000000009ba00000, 0x000000009ba00000|100%|HS|  |TAMS 0x000000009b900000| PB 0x000000009b900000| Complete 
| 442|0x000000009ba00000, 0x000000009bb00000, 0x000000009bb00000|100%|HC|  |TAMS 0x000000009ba00000| PB 0x000000009ba00000| Complete 
| 443|0x000000009bb00000, 0x000000009bc00000, 0x000000009bc00000|100%|HS|  |TAMS 0x000000009bb00000| PB 0x000000009bb00000| Complete 
| 444|0x000000009bc00000, 0x000000009bd00000, 0x000000009bd00000|100%|HC|  |TAMS 0x000000009bc00000| PB 0x000000009bc00000| Complete 
| 445|0x000000009bd00000, 0x000000009be00000, 0x000000009be00000|100%|HS|  |TAMS 0x000000009bd00000| PB 0x000000009bd00000| Complete 
| 446|0x000000009be00000, 0x000000009bf00000, 0x000000009bf00000|100%|HC|  |TAMS 0x000000009be00000| PB 0x000000009be00000| Complete 
| 447|0x000000009bf00000, 0x000000009c000000, 0x000000009c000000|100%|HS|  |TAMS 0x000000009bf00000| PB 0x000000009bf00000| Complete 
| 448|0x000000009c000000, 0x000000009c100000, 0x000000009c100000|100%|HC|  |TAMS 0x000000009c000000| PB 0x000000009c000000| Complete 
| 449|0x000000009c100000, 0x000000009c200000, 0x000000009c200000|100%|HS|  |TAMS 0x000000009c100000| PB 0x000000009c100000| Complete 
| 450|0x000000009c200000, 0x000000009c300000, 0x000000009c300000|100%|HC|  |TAMS 0x000000009c200000| PB 0x000000009c200000| Complete 
| 451|0x000000009c300000, 0x000000009c400000, 0x000000009c400000|100%|HS|  |TAMS 0x000000009c300000| PB 0x000000009c300000| Complete 
| 452|0x000000009c400000, 0x000000009c500000, 0x000000009c500000|100%|HC|  |TAMS 0x000000009c400000| PB 0x000000009c400000| Complete 
| 453|0x000000009c500000, 0x000000009c600000, 0x000000009c600000|100%|HS|  |TAMS 0x000000009c500000| PB 0x000000009c500000| Complete 
| 454|0x000000009c600000, 0x000000009c700000, 0x000000009c700000|100%|HC|  |TAMS 0x000000009c600000| PB 0x000000009c600000| Complete 
| 455|0x000000009c700000, 0x000000009c7bfde8, 0x000000009c800000| 74%| E|  |TAMS 0x000000009c700000| PB 0x000000009c700000| Complete 
| 456|0x000000009c800000, 0x000000009c900000, 0x000000009c900000|100%| E|CS|TAMS 0x000000009c800000| PB 0x000000009c800000| Complete 
| 457|0x000000009c900000, 0x000000009ca00000, 0x000000009ca00000|100%| E|CS|TAMS 0x000000009c900000| PB 0x000000009c900000| Complete 
| 458|0x000000009ca00000, 0x000000009cb00000, 0x000000009cb00000|100%| E|CS|TAMS 0x000000009ca00000| PB 0x000000009ca00000| Complete 
| 459|0x000000009cb00000, 0x000000009cc00000, 0x000000009cc00000|100%| E|CS|TAMS 0x000000009cb00000| PB 0x000000009cb00000| Complete 
| 460|0x000000009cc00000, 0x000000009cd00000, 0x000000009cd00000|100%| E|CS|TAMS 0x000000009cc00000| PB 0x000000009cc00000| Complete 
| 461|0x000000009cd00000, 0x000000009ce00000, 0x000000009ce00000|100%| E|CS|TAMS 0x000000009cd00000| PB 0x000000009cd00000| Complete 
| 462|0x000000009ce00000, 0x000000009cf00000, 0x000000009cf00000|100%| E|CS|TAMS 0x000000009ce00000| PB 0x000000009ce00000| Complete 
| 463|0x000000009cf00000, 0x000000009d000000, 0x000000009d000000|100%| E|CS|TAMS 0x000000009cf00000| PB 0x000000009cf00000| Complete 
| 464|0x000000009d000000, 0x000000009d100000, 0x000000009d100000|100%| E|CS|TAMS 0x000000009d000000| PB 0x000000009d000000| Complete 
| 465|0x000000009d100000, 0x000000009d200000, 0x000000009d200000|100%| E|CS|TAMS 0x000000009d100000| PB 0x000000009d100000| Complete 
| 466|0x000000009d200000, 0x000000009d300000, 0x000000009d300000|100%| E|CS|TAMS 0x000000009d200000| PB 0x000000009d200000| Complete 
| 467|0x000000009d300000, 0x000000009d400000, 0x000000009d400000|100%| E|CS|TAMS 0x000000009d300000| PB 0x000000009d300000| Complete 
| 468|0x000000009d400000, 0x000000009d500000, 0x000000009d500000|100%| E|CS|TAMS 0x000000009d400000| PB 0x000000009d400000| Complete 
| 469|0x000000009d500000, 0x000000009d600000, 0x000000009d600000|100%| E|CS|TAMS 0x000000009d500000| PB 0x000000009d500000| Complete 
| 470|0x000000009d600000, 0x000000009d700000, 0x000000009d700000|100%| E|CS|TAMS 0x000000009d600000| PB 0x000000009d600000| Complete 
| 471|0x000000009d700000, 0x000000009d800000, 0x000000009d800000|100%| E|  |TAMS 0x000000009d700000| PB 0x000000009d700000| Complete 
| 472|0x000000009d800000, 0x000000009d900000, 0x000000009d900000|100%| E|CS|TAMS 0x000000009d800000| PB 0x000000009d800000| Complete 
| 473|0x000000009d900000, 0x000000009da00000, 0x000000009da00000|100%| E|CS|TAMS 0x000000009d900000| PB 0x000000009d900000| Complete 
| 474|0x000000009da00000, 0x000000009db00000, 0x000000009db00000|100%| E|CS|TAMS 0x000000009da00000| PB 0x000000009da00000| Complete 
| 475|0x000000009db00000, 0x000000009dc00000, 0x000000009dc00000|100%| E|CS|TAMS 0x000000009db00000| PB 0x000000009db00000| Complete 
| 476|0x000000009dc00000, 0x000000009dd00000, 0x000000009dd00000|100%| E|CS|TAMS 0x000000009dc00000| PB 0x000000009dc00000| Complete 
| 477|0x000000009dd00000, 0x000000009de00000, 0x000000009de00000|100%| E|CS|TAMS 0x000000009dd00000| PB 0x000000009dd00000| Complete 
| 478|0x000000009de00000, 0x000000009df00000, 0x000000009df00000|100%| E|CS|TAMS 0x000000009de00000| PB 0x000000009de00000| Complete 
| 479|0x000000009df00000, 0x000000009e000000, 0x000000009e000000|100%| E|CS|TAMS 0x000000009df00000| PB 0x000000009df00000| Complete 
| 480|0x000000009e000000, 0x000000009e100000, 0x000000009e100000|100%| E|CS|TAMS 0x000000009e000000| PB 0x000000009e000000| Complete 
| 481|0x000000009e100000, 0x000000009e200000, 0x000000009e200000|100%| E|CS|TAMS 0x000000009e100000| PB 0x000000009e100000| Complete 
| 482|0x000000009e200000, 0x000000009e300000, 0x000000009e300000|100%| E|CS|TAMS 0x000000009e200000| PB 0x000000009e200000| Complete 
| 483|0x000000009e300000, 0x000000009e400000, 0x000000009e400000|100%| E|CS|TAMS 0x000000009e300000| PB 0x000000009e300000| Complete 
| 484|0x000000009e400000, 0x000000009e500000, 0x000000009e500000|100%| E|CS|TAMS 0x000000009e400000| PB 0x000000009e400000| Complete 
| 485|0x000000009e500000, 0x000000009e600000, 0x000000009e600000|100%| E|CS|TAMS 0x000000009e500000| PB 0x000000009e500000| Complete 
| 486|0x000000009e600000, 0x000000009e700000, 0x000000009e700000|100%| E|CS|TAMS 0x000000009e600000| PB 0x000000009e600000| Complete 
| 487|0x000000009e700000, 0x000000009e800000, 0x000000009e800000|100%| E|CS|TAMS 0x000000009e700000| PB 0x000000009e700000| Complete 
| 488|0x000000009e800000, 0x000000009e900000, 0x000000009e900000|100%| E|CS|TAMS 0x000000009e800000| PB 0x000000009e800000| Complete 
| 489|0x000000009e900000, 0x000000009ea00000, 0x000000009ea00000|100%| E|CS|TAMS 0x000000009e900000| PB 0x000000009e900000| Complete 
| 490|0x000000009ea00000, 0x000000009eb00000, 0x000000009eb00000|100%| E|CS|TAMS 0x000000009ea00000| PB 0x000000009ea00000| Complete 
| 491|0x000000009eb00000, 0x000000009ec00000, 0x000000009ec00000|100%| E|CS|TAMS 0x000000009eb00000| PB 0x000000009eb00000| Complete 
| 492|0x000000009ec00000, 0x000000009ed00000, 0x000000009ed00000|100%| E|CS|TAMS 0x000000009ec00000| PB 0x000000009ec00000| Complete 
| 493|0x000000009ed00000, 0x000000009ee00000, 0x000000009ee00000|100%| E|CS|TAMS 0x000000009ed00000| PB 0x000000009ed00000| Complete 
| 494|0x000000009ee00000, 0x000000009ef00000, 0x000000009ef00000|100%| E|CS|TAMS 0x000000009ee00000| PB 0x000000009ee00000| Complete 
| 495|0x000000009ef00000, 0x000000009f000000, 0x000000009f000000|100%| E|CS|TAMS 0x000000009ef00000| PB 0x000000009ef00000| Complete 
| 496|0x000000009f000000, 0x000000009f100000, 0x000000009f100000|100%| E|CS|TAMS 0x000000009f000000| PB 0x000000009f000000| Complete 
| 497|0x000000009f100000, 0x000000009f200000, 0x000000009f200000|100%| E|CS|TAMS 0x000000009f100000| PB 0x000000009f100000| Complete 
| 498|0x000000009f200000, 0x000000009f300000, 0x000000009f300000|100%| E|CS|TAMS 0x000000009f200000| PB 0x000000009f200000| Complete 
| 499|0x000000009f300000, 0x000000009f400000, 0x000000009f400000|100%| E|CS|TAMS 0x000000009f300000| PB 0x000000009f300000| Complete 
| 500|0x000000009f400000, 0x000000009f500000, 0x000000009f500000|100%| E|CS|TAMS 0x000000009f400000| PB 0x000000009f400000| Complete 
| 501|0x000000009f500000, 0x000000009f600000, 0x000000009f600000|100%| E|CS|TAMS 0x000000009f500000| PB 0x000000009f500000| Complete 
| 502|0x000000009f600000, 0x000000009f700000, 0x000000009f700000|100%| E|CS|TAMS 0x000000009f600000| PB 0x000000009f600000| Complete 
| 503|0x000000009f700000, 0x000000009f800000, 0x000000009f800000|100%| E|CS|TAMS 0x000000009f700000| PB 0x000000009f700000| Complete 
| 504|0x000000009f800000, 0x000000009f900000, 0x000000009f900000|100%| E|CS|TAMS 0x000000009f800000| PB 0x000000009f800000| Complete 
| 505|0x000000009f900000, 0x000000009fa00000, 0x000000009fa00000|100%| E|CS|TAMS 0x000000009f900000| PB 0x000000009f900000| Complete 
| 506|0x000000009fa00000, 0x000000009fb00000, 0x000000009fb00000|100%| E|CS|TAMS 0x000000009fa00000| PB 0x000000009fa00000| Complete 
| 507|0x000000009fb00000, 0x000000009fc00000, 0x000000009fc00000|100%| E|CS|TAMS 0x000000009fb00000| PB 0x000000009fb00000| Complete 
| 508|0x000000009fc00000, 0x000000009fd00000, 0x000000009fd00000|100%| E|CS|TAMS 0x000000009fc00000| PB 0x000000009fc00000| Complete 
| 509|0x000000009fd00000, 0x000000009fe00000, 0x000000009fe00000|100%| E|CS|TAMS 0x000000009fd00000| PB 0x000000009fd00000| Complete 
| 510|0x000000009fe00000, 0x000000009ff00000, 0x000000009ff00000|100%| E|CS|TAMS 0x000000009fe00000| PB 0x000000009fe00000| Complete 
| 511|0x000000009ff00000, 0x00000000a0000000, 0x00000000a0000000|100%| E|CS|TAMS 0x000000009ff00000| PB 0x000000009ff00000| Complete 
| 512|0x00000000a0000000, 0x00000000a0100000, 0x00000000a0100000|100%| E|CS|TAMS 0x00000000a0000000| PB 0x00000000a0000000| Complete 
| 513|0x00000000a0100000, 0x00000000a0200000, 0x00000000a0200000|100%| E|CS|TAMS 0x00000000a0100000| PB 0x00000000a0100000| Complete 
| 514|0x00000000a0200000, 0x00000000a0300000, 0x00000000a0300000|100%| E|CS|TAMS 0x00000000a0200000| PB 0x00000000a0200000| Complete 
| 515|0x00000000a0300000, 0x00000000a0400000, 0x00000000a0400000|100%| E|CS|TAMS 0x00000000a0300000| PB 0x00000000a0300000| Complete 
| 516|0x00000000a0400000, 0x00000000a0500000, 0x00000000a0500000|100%| E|CS|TAMS 0x00000000a0400000| PB 0x00000000a0400000| Complete 
| 517|0x00000000a0500000, 0x00000000a0600000, 0x00000000a0600000|100%| E|CS|TAMS 0x00000000a0500000| PB 0x00000000a0500000| Complete 
| 518|0x00000000a0600000, 0x00000000a0700000, 0x00000000a0700000|100%| E|CS|TAMS 0x00000000a0600000| PB 0x00000000a0600000| Complete 
| 519|0x00000000a0700000, 0x00000000a0800000, 0x00000000a0800000|100%| E|CS|TAMS 0x00000000a0700000| PB 0x00000000a0700000| Complete 
| 520|0x00000000a0800000, 0x00000000a0900000, 0x00000000a0900000|100%| E|CS|TAMS 0x00000000a0800000| PB 0x00000000a0800000| Complete 
| 521|0x00000000a0900000, 0x00000000a0a00000, 0x00000000a0a00000|100%| E|CS|TAMS 0x00000000a0900000| PB 0x00000000a0900000| Complete 
| 522|0x00000000a0a00000, 0x00000000a0b00000, 0x00000000a0b00000|100%| E|CS|TAMS 0x00000000a0a00000| PB 0x00000000a0a00000| Complete 
| 523|0x00000000a0b00000, 0x00000000a0c00000, 0x00000000a0c00000|100%| E|CS|TAMS 0x00000000a0b00000| PB 0x00000000a0b00000| Complete 
| 524|0x00000000a0c00000, 0x00000000a0d00000, 0x00000000a0d00000|100%| E|CS|TAMS 0x00000000a0c00000| PB 0x00000000a0c00000| Complete 
| 525|0x00000000a0d00000, 0x00000000a0e00000, 0x00000000a0e00000|100%| S|CS|TAMS 0x00000000a0d00000| PB 0x00000000a0d00000| Complete 
| 526|0x00000000a0e00000, 0x00000000a0f00000, 0x00000000a0f00000|100%| S|CS|TAMS 0x00000000a0e00000| PB 0x00000000a0e00000| Complete 
| 527|0x00000000a0f00000, 0x00000000a1000000, 0x00000000a1000000|100%| S|CS|TAMS 0x00000000a0f00000| PB 0x00000000a0f00000| Complete 
| 528|0x00000000a1000000, 0x00000000a1100000, 0x00000000a1100000|100%| S|CS|TAMS 0x00000000a1000000| PB 0x00000000a1000000| Complete 
| 529|0x00000000a1100000, 0x00000000a1200000, 0x00000000a1200000|100%| S|CS|TAMS 0x00000000a1100000| PB 0x00000000a1100000| Complete 
| 530|0x00000000a1200000, 0x00000000a1300000, 0x00000000a1300000|100%| S|CS|TAMS 0x00000000a1200000| PB 0x00000000a1200000| Complete 
| 531|0x00000000a1300000, 0x00000000a1400000, 0x00000000a1400000|100%| S|CS|TAMS 0x00000000a1300000| PB 0x00000000a1300000| Complete 
| 532|0x00000000a1400000, 0x00000000a1500000, 0x00000000a1500000|100%| S|CS|TAMS 0x00000000a1400000| PB 0x00000000a1400000| Complete 
| 533|0x00000000a1500000, 0x00000000a1600000, 0x00000000a1600000|100%| S|CS|TAMS 0x00000000a1500000| PB 0x00000000a1500000| Complete 
| 534|0x00000000a1600000, 0x00000000a1700000, 0x00000000a1700000|100%| E|CS|TAMS 0x00000000a1600000| PB 0x00000000a1600000| Complete 
| 535|0x00000000a1700000, 0x00000000a1800000, 0x00000000a1800000|100%| E|CS|TAMS 0x00000000a1700000| PB 0x00000000a1700000| Complete 
| 536|0x00000000a1800000, 0x00000000a1900000, 0x00000000a1900000|100%| E|CS|TAMS 0x00000000a1800000| PB 0x00000000a1800000| Complete 
| 537|0x00000000a1900000, 0x00000000a1a00000, 0x00000000a1a00000|100%| E|CS|TAMS 0x00000000a1900000| PB 0x00000000a1900000| Complete 
| 538|0x00000000a1a00000, 0x00000000a1b00000, 0x00000000a1b00000|100%| E|CS|TAMS 0x00000000a1a00000| PB 0x00000000a1a00000| Complete 
| 539|0x00000000a1b00000, 0x00000000a1c00000, 0x00000000a1c00000|100%| E|CS|TAMS 0x00000000a1b00000| PB 0x00000000a1b00000| Complete 
| 540|0x00000000a1c00000, 0x00000000a1d00000, 0x00000000a1d00000|100%| E|CS|TAMS 0x00000000a1c00000| PB 0x00000000a1c00000| Complete 
| 541|0x00000000a1d00000, 0x00000000a1e00000, 0x00000000a1e00000|100%| E|CS|TAMS 0x00000000a1d00000| PB 0x00000000a1d00000| Complete 
| 542|0x00000000a1e00000, 0x00000000a1f00000, 0x00000000a1f00000|100%| E|CS|TAMS 0x00000000a1e00000| PB 0x00000000a1e00000| Complete 
| 543|0x00000000a1f00000, 0x00000000a2000000, 0x00000000a2000000|100%| E|CS|TAMS 0x00000000a1f00000| PB 0x00000000a1f00000| Complete 
| 544|0x00000000a2000000, 0x00000000a2100000, 0x00000000a2100000|100%| E|CS|TAMS 0x00000000a2000000| PB 0x00000000a2000000| Complete 
| 545|0x00000000a2100000, 0x00000000a2200000, 0x00000000a2200000|100%| E|CS|TAMS 0x00000000a2100000| PB 0x00000000a2100000| Complete 
| 546|0x00000000a2200000, 0x00000000a2300000, 0x00000000a2300000|100%| E|CS|TAMS 0x00000000a2200000| PB 0x00000000a2200000| Complete 
| 547|0x00000000a2300000, 0x00000000a2400000, 0x00000000a2400000|100%| E|CS|TAMS 0x00000000a2300000| PB 0x00000000a2300000| Complete 
| 548|0x00000000a2400000, 0x00000000a2500000, 0x00000000a2500000|100%| E|CS|TAMS 0x00000000a2400000| PB 0x00000000a2400000| Complete 
| 549|0x00000000a2500000, 0x00000000a2600000, 0x00000000a2600000|100%| E|CS|TAMS 0x00000000a2500000| PB 0x00000000a2500000| Complete 
| 550|0x00000000a2600000, 0x00000000a2700000, 0x00000000a2700000|100%| E|CS|TAMS 0x00000000a2600000| PB 0x00000000a2600000| Complete 
| 551|0x00000000a2700000, 0x00000000a2800000, 0x00000000a2800000|100%| E|CS|TAMS 0x00000000a2700000| PB 0x00000000a2700000| Complete 
| 552|0x00000000a2800000, 0x00000000a2900000, 0x00000000a2900000|100%| E|CS|TAMS 0x00000000a2800000| PB 0x00000000a2800000| Complete 
| 553|0x00000000a2900000, 0x00000000a2a00000, 0x00000000a2a00000|100%| E|CS|TAMS 0x00000000a2900000| PB 0x00000000a2900000| Complete 
| 554|0x00000000a2a00000, 0x00000000a2b00000, 0x00000000a2b00000|100%| E|CS|TAMS 0x00000000a2a00000| PB 0x00000000a2a00000| Complete 
| 555|0x00000000a2b00000, 0x00000000a2c00000, 0x00000000a2c00000|100%| E|CS|TAMS 0x00000000a2b00000| PB 0x00000000a2b00000| Complete 
| 556|0x00000000a2c00000, 0x00000000a2d00000, 0x00000000a2d00000|100%| E|CS|TAMS 0x00000000a2c00000| PB 0x00000000a2c00000| Complete 
| 557|0x00000000a2d00000, 0x00000000a2e00000, 0x00000000a2e00000|100%| E|CS|TAMS 0x00000000a2d00000| PB 0x00000000a2d00000| Complete 
| 558|0x00000000a2e00000, 0x00000000a2f00000, 0x00000000a2f00000|100%| E|CS|TAMS 0x00000000a2e00000| PB 0x00000000a2e00000| Complete 
| 559|0x00000000a2f00000, 0x00000000a3000000, 0x00000000a3000000|100%| E|CS|TAMS 0x00000000a2f00000| PB 0x00000000a2f00000| Complete 
| 560|0x00000000a3000000, 0x00000000a3100000, 0x00000000a3100000|100%| E|CS|TAMS 0x00000000a3000000| PB 0x00000000a3000000| Complete 
| 561|0x00000000a3100000, 0x00000000a3200000, 0x00000000a3200000|100%| E|CS|TAMS 0x00000000a3100000| PB 0x00000000a3100000| Complete 
| 562|0x00000000a3200000, 0x00000000a3300000, 0x00000000a3300000|100%| E|CS|TAMS 0x00000000a3200000| PB 0x00000000a3200000| Complete 
| 563|0x00000000a3300000, 0x00000000a3400000, 0x00000000a3400000|100%| E|CS|TAMS 0x00000000a3300000| PB 0x00000000a3300000| Complete 
| 564|0x00000000a3400000, 0x00000000a3500000, 0x00000000a3500000|100%| E|CS|TAMS 0x00000000a3400000| PB 0x00000000a3400000| Complete 
| 565|0x00000000a3500000, 0x00000000a3600000, 0x00000000a3600000|100%| E|CS|TAMS 0x00000000a3500000| PB 0x00000000a3500000| Complete 
| 566|0x00000000a3600000, 0x00000000a3700000, 0x00000000a3700000|100%| E|CS|TAMS 0x00000000a3600000| PB 0x00000000a3600000| Complete 
| 567|0x00000000a3700000, 0x00000000a3800000, 0x00000000a3800000|100%| E|CS|TAMS 0x00000000a3700000| PB 0x00000000a3700000| Complete 
| 568|0x00000000a3800000, 0x00000000a3900000, 0x00000000a3900000|100%| E|CS|TAMS 0x00000000a3800000| PB 0x00000000a3800000| Complete 
| 569|0x00000000a3900000, 0x00000000a3a00000, 0x00000000a3a00000|100%| E|CS|TAMS 0x00000000a3900000| PB 0x00000000a3900000| Complete 
| 570|0x00000000a3a00000, 0x00000000a3b00000, 0x00000000a3b00000|100%| E|CS|TAMS 0x00000000a3a00000| PB 0x00000000a3a00000| Complete 
| 571|0x00000000a3b00000, 0x00000000a3c00000, 0x00000000a3c00000|100%| E|CS|TAMS 0x00000000a3b00000| PB 0x00000000a3b00000| Complete 
| 572|0x00000000a3c00000, 0x00000000a3d00000, 0x00000000a3d00000|100%| E|CS|TAMS 0x00000000a3c00000| PB 0x00000000a3c00000| Complete 
| 573|0x00000000a3d00000, 0x00000000a3e00000, 0x00000000a3e00000|100%| E|CS|TAMS 0x00000000a3d00000| PB 0x00000000a3d00000| Complete 
| 574|0x00000000a3e00000, 0x00000000a3f00000, 0x00000000a3f00000|100%| E|CS|TAMS 0x00000000a3e00000| PB 0x00000000a3e00000| Complete 
| 575|0x00000000a3f00000, 0x00000000a4000000, 0x00000000a4000000|100%| E|CS|TAMS 0x00000000a3f00000| PB 0x00000000a3f00000| Complete 
| 576|0x00000000a4000000, 0x00000000a4100000, 0x00000000a4100000|100%| E|CS|TAMS 0x00000000a4000000| PB 0x00000000a4000000| Complete 
| 577|0x00000000a4100000, 0x00000000a4200000, 0x00000000a4200000|100%| E|CS|TAMS 0x00000000a4100000| PB 0x00000000a4100000| Complete 
| 578|0x00000000a4200000, 0x00000000a4300000, 0x00000000a4300000|100%| E|CS|TAMS 0x00000000a4200000| PB 0x00000000a4200000| Complete 
| 579|0x00000000a4300000, 0x00000000a4400000, 0x00000000a4400000|100%| E|CS|TAMS 0x00000000a4300000| PB 0x00000000a4300000| Complete 
| 580|0x00000000a4400000, 0x00000000a4500000, 0x00000000a4500000|100%| E|CS|TAMS 0x00000000a4400000| PB 0x00000000a4400000| Complete 
| 581|0x00000000a4500000, 0x00000000a4600000, 0x00000000a4600000|100%| E|CS|TAMS 0x00000000a4500000| PB 0x00000000a4500000| Complete 
| 582|0x00000000a4600000, 0x00000000a4700000, 0x00000000a4700000|100%| E|CS|TAMS 0x00000000a4600000| PB 0x00000000a4600000| Complete 
| 583|0x00000000a4700000, 0x00000000a4800000, 0x00000000a4800000|100%| E|CS|TAMS 0x00000000a4700000| PB 0x00000000a4700000| Complete 
| 584|0x00000000a4800000, 0x00000000a4900000, 0x00000000a4900000|100%| E|CS|TAMS 0x00000000a4800000| PB 0x00000000a4800000| Complete 
| 585|0x00000000a4900000, 0x00000000a4a00000, 0x00000000a4a00000|100%| E|CS|TAMS 0x00000000a4900000| PB 0x00000000a4900000| Complete 
| 586|0x00000000a4a00000, 0x00000000a4b00000, 0x00000000a4b00000|100%| E|CS|TAMS 0x00000000a4a00000| PB 0x00000000a4a00000| Complete 
| 587|0x00000000a4b00000, 0x00000000a4c00000, 0x00000000a4c00000|100%| E|CS|TAMS 0x00000000a4b00000| PB 0x00000000a4b00000| Complete 
| 588|0x00000000a4c00000, 0x00000000a4d00000, 0x00000000a4d00000|100%| E|CS|TAMS 0x00000000a4c00000| PB 0x00000000a4c00000| Complete 
| 589|0x00000000a4d00000, 0x00000000a4e00000, 0x00000000a4e00000|100%| E|CS|TAMS 0x00000000a4d00000| PB 0x00000000a4d00000| Complete 
| 590|0x00000000a4e00000, 0x00000000a4f00000, 0x00000000a4f00000|100%| E|CS|TAMS 0x00000000a4e00000| PB 0x00000000a4e00000| Complete 
| 591|0x00000000a4f00000, 0x00000000a5000000, 0x00000000a5000000|100%|HS|  |TAMS 0x00000000a4f00000| PB 0x00000000a4f00000| Complete 
| 592|0x00000000a5000000, 0x00000000a5100000, 0x00000000a5100000|100%|HC|  |TAMS 0x00000000a5000000| PB 0x00000000a5000000| Complete 
| 593|0x00000000a5100000, 0x00000000a5200000, 0x00000000a5200000|100%|HS|  |TAMS 0x00000000a5100000| PB 0x00000000a5100000| Complete 
| 594|0x00000000a5200000, 0x00000000a5300000, 0x00000000a5300000|100%|HC|  |TAMS 0x00000000a5200000| PB 0x00000000a5200000| Complete 
| 595|0x00000000a5300000, 0x00000000a5400000, 0x00000000a5400000|100%|HS|  |TAMS 0x00000000a5300000| PB 0x00000000a5300000| Complete 
| 596|0x00000000a5400000, 0x00000000a5500000, 0x00000000a5500000|100%|HC|  |TAMS 0x00000000a5400000| PB 0x00000000a5400000| Complete 
| 597|0x00000000a5500000, 0x00000000a5600000, 0x00000000a5600000|100%|HS|  |TAMS 0x00000000a5500000| PB 0x00000000a5500000| Complete 
| 598|0x00000000a5600000, 0x00000000a5700000, 0x00000000a5700000|100%|HC|  |TAMS 0x00000000a5600000| PB 0x00000000a5600000| Complete 
| 599|0x00000000a5700000, 0x00000000a5800000, 0x00000000a5800000|100%|HS|  |TAMS 0x00000000a5700000| PB 0x00000000a5700000| Complete 
| 600|0x00000000a5800000, 0x00000000a5900000, 0x00000000a5900000|100%|HC|  |TAMS 0x00000000a5800000| PB 0x00000000a5800000| Complete 
| 601|0x00000000a5900000, 0x00000000a5a00000, 0x00000000a5a00000|100%|HS|  |TAMS 0x00000000a5900000| PB 0x00000000a5900000| Complete 
| 602|0x00000000a5a00000, 0x00000000a5b00000, 0x00000000a5b00000|100%|HC|  |TAMS 0x00000000a5a00000| PB 0x00000000a5a00000| Complete 
| 603|0x00000000a5b00000, 0x00000000a5c00000, 0x00000000a5c00000|100%|HS|  |TAMS 0x00000000a5b00000| PB 0x00000000a5b00000| Complete 
| 604|0x00000000a5c00000, 0x00000000a5d00000, 0x00000000a5d00000|100%|HC|  |TAMS 0x00000000a5c00000| PB 0x00000000a5c00000| Complete 
| 605|0x00000000a5d00000, 0x00000000a5e00000, 0x00000000a5e00000|100%|HS|  |TAMS 0x00000000a5d00000| PB 0x00000000a5d00000| Complete 
| 606|0x00000000a5e00000, 0x00000000a5f00000, 0x00000000a5f00000|100%|HC|  |TAMS 0x00000000a5e00000| PB 0x00000000a5e00000| Complete 
| 607|0x00000000a5f00000, 0x00000000a6000000, 0x00000000a6000000|100%|HS|  |TAMS 0x00000000a5f00000| PB 0x00000000a5f00000| Complete 
| 608|0x00000000a6000000, 0x00000000a6100000, 0x00000000a6100000|100%|HC|  |TAMS 0x00000000a6000000| PB 0x00000000a6000000| Complete 
| 609|0x00000000a6100000, 0x00000000a6200000, 0x00000000a6200000|100%|HS|  |TAMS 0x00000000a6100000| PB 0x00000000a6100000| Complete 
| 610|0x00000000a6200000, 0x00000000a6300000, 0x00000000a6300000|100%|HC|  |TAMS 0x00000000a6200000| PB 0x00000000a6200000| Complete 
| 611|0x00000000a6300000, 0x00000000a6400000, 0x00000000a6400000|100%|HS|  |TAMS 0x00000000a6300000| PB 0x00000000a6300000| Complete 
| 612|0x00000000a6400000, 0x00000000a6500000, 0x00000000a6500000|100%|HC|  |TAMS 0x00000000a6400000| PB 0x00000000a6400000| Complete 
| 613|0x00000000a6500000, 0x00000000a6600000, 0x00000000a6600000|100%|HS|  |TAMS 0x00000000a6500000| PB 0x00000000a6500000| Complete 
| 614|0x00000000a6600000, 0x00000000a6700000, 0x00000000a6700000|100%|HC|  |TAMS 0x00000000a6600000| PB 0x00000000a6600000| Complete 
| 615|0x00000000a6700000, 0x00000000a6800000, 0x00000000a6800000|100%|HS|  |TAMS 0x00000000a6700000| PB 0x00000000a6700000| Complete 
| 616|0x00000000a6800000, 0x00000000a6900000, 0x00000000a6900000|100%|HC|  |TAMS 0x00000000a6800000| PB 0x00000000a6800000| Complete 
| 617|0x00000000a6900000, 0x00000000a6a00000, 0x00000000a6a00000|100%|HS|  |TAMS 0x00000000a6900000| PB 0x00000000a6900000| Complete 
| 618|0x00000000a6a00000, 0x00000000a6b00000, 0x00000000a6b00000|100%|HC|  |TAMS 0x00000000a6a00000| PB 0x00000000a6a00000| Complete 
| 619|0x00000000a6b00000, 0x00000000a6c00000, 0x00000000a6c00000|100%|HS|  |TAMS 0x00000000a6b00000| PB 0x00000000a6b00000| Complete 
| 620|0x00000000a6c00000, 0x00000000a6d00000, 0x00000000a6d00000|100%|HC|  |TAMS 0x00000000a6c00000| PB 0x00000000a6c00000| Complete 
| 621|0x00000000a6d00000, 0x00000000a6e00000, 0x00000000a6e00000|100%|HS|  |TAMS 0x00000000a6d00000| PB 0x00000000a6d00000| Complete 
| 622|0x00000000a6e00000, 0x00000000a6f00000, 0x00000000a6f00000|100%|HC|  |TAMS 0x00000000a6e00000| PB 0x00000000a6e00000| Complete 
| 623|0x00000000a6f00000, 0x00000000a7000000, 0x00000000a7000000|100%|HS|  |TAMS 0x00000000a6f00000| PB 0x00000000a6f00000| Complete 
| 624|0x00000000a7000000, 0x00000000a7100000, 0x00000000a7100000|100%|HC|  |TAMS 0x00000000a7000000| PB 0x00000000a7000000| Complete 
| 625|0x00000000a7100000, 0x00000000a7200000, 0x00000000a7200000|100%|HS|  |TAMS 0x00000000a7100000| PB 0x00000000a7100000| Complete 
| 626|0x00000000a7200000, 0x00000000a7300000, 0x00000000a7300000|100%|HC|  |TAMS 0x00000000a7200000| PB 0x00000000a7200000| Complete 
| 627|0x00000000a7300000, 0x00000000a7400000, 0x00000000a7400000|100%|HS|  |TAMS 0x00000000a7300000| PB 0x00000000a7300000| Complete 
| 628|0x00000000a7400000, 0x00000000a7500000, 0x00000000a7500000|100%|HC|  |TAMS 0x00000000a7400000| PB 0x00000000a7400000| Complete 
| 629|0x00000000a7500000, 0x00000000a7600000, 0x00000000a7600000|100%|HS|  |TAMS 0x00000000a7500000| PB 0x00000000a7500000| Complete 
| 630|0x00000000a7600000, 0x00000000a7700000, 0x00000000a7700000|100%|HC|  |TAMS 0x00000000a7600000| PB 0x00000000a7600000| Complete 
| 631|0x00000000a7700000, 0x00000000a7800000, 0x00000000a7800000|100%|HS|  |TAMS 0x00000000a7700000| PB 0x00000000a7700000| Complete 
| 632|0x00000000a7800000, 0x00000000a7900000, 0x00000000a7900000|100%|HC|  |TAMS 0x00000000a7800000| PB 0x00000000a7800000| Complete 
| 633|0x00000000a7900000, 0x00000000a7a00000, 0x00000000a7a00000|100%|HS|  |TAMS 0x00000000a7900000| PB 0x00000000a7900000| Complete 
| 634|0x00000000a7a00000, 0x00000000a7b00000, 0x00000000a7b00000|100%|HC|  |TAMS 0x00000000a7a00000| PB 0x00000000a7a00000| Complete 
| 635|0x00000000a7b00000, 0x00000000a7c00000, 0x00000000a7c00000|100%|HS|  |TAMS 0x00000000a7b00000| PB 0x00000000a7b00000| Complete 
| 636|0x00000000a7c00000, 0x00000000a7d00000, 0x00000000a7d00000|100%|HC|  |TAMS 0x00000000a7c00000| PB 0x00000000a7c00000| Complete 
| 637|0x00000000a7d00000, 0x00000000a7e00000, 0x00000000a7e00000|100%|HS|  |TAMS 0x00000000a7d00000| PB 0x00000000a7d00000| Complete 
| 638|0x00000000a7e00000, 0x00000000a7f00000, 0x00000000a7f00000|100%|HC|  |TAMS 0x00000000a7e00000| PB 0x00000000a7e00000| Complete 
| 639|0x00000000a7f00000, 0x00000000a8000000, 0x00000000a8000000|100%|HS|  |TAMS 0x00000000a7f00000| PB 0x00000000a7f00000| Complete 
| 640|0x00000000a8000000, 0x00000000a8100000, 0x00000000a8100000|100%|HC|  |TAMS 0x00000000a8000000| PB 0x00000000a8000000| Complete 
| 641|0x00000000a8100000, 0x00000000a8200000, 0x00000000a8200000|100%|HS|  |TAMS 0x00000000a8100000| PB 0x00000000a8100000| Complete 
| 642|0x00000000a8200000, 0x00000000a8300000, 0x00000000a8300000|100%|HC|  |TAMS 0x00000000a8200000| PB 0x00000000a8200000| Complete 
| 643|0x00000000a8300000, 0x00000000a8400000, 0x00000000a8400000|100%|HS|  |TAMS 0x00000000a8300000| PB 0x00000000a8300000| Complete 
| 644|0x00000000a8400000, 0x00000000a8500000, 0x00000000a8500000|100%|HC|  |TAMS 0x00000000a8400000| PB 0x00000000a8400000| Complete 
| 645|0x00000000a8500000, 0x00000000a8600000, 0x00000000a8600000|100%|HS|  |TAMS 0x00000000a8500000| PB 0x00000000a8500000| Complete 
| 646|0x00000000a8600000, 0x00000000a8700000, 0x00000000a8700000|100%|HC|  |TAMS 0x00000000a8600000| PB 0x00000000a8600000| Complete 
| 647|0x00000000a8700000, 0x00000000a8800000, 0x00000000a8800000|100%|HS|  |TAMS 0x00000000a8700000| PB 0x00000000a8700000| Complete 
| 648|0x00000000a8800000, 0x00000000a8900000, 0x00000000a8900000|100%|HC|  |TAMS 0x00000000a8800000| PB 0x00000000a8800000| Complete 
| 649|0x00000000a8900000, 0x00000000a8a00000, 0x00000000a8a00000|100%|HS|  |TAMS 0x00000000a8900000| PB 0x00000000a8900000| Complete 
| 650|0x00000000a8a00000, 0x00000000a8b00000, 0x00000000a8b00000|100%|HC|  |TAMS 0x00000000a8a00000| PB 0x00000000a8a00000| Complete 
| 651|0x00000000a8b00000, 0x00000000a8c00000, 0x00000000a8c00000|100%|HS|  |TAMS 0x00000000a8b00000| PB 0x00000000a8b00000| Complete 
| 652|0x00000000a8c00000, 0x00000000a8d00000, 0x00000000a8d00000|100%|HC|  |TAMS 0x00000000a8c00000| PB 0x00000000a8c00000| Complete 
| 653|0x00000000a8d00000, 0x00000000a8e00000, 0x00000000a8e00000|100%|HS|  |TAMS 0x00000000a8d00000| PB 0x00000000a8d00000| Complete 
| 654|0x00000000a8e00000, 0x00000000a8f00000, 0x00000000a8f00000|100%|HC|  |TAMS 0x00000000a8e00000| PB 0x00000000a8e00000| Complete 
| 655|0x00000000a8f00000, 0x00000000a9000000, 0x00000000a9000000|100%|HS|  |TAMS 0x00000000a8f00000| PB 0x00000000a8f00000| Complete 
| 656|0x00000000a9000000, 0x00000000a9100000, 0x00000000a9100000|100%|HC|  |TAMS 0x00000000a9000000| PB 0x00000000a9000000| Complete 
| 657|0x00000000a9100000, 0x00000000a9200000, 0x00000000a9200000|100%|HS|  |TAMS 0x00000000a9100000| PB 0x00000000a9100000| Complete 
| 658|0x00000000a9200000, 0x00000000a9300000, 0x00000000a9300000|100%|HC|  |TAMS 0x00000000a9200000| PB 0x00000000a9200000| Complete 
| 659|0x00000000a9300000, 0x00000000a9400000, 0x00000000a9400000|100%|HS|  |TAMS 0x00000000a9300000| PB 0x00000000a9300000| Complete 
| 660|0x00000000a9400000, 0x00000000a9500000, 0x00000000a9500000|100%|HC|  |TAMS 0x00000000a9400000| PB 0x00000000a9400000| Complete 
| 661|0x00000000a9500000, 0x00000000a9600000, 0x00000000a9600000|100%|HS|  |TAMS 0x00000000a9500000| PB 0x00000000a9500000| Complete 
| 662|0x00000000a9600000, 0x00000000a9700000, 0x00000000a9700000|100%|HC|  |TAMS 0x00000000a9600000| PB 0x00000000a9600000| Complete 
| 663|0x00000000a9700000, 0x00000000a9800000, 0x00000000a9800000|100%|HS|  |TAMS 0x00000000a9700000| PB 0x00000000a9700000| Complete 
| 664|0x00000000a9800000, 0x00000000a9900000, 0x00000000a9900000|100%|HC|  |TAMS 0x00000000a9800000| PB 0x00000000a9800000| Complete 
| 665|0x00000000a9900000, 0x00000000a9a00000, 0x00000000a9a00000|100%|HS|  |TAMS 0x00000000a9900000| PB 0x00000000a9900000| Complete 
| 666|0x00000000a9a00000, 0x00000000a9b00000, 0x00000000a9b00000|100%|HC|  |TAMS 0x00000000a9a00000| PB 0x00000000a9a00000| Complete 
| 667|0x00000000a9b00000, 0x00000000a9c00000, 0x00000000a9c00000|100%|HS|  |TAMS 0x00000000a9b00000| PB 0x00000000a9b00000| Complete 
| 668|0x00000000a9c00000, 0x00000000a9d00000, 0x00000000a9d00000|100%|HC|  |TAMS 0x00000000a9c00000| PB 0x00000000a9c00000| Complete 
| 669|0x00000000a9d00000, 0x00000000a9e00000, 0x00000000a9e00000|100%|HS|  |TAMS 0x00000000a9d00000| PB 0x00000000a9d00000| Complete 
| 670|0x00000000a9e00000, 0x00000000a9f00000, 0x00000000a9f00000|100%|HC|  |TAMS 0x00000000a9e00000| PB 0x00000000a9e00000| Complete 
| 671|0x00000000a9f00000, 0x00000000aa000000, 0x00000000aa000000|100%|HS|  |TAMS 0x00000000a9f00000| PB 0x00000000a9f00000| Complete 
| 672|0x00000000aa000000, 0x00000000aa100000, 0x00000000aa100000|100%|HC|  |TAMS 0x00000000aa000000| PB 0x00000000aa000000| Complete 
| 673|0x00000000aa100000, 0x00000000aa200000, 0x00000000aa200000|100%|HS|  |TAMS 0x00000000aa100000| PB 0x00000000aa100000| Complete 
| 674|0x00000000aa200000, 0x00000000aa300000, 0x00000000aa300000|100%|HC|  |TAMS 0x00000000aa200000| PB 0x00000000aa200000| Complete 
| 675|0x00000000aa300000, 0x00000000aa400000, 0x00000000aa400000|100%|HS|  |TAMS 0x00000000aa300000| PB 0x00000000aa300000| Complete 
| 676|0x00000000aa400000, 0x00000000aa500000, 0x00000000aa500000|100%|HC|  |TAMS 0x00000000aa400000| PB 0x00000000aa400000| Complete 
| 677|0x00000000aa500000, 0x00000000aa600000, 0x00000000aa600000|100%|HS|  |TAMS 0x00000000aa500000| PB 0x00000000aa500000| Complete 
| 678|0x00000000aa600000, 0x00000000aa700000, 0x00000000aa700000|100%|HC|  |TAMS 0x00000000aa600000| PB 0x00000000aa600000| Complete 
| 679|0x00000000aa700000, 0x00000000aa800000, 0x00000000aa800000|100%|HS|  |TAMS 0x00000000aa700000| PB 0x00000000aa700000| Complete 
| 680|0x00000000aa800000, 0x00000000aa900000, 0x00000000aa900000|100%|HC|  |TAMS 0x00000000aa800000| PB 0x00000000aa800000| Complete 
| 681|0x00000000aa900000, 0x00000000aaa00000, 0x00000000aaa00000|100%|HS|  |TAMS 0x00000000aa900000| PB 0x00000000aa900000| Complete 
| 682|0x00000000aaa00000, 0x00000000aab00000, 0x00000000aab00000|100%|HC|  |TAMS 0x00000000aaa00000| PB 0x00000000aaa00000| Complete 
| 683|0x00000000aab00000, 0x00000000aac00000, 0x00000000aac00000|100%|HS|  |TAMS 0x00000000aab00000| PB 0x00000000aab00000| Complete 
| 684|0x00000000aac00000, 0x00000000aad00000, 0x00000000aad00000|100%|HC|  |TAMS 0x00000000aac00000| PB 0x00000000aac00000| Complete 
| 685|0x00000000aad00000, 0x00000000aae00000, 0x00000000aae00000|100%|HS|  |TAMS 0x00000000aad00000| PB 0x00000000aad00000| Complete 
| 686|0x00000000aae00000, 0x00000000aaf00000, 0x00000000aaf00000|100%|HC|  |TAMS 0x00000000aae00000| PB 0x00000000aae00000| Complete 
| 687|0x00000000aaf00000, 0x00000000ab000000, 0x00000000ab000000|100%|HS|  |TAMS 0x00000000aaf00000| PB 0x00000000aaf00000| Complete 
| 688|0x00000000ab000000, 0x00000000ab100000, 0x00000000ab100000|100%|HC|  |TAMS 0x00000000ab000000| PB 0x00000000ab000000| Complete 
| 689|0x00000000ab100000, 0x00000000ab200000, 0x00000000ab200000|100%|HS|  |TAMS 0x00000000ab100000| PB 0x00000000ab100000| Complete 
| 690|0x00000000ab200000, 0x00000000ab300000, 0x00000000ab300000|100%|HC|  |TAMS 0x00000000ab200000| PB 0x00000000ab200000| Complete 
| 691|0x00000000ab300000, 0x00000000ab400000, 0x00000000ab400000|100%|HS|  |TAMS 0x00000000ab300000| PB 0x00000000ab300000| Complete 
| 692|0x00000000ab400000, 0x00000000ab500000, 0x00000000ab500000|100%|HC|  |TAMS 0x00000000ab400000| PB 0x00000000ab400000| Complete 
| 693|0x00000000ab500000, 0x00000000ab600000, 0x00000000ab600000|100%|HS|  |TAMS 0x00000000ab500000| PB 0x00000000ab500000| Complete 
| 694|0x00000000ab600000, 0x00000000ab700000, 0x00000000ab700000|100%|HC|  |TAMS 0x00000000ab600000| PB 0x00000000ab600000| Complete 
| 695|0x00000000ab700000, 0x00000000ab800000, 0x00000000ab800000|100%|HS|  |TAMS 0x00000000ab700000| PB 0x00000000ab700000| Complete 
| 696|0x00000000ab800000, 0x00000000ab900000, 0x00000000ab900000|100%|HC|  |TAMS 0x00000000ab800000| PB 0x00000000ab800000| Complete 
| 697|0x00000000ab900000, 0x00000000aba00000, 0x00000000aba00000|100%|HS|  |TAMS 0x00000000ab900000| PB 0x00000000ab900000| Complete 
| 698|0x00000000aba00000, 0x00000000abb00000, 0x00000000abb00000|100%|HC|  |TAMS 0x00000000aba00000| PB 0x00000000aba00000| Complete 
| 699|0x00000000abb00000, 0x00000000abc00000, 0x00000000abc00000|100%|HS|  |TAMS 0x00000000abb00000| PB 0x00000000abb00000| Complete 
| 700|0x00000000abc00000, 0x00000000abd00000, 0x00000000abd00000|100%|HC|  |TAMS 0x00000000abc00000| PB 0x00000000abc00000| Complete 
| 701|0x00000000abd00000, 0x00000000abe00000, 0x00000000abe00000|100%|HS|  |TAMS 0x00000000abd00000| PB 0x00000000abd00000| Complete 
| 702|0x00000000abe00000, 0x00000000abf00000, 0x00000000abf00000|100%|HC|  |TAMS 0x00000000abe00000| PB 0x00000000abe00000| Complete 
| 703|0x00000000abf00000, 0x00000000ac000000, 0x00000000ac000000|100%|HS|  |TAMS 0x00000000abf00000| PB 0x00000000abf00000| Complete 
| 704|0x00000000ac000000, 0x00000000ac100000, 0x00000000ac100000|100%|HC|  |TAMS 0x00000000ac000000| PB 0x00000000ac000000| Complete 
| 705|0x00000000ac100000, 0x00000000ac200000, 0x00000000ac200000|100%|HS|  |TAMS 0x00000000ac100000| PB 0x00000000ac100000| Complete 
| 706|0x00000000ac200000, 0x00000000ac300000, 0x00000000ac300000|100%|HC|  |TAMS 0x00000000ac200000| PB 0x00000000ac200000| Complete 
| 707|0x00000000ac300000, 0x00000000ac400000, 0x00000000ac400000|100%|HS|  |TAMS 0x00000000ac300000| PB 0x00000000ac300000| Complete 
| 708|0x00000000ac400000, 0x00000000ac500000, 0x00000000ac500000|100%|HC|  |TAMS 0x00000000ac400000| PB 0x00000000ac400000| Complete 
| 709|0x00000000ac500000, 0x00000000ac600000, 0x00000000ac600000|100%|HS|  |TAMS 0x00000000ac500000| PB 0x00000000ac500000| Complete 
| 710|0x00000000ac600000, 0x00000000ac700000, 0x00000000ac700000|100%|HC|  |TAMS 0x00000000ac600000| PB 0x00000000ac600000| Complete 
| 711|0x00000000ac700000, 0x00000000ac800000, 0x00000000ac800000|100%|HS|  |TAMS 0x00000000ac700000| PB 0x00000000ac700000| Complete 
| 712|0x00000000ac800000, 0x00000000ac900000, 0x00000000ac900000|100%|HC|  |TAMS 0x00000000ac800000| PB 0x00000000ac800000| Complete 
| 713|0x00000000ac900000, 0x00000000aca00000, 0x00000000aca00000|100%|HS|  |TAMS 0x00000000ac900000| PB 0x00000000ac900000| Complete 
| 714|0x00000000aca00000, 0x00000000acb00000, 0x00000000acb00000|100%|HC|  |TAMS 0x00000000aca00000| PB 0x00000000aca00000| Complete 
| 715|0x00000000acb00000, 0x00000000acc00000, 0x00000000acc00000|100%|HS|  |TAMS 0x00000000acb00000| PB 0x00000000acb00000| Complete 
| 716|0x00000000acc00000, 0x00000000acd00000, 0x00000000acd00000|100%|HC|  |TAMS 0x00000000acc00000| PB 0x00000000acc00000| Complete 
| 717|0x00000000acd00000, 0x00000000ace00000, 0x00000000ace00000|100%|HS|  |TAMS 0x00000000acd00000| PB 0x00000000acd00000| Complete 
| 718|0x00000000ace00000, 0x00000000acf00000, 0x00000000acf00000|100%|HC|  |TAMS 0x00000000ace00000| PB 0x00000000ace00000| Complete 
| 719|0x00000000acf00000, 0x00000000ad000000, 0x00000000ad000000|100%|HS|  |TAMS 0x00000000acf00000| PB 0x00000000acf00000| Complete 
| 720|0x00000000ad000000, 0x00000000ad100000, 0x00000000ad100000|100%|HC|  |TAMS 0x00000000ad000000| PB 0x00000000ad000000| Complete 
| 721|0x00000000ad100000, 0x00000000ad200000, 0x00000000ad200000|100%|HS|  |TAMS 0x00000000ad100000| PB 0x00000000ad100000| Complete 
| 722|0x00000000ad200000, 0x00000000ad300000, 0x00000000ad300000|100%|HC|  |TAMS 0x00000000ad200000| PB 0x00000000ad200000| Complete 
| 723|0x00000000ad300000, 0x00000000ad400000, 0x00000000ad400000|100%|HS|  |TAMS 0x00000000ad300000| PB 0x00000000ad300000| Complete 
| 724|0x00000000ad400000, 0x00000000ad500000, 0x00000000ad500000|100%|HC|  |TAMS 0x00000000ad400000| PB 0x00000000ad400000| Complete 
| 725|0x00000000ad500000, 0x00000000ad600000, 0x00000000ad600000|100%|HS|  |TAMS 0x00000000ad500000| PB 0x00000000ad500000| Complete 
| 726|0x00000000ad600000, 0x00000000ad700000, 0x00000000ad700000|100%|HC|  |TAMS 0x00000000ad600000| PB 0x00000000ad600000| Complete 
| 727|0x00000000ad700000, 0x00000000ad800000, 0x00000000ad800000|100%|HS|  |TAMS 0x00000000ad700000| PB 0x00000000ad700000| Complete 
| 728|0x00000000ad800000, 0x00000000ad900000, 0x00000000ad900000|100%|HC|  |TAMS 0x00000000ad800000| PB 0x00000000ad800000| Complete 
| 729|0x00000000ad900000, 0x00000000ada00000, 0x00000000ada00000|100%|HS|  |TAMS 0x00000000ad900000| PB 0x00000000ad900000| Complete 
| 730|0x00000000ada00000, 0x00000000adb00000, 0x00000000adb00000|100%|HC|  |TAMS 0x00000000ada00000| PB 0x00000000ada00000| Complete 
| 731|0x00000000adb00000, 0x00000000adc00000, 0x00000000adc00000|100%|HS|  |TAMS 0x00000000adb00000| PB 0x00000000adb00000| Complete 
| 732|0x00000000adc00000, 0x00000000add00000, 0x00000000add00000|100%|HC|  |TAMS 0x00000000adc00000| PB 0x00000000adc00000| Complete 
| 733|0x00000000add00000, 0x00000000ade00000, 0x00000000ade00000|100%|HS|  |TAMS 0x00000000add00000| PB 0x00000000add00000| Complete 
| 734|0x00000000ade00000, 0x00000000adf00000, 0x00000000adf00000|100%|HC|  |TAMS 0x00000000ade00000| PB 0x00000000ade00000| Complete 
| 735|0x00000000adf00000, 0x00000000ae000000, 0x00000000ae000000|100%|HS|  |TAMS 0x00000000adf00000| PB 0x00000000adf00000| Complete 
| 736|0x00000000ae000000, 0x00000000ae100000, 0x00000000ae100000|100%|HC|  |TAMS 0x00000000ae000000| PB 0x00000000ae000000| Complete 
| 737|0x00000000ae100000, 0x00000000ae200000, 0x00000000ae200000|100%|HS|  |TAMS 0x00000000ae100000| PB 0x00000000ae100000| Complete 
| 738|0x00000000ae200000, 0x00000000ae300000, 0x00000000ae300000|100%|HC|  |TAMS 0x00000000ae200000| PB 0x00000000ae200000| Complete 
| 739|0x00000000ae300000, 0x00000000ae400000, 0x00000000ae400000|100%|HS|  |TAMS 0x00000000ae300000| PB 0x00000000ae300000| Complete 
| 740|0x00000000ae400000, 0x00000000ae500000, 0x00000000ae500000|100%|HC|  |TAMS 0x00000000ae400000| PB 0x00000000ae400000| Complete 
| 741|0x00000000ae500000, 0x00000000ae600000, 0x00000000ae600000|100%|HS|  |TAMS 0x00000000ae500000| PB 0x00000000ae500000| Complete 
| 742|0x00000000ae600000, 0x00000000ae700000, 0x00000000ae700000|100%|HC|  |TAMS 0x00000000ae600000| PB 0x00000000ae600000| Complete 
| 743|0x00000000ae700000, 0x00000000ae800000, 0x00000000ae800000|100%|HS|  |TAMS 0x00000000ae700000| PB 0x00000000ae700000| Complete 
| 744|0x00000000ae800000, 0x00000000ae900000, 0x00000000ae900000|100%|HC|  |TAMS 0x00000000ae800000| PB 0x00000000ae800000| Complete 
| 745|0x00000000ae900000, 0x00000000aea00000, 0x00000000aea00000|100%|HS|  |TAMS 0x00000000ae900000| PB 0x00000000ae900000| Complete 
| 746|0x00000000aea00000, 0x00000000aeb00000, 0x00000000aeb00000|100%|HC|  |TAMS 0x00000000aea00000| PB 0x00000000aea00000| Complete 
| 747|0x00000000aeb00000, 0x00000000aec00000, 0x00000000aec00000|100%|HS|  |TAMS 0x00000000aeb00000| PB 0x00000000aeb00000| Complete 
| 748|0x00000000aec00000, 0x00000000aed00000, 0x00000000aed00000|100%|HC|  |TAMS 0x00000000aec00000| PB 0x00000000aec00000| Complete 
| 749|0x00000000aed00000, 0x00000000aee00000, 0x00000000aee00000|100%|HS|  |TAMS 0x00000000aed00000| PB 0x00000000aed00000| Complete 
| 750|0x00000000aee00000, 0x00000000aef00000, 0x00000000aef00000|100%|HC|  |TAMS 0x00000000aee00000| PB 0x00000000aee00000| Complete 
| 751|0x00000000aef00000, 0x00000000af000000, 0x00000000af000000|100%|HS|  |TAMS 0x00000000aef00000| PB 0x00000000aef00000| Complete 
| 752|0x00000000af000000, 0x00000000af100000, 0x00000000af100000|100%|HC|  |TAMS 0x00000000af000000| PB 0x00000000af000000| Complete 
| 753|0x00000000af100000, 0x00000000af200000, 0x00000000af200000|100%|HS|  |TAMS 0x00000000af100000| PB 0x00000000af100000| Complete 
| 754|0x00000000af200000, 0x00000000af300000, 0x00000000af300000|100%|HC|  |TAMS 0x00000000af200000| PB 0x00000000af200000| Complete 
| 755|0x00000000af300000, 0x00000000af400000, 0x00000000af400000|100%|HS|  |TAMS 0x00000000af300000| PB 0x00000000af300000| Complete 
| 756|0x00000000af400000, 0x00000000af500000, 0x00000000af500000|100%|HC|  |TAMS 0x00000000af400000| PB 0x00000000af400000| Complete 
| 757|0x00000000af500000, 0x00000000af600000, 0x00000000af600000|100%|HS|  |TAMS 0x00000000af500000| PB 0x00000000af500000| Complete 
| 758|0x00000000af600000, 0x00000000af700000, 0x00000000af700000|100%|HC|  |TAMS 0x00000000af600000| PB 0x00000000af600000| Complete 
| 759|0x00000000af700000, 0x00000000af800000, 0x00000000af800000|100%|HS|  |TAMS 0x00000000af700000| PB 0x00000000af700000| Complete 
| 760|0x00000000af800000, 0x00000000af900000, 0x00000000af900000|100%|HC|  |TAMS 0x00000000af800000| PB 0x00000000af800000| Complete 
| 761|0x00000000af900000, 0x00000000afa00000, 0x00000000afa00000|100%|HS|  |TAMS 0x00000000af900000| PB 0x00000000af900000| Complete 
| 762|0x00000000afa00000, 0x00000000afb00000, 0x00000000afb00000|100%|HC|  |TAMS 0x00000000afa00000| PB 0x00000000afa00000| Complete 
| 763|0x00000000afb00000, 0x00000000afc00000, 0x00000000afc00000|100%|HS|  |TAMS 0x00000000afb00000| PB 0x00000000afb00000| Complete 
| 764|0x00000000afc00000, 0x00000000afd00000, 0x00000000afd00000|100%|HC|  |TAMS 0x00000000afc00000| PB 0x00000000afc00000| Complete 
| 765|0x00000000afd00000, 0x00000000afe00000, 0x00000000afe00000|100%|HS|  |TAMS 0x00000000afd00000| PB 0x00000000afd00000| Complete 
| 766|0x00000000afe00000, 0x00000000aff00000, 0x00000000aff00000|100%|HC|  |TAMS 0x00000000afe00000| PB 0x00000000afe00000| Complete 
| 767|0x00000000aff00000, 0x00000000b0000000, 0x00000000b0000000|100%|HS|  |TAMS 0x00000000aff00000| PB 0x00000000aff00000| Complete 
| 768|0x00000000b0000000, 0x00000000b0100000, 0x00000000b0100000|100%|HC|  |TAMS 0x00000000b0000000| PB 0x00000000b0000000| Complete 
| 769|0x00000000b0100000, 0x00000000b0200000, 0x00000000b0200000|100%|HS|  |TAMS 0x00000000b0100000| PB 0x00000000b0100000| Complete 
| 770|0x00000000b0200000, 0x00000000b0300000, 0x00000000b0300000|100%|HC|  |TAMS 0x00000000b0200000| PB 0x00000000b0200000| Complete 
| 771|0x00000000b0300000, 0x00000000b0400000, 0x00000000b0400000|100%|HS|  |TAMS 0x00000000b0300000| PB 0x00000000b0300000| Complete 
| 772|0x00000000b0400000, 0x00000000b0500000, 0x00000000b0500000|100%|HC|  |TAMS 0x00000000b0400000| PB 0x00000000b0400000| Complete 
| 773|0x00000000b0500000, 0x00000000b0600000, 0x00000000b0600000|100%|HS|  |TAMS 0x00000000b0500000| PB 0x00000000b0500000| Complete 
| 774|0x00000000b0600000, 0x00000000b0700000, 0x00000000b0700000|100%|HC|  |TAMS 0x00000000b0600000| PB 0x00000000b0600000| Complete 
| 775|0x00000000b0700000, 0x00000000b0800000, 0x00000000b0800000|100%|HS|  |TAMS 0x00000000b0700000| PB 0x00000000b0700000| Complete 
| 776|0x00000000b0800000, 0x00000000b0900000, 0x00000000b0900000|100%|HC|  |TAMS 0x00000000b0800000| PB 0x00000000b0800000| Complete 
| 777|0x00000000b0900000, 0x00000000b0a00000, 0x00000000b0a00000|100%|HS|  |TAMS 0x00000000b0900000| PB 0x00000000b0900000| Complete 
| 778|0x00000000b0a00000, 0x00000000b0b00000, 0x00000000b0b00000|100%|HC|  |TAMS 0x00000000b0a00000| PB 0x00000000b0a00000| Complete 
| 779|0x00000000b0b00000, 0x00000000b0c00000, 0x00000000b0c00000|100%|HS|  |TAMS 0x00000000b0b00000| PB 0x00000000b0b00000| Complete 
| 780|0x00000000b0c00000, 0x00000000b0d00000, 0x00000000b0d00000|100%|HC|  |TAMS 0x00000000b0c00000| PB 0x00000000b0c00000| Complete 
| 781|0x00000000b0d00000, 0x00000000b0e00000, 0x00000000b0e00000|100%|HS|  |TAMS 0x00000000b0d00000| PB 0x00000000b0d00000| Complete 
| 782|0x00000000b0e00000, 0x00000000b0f00000, 0x00000000b0f00000|100%|HC|  |TAMS 0x00000000b0e00000| PB 0x00000000b0e00000| Complete 
| 783|0x00000000b0f00000, 0x00000000b1000000, 0x00000000b1000000|100%|HS|  |TAMS 0x00000000b0f00000| PB 0x00000000b0f00000| Complete 
| 784|0x00000000b1000000, 0x00000000b1100000, 0x00000000b1100000|100%|HC|  |TAMS 0x00000000b1000000| PB 0x00000000b1000000| Complete 
| 785|0x00000000b1100000, 0x00000000b1200000, 0x00000000b1200000|100%|HS|  |TAMS 0x00000000b1100000| PB 0x00000000b1100000| Complete 
| 786|0x00000000b1200000, 0x00000000b1300000, 0x00000000b1300000|100%|HC|  |TAMS 0x00000000b1200000| PB 0x00000000b1200000| Complete 
| 787|0x00000000b1300000, 0x00000000b1400000, 0x00000000b1400000|100%|HS|  |TAMS 0x00000000b1300000| PB 0x00000000b1300000| Complete 
| 788|0x00000000b1400000, 0x00000000b1500000, 0x00000000b1500000|100%|HC|  |TAMS 0x00000000b1400000| PB 0x00000000b1400000| Complete 
| 789|0x00000000b1500000, 0x00000000b1600000, 0x00000000b1600000|100%|HS|  |TAMS 0x00000000b1500000| PB 0x00000000b1500000| Complete 
| 790|0x00000000b1600000, 0x00000000b1700000, 0x00000000b1700000|100%|HC|  |TAMS 0x00000000b1600000| PB 0x00000000b1600000| Complete 
| 791|0x00000000b1700000, 0x00000000b1800000, 0x00000000b1800000|100%|HS|  |TAMS 0x00000000b1700000| PB 0x00000000b1700000| Complete 
| 792|0x00000000b1800000, 0x00000000b1900000, 0x00000000b1900000|100%|HC|  |TAMS 0x00000000b1800000| PB 0x00000000b1800000| Complete 
| 793|0x00000000b1900000, 0x00000000b1a00000, 0x00000000b1a00000|100%|HS|  |TAMS 0x00000000b1900000| PB 0x00000000b1900000| Complete 
| 794|0x00000000b1a00000, 0x00000000b1b00000, 0x00000000b1b00000|100%|HC|  |TAMS 0x00000000b1a00000| PB 0x00000000b1a00000| Complete 
| 795|0x00000000b1b00000, 0x00000000b1c00000, 0x00000000b1c00000|100%|HS|  |TAMS 0x00000000b1b00000| PB 0x00000000b1b00000| Complete 
| 796|0x00000000b1c00000, 0x00000000b1d00000, 0x00000000b1d00000|100%|HC|  |TAMS 0x00000000b1c00000| PB 0x00000000b1c00000| Complete 
| 797|0x00000000b1d00000, 0x00000000b1e00000, 0x00000000b1e00000|100%|HS|  |TAMS 0x00000000b1d00000| PB 0x00000000b1d00000| Complete 
| 798|0x00000000b1e00000, 0x00000000b1f00000, 0x00000000b1f00000|100%|HC|  |TAMS 0x00000000b1e00000| PB 0x00000000b1e00000| Complete 
| 799|0x00000000b1f00000, 0x00000000b2000000, 0x00000000b2000000|100%|HS|  |TAMS 0x00000000b1f00000| PB 0x00000000b1f00000| Complete 
| 800|0x00000000b2000000, 0x00000000b2100000, 0x00000000b2100000|100%|HC|  |TAMS 0x00000000b2000000| PB 0x00000000b2000000| Complete 
| 801|0x00000000b2100000, 0x00000000b2200000, 0x00000000b2200000|100%|HS|  |TAMS 0x00000000b2100000| PB 0x00000000b2100000| Complete 
| 802|0x00000000b2200000, 0x00000000b2300000, 0x00000000b2300000|100%|HC|  |TAMS 0x00000000b2200000| PB 0x00000000b2200000| Complete 
| 803|0x00000000b2300000, 0x00000000b2400000, 0x00000000b2400000|100%|HS|  |TAMS 0x00000000b2300000| PB 0x00000000b2300000| Complete 
| 804|0x00000000b2400000, 0x00000000b2500000, 0x00000000b2500000|100%|HC|  |TAMS 0x00000000b2400000| PB 0x00000000b2400000| Complete 
| 805|0x00000000b2500000, 0x00000000b2600000, 0x00000000b2600000|100%|HS|  |TAMS 0x00000000b2500000| PB 0x00000000b2500000| Complete 
| 806|0x00000000b2600000, 0x00000000b2700000, 0x00000000b2700000|100%|HC|  |TAMS 0x00000000b2600000| PB 0x00000000b2600000| Complete 
| 807|0x00000000b2700000, 0x00000000b2800000, 0x00000000b2800000|100%|HS|  |TAMS 0x00000000b2700000| PB 0x00000000b2700000| Complete 
| 808|0x00000000b2800000, 0x00000000b2900000, 0x00000000b2900000|100%|HC|  |TAMS 0x00000000b2800000| PB 0x00000000b2800000| Complete 
| 809|0x00000000b2900000, 0x00000000b2a00000, 0x00000000b2a00000|100%|HS|  |TAMS 0x00000000b2900000| PB 0x00000000b2900000| Complete 
| 810|0x00000000b2a00000, 0x00000000b2b00000, 0x00000000b2b00000|100%|HC|  |TAMS 0x00000000b2a00000| PB 0x00000000b2a00000| Complete 
| 811|0x00000000b2b00000, 0x00000000b2c00000, 0x00000000b2c00000|100%|HS|  |TAMS 0x00000000b2b00000| PB 0x00000000b2b00000| Complete 
| 812|0x00000000b2c00000, 0x00000000b2d00000, 0x00000000b2d00000|100%|HC|  |TAMS 0x00000000b2c00000| PB 0x00000000b2c00000| Complete 
| 813|0x00000000b2d00000, 0x00000000b2e00000, 0x00000000b2e00000|100%|HS|  |TAMS 0x00000000b2d00000| PB 0x00000000b2d00000| Complete 
| 814|0x00000000b2e00000, 0x00000000b2f00000, 0x00000000b2f00000|100%|HC|  |TAMS 0x00000000b2e00000| PB 0x00000000b2e00000| Complete 
| 815|0x00000000b2f00000, 0x00000000b3000000, 0x00000000b3000000|100%|HS|  |TAMS 0x00000000b2f00000| PB 0x00000000b2f00000| Complete 
| 816|0x00000000b3000000, 0x00000000b3100000, 0x00000000b3100000|100%|HC|  |TAMS 0x00000000b3000000| PB 0x00000000b3000000| Complete 
| 817|0x00000000b3100000, 0x00000000b3200000, 0x00000000b3200000|100%|HS|  |TAMS 0x00000000b3100000| PB 0x00000000b3100000| Complete 
| 818|0x00000000b3200000, 0x00000000b3300000, 0x00000000b3300000|100%|HC|  |TAMS 0x00000000b3200000| PB 0x00000000b3200000| Complete 
| 819|0x00000000b3300000, 0x00000000b3400000, 0x00000000b3400000|100%|HS|  |TAMS 0x00000000b3300000| PB 0x00000000b3300000| Complete 
| 820|0x00000000b3400000, 0x00000000b3500000, 0x00000000b3500000|100%|HC|  |TAMS 0x00000000b3400000| PB 0x00000000b3400000| Complete 
| 821|0x00000000b3500000, 0x00000000b3600000, 0x00000000b3600000|100%|HS|  |TAMS 0x00000000b3500000| PB 0x00000000b3500000| Complete 
| 822|0x00000000b3600000, 0x00000000b3700000, 0x00000000b3700000|100%|HC|  |TAMS 0x00000000b3600000| PB 0x00000000b3600000| Complete 
| 823|0x00000000b3700000, 0x00000000b3800000, 0x00000000b3800000|100%|HS|  |TAMS 0x00000000b3700000| PB 0x00000000b3700000| Complete 
| 824|0x00000000b3800000, 0x00000000b3900000, 0x00000000b3900000|100%|HC|  |TAMS 0x00000000b3800000| PB 0x00000000b3800000| Complete 
| 825|0x00000000b3900000, 0x00000000b3a00000, 0x00000000b3a00000|100%|HS|  |TAMS 0x00000000b3900000| PB 0x00000000b3900000| Complete 
| 826|0x00000000b3a00000, 0x00000000b3b00000, 0x00000000b3b00000|100%|HC|  |TAMS 0x00000000b3a00000| PB 0x00000000b3a00000| Complete 
| 827|0x00000000b3b00000, 0x00000000b3c00000, 0x00000000b3c00000|100%|HS|  |TAMS 0x00000000b3b00000| PB 0x00000000b3b00000| Complete 
| 828|0x00000000b3c00000, 0x00000000b3d00000, 0x00000000b3d00000|100%|HC|  |TAMS 0x00000000b3c00000| PB 0x00000000b3c00000| Complete 
| 829|0x00000000b3d00000, 0x00000000b3e00000, 0x00000000b3e00000|100%|HS|  |TAMS 0x00000000b3d00000| PB 0x00000000b3d00000| Complete 
| 830|0x00000000b3e00000, 0x00000000b3f00000, 0x00000000b3f00000|100%|HC|  |TAMS 0x00000000b3e00000| PB 0x00000000b3e00000| Complete 
| 831|0x00000000b3f00000, 0x00000000b4000000, 0x00000000b4000000|100%|HS|  |TAMS 0x00000000b3f00000| PB 0x00000000b3f00000| Complete 
| 832|0x00000000b4000000, 0x00000000b4100000, 0x00000000b4100000|100%|HC|  |TAMS 0x00000000b4000000| PB 0x00000000b4000000| Complete 
| 833|0x00000000b4100000, 0x00000000b4200000, 0x00000000b4200000|100%|HS|  |TAMS 0x00000000b4100000| PB 0x00000000b4100000| Complete 
| 834|0x00000000b4200000, 0x00000000b4300000, 0x00000000b4300000|100%|HC|  |TAMS 0x00000000b4200000| PB 0x00000000b4200000| Complete 
| 835|0x00000000b4300000, 0x00000000b4400000, 0x00000000b4400000|100%|HS|  |TAMS 0x00000000b4300000| PB 0x00000000b4300000| Complete 
| 836|0x00000000b4400000, 0x00000000b4500000, 0x00000000b4500000|100%|HC|  |TAMS 0x00000000b4400000| PB 0x00000000b4400000| Complete 
| 837|0x00000000b4500000, 0x00000000b4600000, 0x00000000b4600000|100%|HS|  |TAMS 0x00000000b4500000| PB 0x00000000b4500000| Complete 
| 838|0x00000000b4600000, 0x00000000b4700000, 0x00000000b4700000|100%|HC|  |TAMS 0x00000000b4600000| PB 0x00000000b4600000| Complete 
| 839|0x00000000b4700000, 0x00000000b4800000, 0x00000000b4800000|100%|HS|  |TAMS 0x00000000b4700000| PB 0x00000000b4700000| Complete 
| 840|0x00000000b4800000, 0x00000000b4900000, 0x00000000b4900000|100%|HC|  |TAMS 0x00000000b4800000| PB 0x00000000b4800000| Complete 
| 841|0x00000000b4900000, 0x00000000b4a00000, 0x00000000b4a00000|100%|HS|  |TAMS 0x00000000b4900000| PB 0x00000000b4900000| Complete 
| 842|0x00000000b4a00000, 0x00000000b4b00000, 0x00000000b4b00000|100%|HC|  |TAMS 0x00000000b4a00000| PB 0x00000000b4a00000| Complete 
| 843|0x00000000b4b00000, 0x00000000b4c00000, 0x00000000b4c00000|100%|HS|  |TAMS 0x00000000b4b00000| PB 0x00000000b4b00000| Complete 
| 844|0x00000000b4c00000, 0x00000000b4d00000, 0x00000000b4d00000|100%|HC|  |TAMS 0x00000000b4c00000| PB 0x00000000b4c00000| Complete 
| 845|0x00000000b4d00000, 0x00000000b4e00000, 0x00000000b4e00000|100%|HS|  |TAMS 0x00000000b4d00000| PB 0x00000000b4d00000| Complete 
| 846|0x00000000b4e00000, 0x00000000b4f00000, 0x00000000b4f00000|100%|HC|  |TAMS 0x00000000b4e00000| PB 0x00000000b4e00000| Complete 
| 847|0x00000000b4f00000, 0x00000000b5000000, 0x00000000b5000000|100%|HS|  |TAMS 0x00000000b4f00000| PB 0x00000000b4f00000| Complete 
| 848|0x00000000b5000000, 0x00000000b5100000, 0x00000000b5100000|100%|HC|  |TAMS 0x00000000b5000000| PB 0x00000000b5000000| Complete 
| 849|0x00000000b5100000, 0x00000000b5200000, 0x00000000b5200000|100%|HS|  |TAMS 0x00000000b5100000| PB 0x00000000b5100000| Complete 
| 850|0x00000000b5200000, 0x00000000b5300000, 0x00000000b5300000|100%|HC|  |TAMS 0x00000000b5200000| PB 0x00000000b5200000| Complete 
| 851|0x00000000b5300000, 0x00000000b5400000, 0x00000000b5400000|100%|HS|  |TAMS 0x00000000b5300000| PB 0x00000000b5300000| Complete 
| 852|0x00000000b5400000, 0x00000000b5500000, 0x00000000b5500000|100%|HC|  |TAMS 0x00000000b5400000| PB 0x00000000b5400000| Complete 
| 853|0x00000000b5500000, 0x00000000b5600000, 0x00000000b5600000|100%|HS|  |TAMS 0x00000000b5500000| PB 0x00000000b5500000| Complete 
| 854|0x00000000b5600000, 0x00000000b5700000, 0x00000000b5700000|100%|HC|  |TAMS 0x00000000b5600000| PB 0x00000000b5600000| Complete 
| 855|0x00000000b5700000, 0x00000000b5800000, 0x00000000b5800000|100%|HS|  |TAMS 0x00000000b5700000| PB 0x00000000b5700000| Complete 
| 856|0x00000000b5800000, 0x00000000b5900000, 0x00000000b5900000|100%|HC|  |TAMS 0x00000000b5800000| PB 0x00000000b5800000| Complete 
| 857|0x00000000b5900000, 0x00000000b5a00000, 0x00000000b5a00000|100%|HS|  |TAMS 0x00000000b5900000| PB 0x00000000b5900000| Complete 
| 858|0x00000000b5a00000, 0x00000000b5b00000, 0x00000000b5b00000|100%|HC|  |TAMS 0x00000000b5a00000| PB 0x00000000b5a00000| Complete 
| 859|0x00000000b5b00000, 0x00000000b5c00000, 0x00000000b5c00000|100%|HS|  |TAMS 0x00000000b5b00000| PB 0x00000000b5b00000| Complete 
| 860|0x00000000b5c00000, 0x00000000b5d00000, 0x00000000b5d00000|100%|HC|  |TAMS 0x00000000b5c00000| PB 0x00000000b5c00000| Complete 
| 862|0x00000000b5e00000, 0x00000000b5f00000, 0x00000000b5f00000|100%| E|CS|TAMS 0x00000000b5e00000| PB 0x00000000b5e00000| Complete 
| 863|0x00000000b5f00000, 0x00000000b6000000, 0x00000000b6000000|100%|HS|  |TAMS 0x00000000b5f00000| PB 0x00000000b5f00000| Complete 
| 864|0x00000000b6000000, 0x00000000b6100000, 0x00000000b6100000|100%|HC|  |TAMS 0x00000000b6000000| PB 0x00000000b6000000| Complete 
| 865|0x00000000b6100000, 0x00000000b6200000, 0x00000000b6200000|100%|HS|  |TAMS 0x00000000b6100000| PB 0x00000000b6100000| Complete 
| 866|0x00000000b6200000, 0x00000000b6300000, 0x00000000b6300000|100%|HC|  |TAMS 0x00000000b6200000| PB 0x00000000b6200000| Complete 
| 867|0x00000000b6300000, 0x00000000b6400000, 0x00000000b6400000|100%|HS|  |TAMS 0x00000000b6300000| PB 0x00000000b6300000| Complete 
| 868|0x00000000b6400000, 0x00000000b6500000, 0x00000000b6500000|100%|HC|  |TAMS 0x00000000b6400000| PB 0x00000000b6400000| Complete 
| 869|0x00000000b6500000, 0x00000000b6600000, 0x00000000b6600000|100%|HS|  |TAMS 0x00000000b6500000| PB 0x00000000b6500000| Complete 
| 870|0x00000000b6600000, 0x00000000b6700000, 0x00000000b6700000|100%|HC|  |TAMS 0x00000000b6600000| PB 0x00000000b6600000| Complete 
| 871|0x00000000b6700000, 0x00000000b6800000, 0x00000000b6800000|100%|HS|  |TAMS 0x00000000b6700000| PB 0x00000000b6700000| Complete 
| 872|0x00000000b6800000, 0x00000000b6900000, 0x00000000b6900000|100%|HC|  |TAMS 0x00000000b6800000| PB 0x00000000b6800000| Complete 
| 873|0x00000000b6900000, 0x00000000b6a00000, 0x00000000b6a00000|100%|HS|  |TAMS 0x00000000b6900000| PB 0x00000000b6900000| Complete 
| 874|0x00000000b6a00000, 0x00000000b6b00000, 0x00000000b6b00000|100%|HC|  |TAMS 0x00000000b6a00000| PB 0x00000000b6a00000| Complete 
| 875|0x00000000b6b00000, 0x00000000b6c00000, 0x00000000b6c00000|100%|HS|  |TAMS 0x00000000b6b00000| PB 0x00000000b6b00000| Complete 
| 876|0x00000000b6c00000, 0x00000000b6d00000, 0x00000000b6d00000|100%|HC|  |TAMS 0x00000000b6c00000| PB 0x00000000b6c00000| Complete 
| 877|0x00000000b6d00000, 0x00000000b6e00000, 0x00000000b6e00000|100%|HS|  |TAMS 0x00000000b6d00000| PB 0x00000000b6d00000| Complete 
| 878|0x00000000b6e00000, 0x00000000b6f00000, 0x00000000b6f00000|100%|HC|  |TAMS 0x00000000b6e00000| PB 0x00000000b6e00000| Complete 
| 879|0x00000000b6f00000, 0x00000000b7000000, 0x00000000b7000000|100%|HS|  |TAMS 0x00000000b6f00000| PB 0x00000000b6f00000| Complete 
| 880|0x00000000b7000000, 0x00000000b7100000, 0x00000000b7100000|100%|HC|  |TAMS 0x00000000b7000000| PB 0x00000000b7000000| Complete 
| 881|0x00000000b7100000, 0x00000000b7200000, 0x00000000b7200000|100%|HS|  |TAMS 0x00000000b7100000| PB 0x00000000b7100000| Complete 
| 882|0x00000000b7200000, 0x00000000b7300000, 0x00000000b7300000|100%|HC|  |TAMS 0x00000000b7200000| PB 0x00000000b7200000| Complete 
| 883|0x00000000b7300000, 0x00000000b7400000, 0x00000000b7400000|100%|HS|  |TAMS 0x00000000b7300000| PB 0x00000000b7300000| Complete 
| 884|0x00000000b7400000, 0x00000000b7500000, 0x00000000b7500000|100%|HC|  |TAMS 0x00000000b7400000| PB 0x00000000b7400000| Complete 
| 885|0x00000000b7500000, 0x00000000b7600000, 0x00000000b7600000|100%|HS|  |TAMS 0x00000000b7500000| PB 0x00000000b7500000| Complete 
| 886|0x00000000b7600000, 0x00000000b7700000, 0x00000000b7700000|100%|HC|  |TAMS 0x00000000b7600000| PB 0x00000000b7600000| Complete 
| 887|0x00000000b7700000, 0x00000000b7800000, 0x00000000b7800000|100%|HS|  |TAMS 0x00000000b7700000| PB 0x00000000b7700000| Complete 
| 888|0x00000000b7800000, 0x00000000b7900000, 0x00000000b7900000|100%|HC|  |TAMS 0x00000000b7800000| PB 0x00000000b7800000| Complete 
| 889|0x00000000b7900000, 0x00000000b7a00000, 0x00000000b7a00000|100%|HS|  |TAMS 0x00000000b7900000| PB 0x00000000b7900000| Complete 
| 890|0x00000000b7a00000, 0x00000000b7b00000, 0x00000000b7b00000|100%|HC|  |TAMS 0x00000000b7a00000| PB 0x00000000b7a00000| Complete 
| 891|0x00000000b7b00000, 0x00000000b7c00000, 0x00000000b7c00000|100%|HS|  |TAMS 0x00000000b7b00000| PB 0x00000000b7b00000| Complete 
| 892|0x00000000b7c00000, 0x00000000b7d00000, 0x00000000b7d00000|100%|HC|  |TAMS 0x00000000b7c00000| PB 0x00000000b7c00000| Complete 
| 893|0x00000000b7d00000, 0x00000000b7e00000, 0x00000000b7e00000|100%|HS|  |TAMS 0x00000000b7d00000| PB 0x00000000b7d00000| Complete 
| 894|0x00000000b7e00000, 0x00000000b7f00000, 0x00000000b7f00000|100%|HC|  |TAMS 0x00000000b7e00000| PB 0x00000000b7e00000| Complete 
| 895|0x00000000b7f00000, 0x00000000b8000000, 0x00000000b8000000|100%|HS|  |TAMS 0x00000000b7f00000| PB 0x00000000b7f00000| Complete 
| 896|0x00000000b8000000, 0x00000000b8100000, 0x00000000b8100000|100%|HC|  |TAMS 0x00000000b8000000| PB 0x00000000b8000000| Complete 
| 897|0x00000000b8100000, 0x00000000b8200000, 0x00000000b8200000|100%|HS|  |TAMS 0x00000000b8100000| PB 0x00000000b8100000| Complete 
| 898|0x00000000b8200000, 0x00000000b8300000, 0x00000000b8300000|100%|HC|  |TAMS 0x00000000b8200000| PB 0x00000000b8200000| Complete 
| 899|0x00000000b8300000, 0x00000000b8400000, 0x00000000b8400000|100%|HS|  |TAMS 0x00000000b8300000| PB 0x00000000b8300000| Complete 
| 900|0x00000000b8400000, 0x00000000b8500000, 0x00000000b8500000|100%|HC|  |TAMS 0x00000000b8400000| PB 0x00000000b8400000| Complete 
| 901|0x00000000b8500000, 0x00000000b8600000, 0x00000000b8600000|100%|HS|  |TAMS 0x00000000b8500000| PB 0x00000000b8500000| Complete 
| 902|0x00000000b8600000, 0x00000000b8700000, 0x00000000b8700000|100%|HC|  |TAMS 0x00000000b8600000| PB 0x00000000b8600000| Complete 
| 903|0x00000000b8700000, 0x00000000b8800000, 0x00000000b8800000|100%|HS|  |TAMS 0x00000000b8700000| PB 0x00000000b8700000| Complete 
| 904|0x00000000b8800000, 0x00000000b8900000, 0x00000000b8900000|100%|HC|  |TAMS 0x00000000b8800000| PB 0x00000000b8800000| Complete 
| 905|0x00000000b8900000, 0x00000000b8a00000, 0x00000000b8a00000|100%|HS|  |TAMS 0x00000000b8900000| PB 0x00000000b8900000| Complete 
| 906|0x00000000b8a00000, 0x00000000b8b00000, 0x00000000b8b00000|100%|HC|  |TAMS 0x00000000b8a00000| PB 0x00000000b8a00000| Complete 
| 907|0x00000000b8b00000, 0x00000000b8c00000, 0x00000000b8c00000|100%|HS|  |TAMS 0x00000000b8b00000| PB 0x00000000b8b00000| Complete 
| 908|0x00000000b8c00000, 0x00000000b8d00000, 0x00000000b8d00000|100%|HC|  |TAMS 0x00000000b8c00000| PB 0x00000000b8c00000| Complete 
| 909|0x00000000b8d00000, 0x00000000b8e00000, 0x00000000b8e00000|100%|HS|  |TAMS 0x00000000b8d00000| PB 0x00000000b8d00000| Complete 
| 910|0x00000000b8e00000, 0x00000000b8f00000, 0x00000000b8f00000|100%|HC|  |TAMS 0x00000000b8e00000| PB 0x00000000b8e00000| Complete 
| 911|0x00000000b8f00000, 0x00000000b9000000, 0x00000000b9000000|100%|HS|  |TAMS 0x00000000b8f00000| PB 0x00000000b8f00000| Complete 
| 912|0x00000000b9000000, 0x00000000b9100000, 0x00000000b9100000|100%|HC|  |TAMS 0x00000000b9000000| PB 0x00000000b9000000| Complete 
| 913|0x00000000b9100000, 0x00000000b9200000, 0x00000000b9200000|100%|HS|  |TAMS 0x00000000b9100000| PB 0x00000000b9100000| Complete 
| 914|0x00000000b9200000, 0x00000000b9300000, 0x00000000b9300000|100%|HC|  |TAMS 0x00000000b9200000| PB 0x00000000b9200000| Complete 
| 915|0x00000000b9300000, 0x00000000b9400000, 0x00000000b9400000|100%|HS|  |TAMS 0x00000000b9300000| PB 0x00000000b9300000| Complete 
| 916|0x00000000b9400000, 0x00000000b9500000, 0x00000000b9500000|100%|HC|  |TAMS 0x00000000b9400000| PB 0x00000000b9400000| Complete 
| 917|0x00000000b9500000, 0x00000000b9600000, 0x00000000b9600000|100%|HS|  |TAMS 0x00000000b9500000| PB 0x00000000b9500000| Complete 
| 918|0x00000000b9600000, 0x00000000b9700000, 0x00000000b9700000|100%|HC|  |TAMS 0x00000000b9600000| PB 0x00000000b9600000| Complete 
| 919|0x00000000b9700000, 0x00000000b9800000, 0x00000000b9800000|100%|HS|  |TAMS 0x00000000b9700000| PB 0x00000000b9700000| Complete 
| 920|0x00000000b9800000, 0x00000000b9900000, 0x00000000b9900000|100%|HC|  |TAMS 0x00000000b9800000| PB 0x00000000b9800000| Complete 
| 921|0x00000000b9900000, 0x00000000b9a00000, 0x00000000b9a00000|100%|HS|  |TAMS 0x00000000b9900000| PB 0x00000000b9900000| Complete 
| 922|0x00000000b9a00000, 0x00000000b9b00000, 0x00000000b9b00000|100%|HC|  |TAMS 0x00000000b9a00000| PB 0x00000000b9a00000| Complete 
| 923|0x00000000b9b00000, 0x00000000b9c00000, 0x00000000b9c00000|100%|HS|  |TAMS 0x00000000b9b00000| PB 0x00000000b9b00000| Complete 
| 924|0x00000000b9c00000, 0x00000000b9d00000, 0x00000000b9d00000|100%|HC|  |TAMS 0x00000000b9c00000| PB 0x00000000b9c00000| Complete 
| 925|0x00000000b9d00000, 0x00000000b9e00000, 0x00000000b9e00000|100%|HS|  |TAMS 0x00000000b9d00000| PB 0x00000000b9d00000| Complete 
| 926|0x00000000b9e00000, 0x00000000b9f00000, 0x00000000b9f00000|100%|HC|  |TAMS 0x00000000b9e00000| PB 0x00000000b9e00000| Complete 
| 927|0x00000000b9f00000, 0x00000000ba000000, 0x00000000ba000000|100%|HS|  |TAMS 0x00000000b9f00000| PB 0x00000000b9f00000| Complete 
| 928|0x00000000ba000000, 0x00000000ba100000, 0x00000000ba100000|100%|HC|  |TAMS 0x00000000ba000000| PB 0x00000000ba000000| Complete 
| 929|0x00000000ba100000, 0x00000000ba200000, 0x00000000ba200000|100%|HS|  |TAMS 0x00000000ba100000| PB 0x00000000ba100000| Complete 
| 930|0x00000000ba200000, 0x00000000ba300000, 0x00000000ba300000|100%|HC|  |TAMS 0x00000000ba200000| PB 0x00000000ba200000| Complete 
| 931|0x00000000ba300000, 0x00000000ba400000, 0x00000000ba400000|100%|HS|  |TAMS 0x00000000ba300000| PB 0x00000000ba300000| Complete 
| 932|0x00000000ba400000, 0x00000000ba500000, 0x00000000ba500000|100%|HC|  |TAMS 0x00000000ba400000| PB 0x00000000ba400000| Complete 
| 933|0x00000000ba500000, 0x00000000ba600000, 0x00000000ba600000|100%|HS|  |TAMS 0x00000000ba500000| PB 0x00000000ba500000| Complete 
| 934|0x00000000ba600000, 0x00000000ba700000, 0x00000000ba700000|100%|HC|  |TAMS 0x00000000ba600000| PB 0x00000000ba600000| Complete 
| 935|0x00000000ba700000, 0x00000000ba800000, 0x00000000ba800000|100%|HS|  |TAMS 0x00000000ba700000| PB 0x00000000ba700000| Complete 
| 936|0x00000000ba800000, 0x00000000ba900000, 0x00000000ba900000|100%|HC|  |TAMS 0x00000000ba800000| PB 0x00000000ba800000| Complete 
| 937|0x00000000ba900000, 0x00000000baa00000, 0x00000000baa00000|100%|HS|  |TAMS 0x00000000ba900000| PB 0x00000000ba900000| Complete 
| 938|0x00000000baa00000, 0x00000000bab00000, 0x00000000bab00000|100%|HC|  |TAMS 0x00000000baa00000| PB 0x00000000baa00000| Complete 
| 939|0x00000000bab00000, 0x00000000bac00000, 0x00000000bac00000|100%|HS|  |TAMS 0x00000000bab00000| PB 0x00000000bab00000| Complete 
| 940|0x00000000bac00000, 0x00000000bad00000, 0x00000000bad00000|100%|HC|  |TAMS 0x00000000bac00000| PB 0x00000000bac00000| Complete 
| 941|0x00000000bad00000, 0x00000000bae00000, 0x00000000bae00000|100%|HS|  |TAMS 0x00000000bad00000| PB 0x00000000bad00000| Complete 
| 942|0x00000000bae00000, 0x00000000baf00000, 0x00000000baf00000|100%|HC|  |TAMS 0x00000000bae00000| PB 0x00000000bae00000| Complete 
| 943|0x00000000baf00000, 0x00000000bb000000, 0x00000000bb000000|100%|HS|  |TAMS 0x00000000baf00000| PB 0x00000000baf00000| Complete 
| 944|0x00000000bb000000, 0x00000000bb100000, 0x00000000bb100000|100%|HC|  |TAMS 0x00000000bb000000| PB 0x00000000bb000000| Complete 
| 945|0x00000000bb100000, 0x00000000bb200000, 0x00000000bb200000|100%|HS|  |TAMS 0x00000000bb100000| PB 0x00000000bb100000| Complete 
| 946|0x00000000bb200000, 0x00000000bb300000, 0x00000000bb300000|100%|HC|  |TAMS 0x00000000bb200000| PB 0x00000000bb200000| Complete 
| 947|0x00000000bb300000, 0x00000000bb400000, 0x00000000bb400000|100%|HS|  |TAMS 0x00000000bb300000| PB 0x00000000bb300000| Complete 
| 948|0x00000000bb400000, 0x00000000bb500000, 0x00000000bb500000|100%|HC|  |TAMS 0x00000000bb400000| PB 0x00000000bb400000| Complete 
| 949|0x00000000bb500000, 0x00000000bb600000, 0x00000000bb600000|100%|HS|  |TAMS 0x00000000bb500000| PB 0x00000000bb500000| Complete 
| 950|0x00000000bb600000, 0x00000000bb700000, 0x00000000bb700000|100%|HC|  |TAMS 0x00000000bb600000| PB 0x00000000bb600000| Complete 
| 951|0x00000000bb700000, 0x00000000bb800000, 0x00000000bb800000|100%|HS|  |TAMS 0x00000000bb700000| PB 0x00000000bb700000| Complete 
| 952|0x00000000bb800000, 0x00000000bb900000, 0x00000000bb900000|100%|HC|  |TAMS 0x00000000bb800000| PB 0x00000000bb800000| Complete 
| 953|0x00000000bb900000, 0x00000000bba00000, 0x00000000bba00000|100%|HS|  |TAMS 0x00000000bb900000| PB 0x00000000bb900000| Complete 
| 954|0x00000000bba00000, 0x00000000bbb00000, 0x00000000bbb00000|100%|HC|  |TAMS 0x00000000bba00000| PB 0x00000000bba00000| Complete 
| 955|0x00000000bbb00000, 0x00000000bbc00000, 0x00000000bbc00000|100%|HS|  |TAMS 0x00000000bbb00000| PB 0x00000000bbb00000| Complete 
| 956|0x00000000bbc00000, 0x00000000bbd00000, 0x00000000bbd00000|100%|HC|  |TAMS 0x00000000bbc00000| PB 0x00000000bbc00000| Complete 
| 957|0x00000000bbd00000, 0x00000000bbe00000, 0x00000000bbe00000|100%|HS|  |TAMS 0x00000000bbd00000| PB 0x00000000bbd00000| Complete 
| 958|0x00000000bbe00000, 0x00000000bbf00000, 0x00000000bbf00000|100%|HC|  |TAMS 0x00000000bbe00000| PB 0x00000000bbe00000| Complete 
| 959|0x00000000bbf00000, 0x00000000bc000000, 0x00000000bc000000|100%|HS|  |TAMS 0x00000000bbf00000| PB 0x00000000bbf00000| Complete 
| 960|0x00000000bc000000, 0x00000000bc100000, 0x00000000bc100000|100%|HC|  |TAMS 0x00000000bc000000| PB 0x00000000bc000000| Complete 
| 961|0x00000000bc100000, 0x00000000bc200000, 0x00000000bc200000|100%|HS|  |TAMS 0x00000000bc100000| PB 0x00000000bc100000| Complete 
| 962|0x00000000bc200000, 0x00000000bc300000, 0x00000000bc300000|100%|HC|  |TAMS 0x00000000bc200000| PB 0x00000000bc200000| Complete 
| 963|0x00000000bc300000, 0x00000000bc400000, 0x00000000bc400000|100%|HS|  |TAMS 0x00000000bc300000| PB 0x00000000bc300000| Complete 
| 964|0x00000000bc400000, 0x00000000bc500000, 0x00000000bc500000|100%|HC|  |TAMS 0x00000000bc400000| PB 0x00000000bc400000| Complete 
| 965|0x00000000bc500000, 0x00000000bc600000, 0x00000000bc600000|100%|HS|  |TAMS 0x00000000bc500000| PB 0x00000000bc500000| Complete 
| 966|0x00000000bc600000, 0x00000000bc700000, 0x00000000bc700000|100%|HC|  |TAMS 0x00000000bc600000| PB 0x00000000bc600000| Complete 
| 967|0x00000000bc700000, 0x00000000bc800000, 0x00000000bc800000|100%|HS|  |TAMS 0x00000000bc700000| PB 0x00000000bc700000| Complete 
| 968|0x00000000bc800000, 0x00000000bc900000, 0x00000000bc900000|100%|HC|  |TAMS 0x00000000bc800000| PB 0x00000000bc800000| Complete 
| 969|0x00000000bc900000, 0x00000000bca00000, 0x00000000bca00000|100%|HS|  |TAMS 0x00000000bc900000| PB 0x00000000bc900000| Complete 
| 970|0x00000000bca00000, 0x00000000bcb00000, 0x00000000bcb00000|100%|HC|  |TAMS 0x00000000bca00000| PB 0x00000000bca00000| Complete 
| 971|0x00000000bcb00000, 0x00000000bcc00000, 0x00000000bcc00000|100%|HS|  |TAMS 0x00000000bcb00000| PB 0x00000000bcb00000| Complete 
| 972|0x00000000bcc00000, 0x00000000bcd00000, 0x00000000bcd00000|100%|HC|  |TAMS 0x00000000bcc00000| PB 0x00000000bcc00000| Complete 
| 973|0x00000000bcd00000, 0x00000000bce00000, 0x00000000bce00000|100%|HS|  |TAMS 0x00000000bcd00000| PB 0x00000000bcd00000| Complete 
| 974|0x00000000bce00000, 0x00000000bcf00000, 0x00000000bcf00000|100%|HC|  |TAMS 0x00000000bce00000| PB 0x00000000bce00000| Complete 
| 975|0x00000000bcf00000, 0x00000000bd000000, 0x00000000bd000000|100%|HS|  |TAMS 0x00000000bcf00000| PB 0x00000000bcf00000| Complete 
| 976|0x00000000bd000000, 0x00000000bd100000, 0x00000000bd100000|100%|HC|  |TAMS 0x00000000bd000000| PB 0x00000000bd000000| Complete 
| 977|0x00000000bd100000, 0x00000000bd200000, 0x00000000bd200000|100%|HS|  |TAMS 0x00000000bd100000| PB 0x00000000bd100000| Complete 
| 978|0x00000000bd200000, 0x00000000bd300000, 0x00000000bd300000|100%|HC|  |TAMS 0x00000000bd200000| PB 0x00000000bd200000| Complete 
| 979|0x00000000bd300000, 0x00000000bd400000, 0x00000000bd400000|100%|HS|  |TAMS 0x00000000bd300000| PB 0x00000000bd300000| Complete 
| 980|0x00000000bd400000, 0x00000000bd500000, 0x00000000bd500000|100%|HC|  |TAMS 0x00000000bd400000| PB 0x00000000bd400000| Complete 
| 981|0x00000000bd500000, 0x00000000bd600000, 0x00000000bd600000|100%|HS|  |TAMS 0x00000000bd500000| PB 0x00000000bd500000| Complete 
| 982|0x00000000bd600000, 0x00000000bd700000, 0x00000000bd700000|100%|HC|  |TAMS 0x00000000bd600000| PB 0x00000000bd600000| Complete 
| 983|0x00000000bd700000, 0x00000000bd800000, 0x00000000bd800000|100%|HS|  |TAMS 0x00000000bd700000| PB 0x00000000bd700000| Complete 
| 984|0x00000000bd800000, 0x00000000bd900000, 0x00000000bd900000|100%|HC|  |TAMS 0x00000000bd800000| PB 0x00000000bd800000| Complete 
| 985|0x00000000bd900000, 0x00000000bda00000, 0x00000000bda00000|100%|HS|  |TAMS 0x00000000bd900000| PB 0x00000000bd900000| Complete 
| 986|0x00000000bda00000, 0x00000000bdb00000, 0x00000000bdb00000|100%|HC|  |TAMS 0x00000000bda00000| PB 0x00000000bda00000| Complete 
| 987|0x00000000bdb00000, 0x00000000bdc00000, 0x00000000bdc00000|100%|HS|  |TAMS 0x00000000bdb00000| PB 0x00000000bdb00000| Complete 
| 988|0x00000000bdc00000, 0x00000000bdd00000, 0x00000000bdd00000|100%|HC|  |TAMS 0x00000000bdc00000| PB 0x00000000bdc00000| Complete 
| 989|0x00000000bdd00000, 0x00000000bde00000, 0x00000000bde00000|100%|HS|  |TAMS 0x00000000bdd00000| PB 0x00000000bdd00000| Complete 
| 990|0x00000000bde00000, 0x00000000bdf00000, 0x00000000bdf00000|100%|HC|  |TAMS 0x00000000bde00000| PB 0x00000000bde00000| Complete 
| 991|0x00000000bdf00000, 0x00000000be000000, 0x00000000be000000|100%|HS|  |TAMS 0x00000000bdf00000| PB 0x00000000bdf00000| Complete 
| 992|0x00000000be000000, 0x00000000be100000, 0x00000000be100000|100%|HC|  |TAMS 0x00000000be000000| PB 0x00000000be000000| Complete 
| 993|0x00000000be100000, 0x00000000be200000, 0x00000000be200000|100%|HS|  |TAMS 0x00000000be100000| PB 0x00000000be100000| Complete 
| 994|0x00000000be200000, 0x00000000be300000, 0x00000000be300000|100%|HC|  |TAMS 0x00000000be200000| PB 0x00000000be200000| Complete 
| 995|0x00000000be300000, 0x00000000be400000, 0x00000000be400000|100%|HS|  |TAMS 0x00000000be300000| PB 0x00000000be300000| Complete 
| 996|0x00000000be400000, 0x00000000be500000, 0x00000000be500000|100%|HC|  |TAMS 0x00000000be400000| PB 0x00000000be400000| Complete 
| 997|0x00000000be500000, 0x00000000be600000, 0x00000000be600000|100%|HS|  |TAMS 0x00000000be500000| PB 0x00000000be500000| Complete 
| 998|0x00000000be600000, 0x00000000be700000, 0x00000000be700000|100%|HC|  |TAMS 0x00000000be600000| PB 0x00000000be600000| Complete 
| 999|0x00000000be700000, 0x00000000be800000, 0x00000000be800000|100%|HS|  |TAMS 0x00000000be700000| PB 0x00000000be700000| Complete 
|1000|0x00000000be800000, 0x00000000be900000, 0x00000000be900000|100%|HC|  |TAMS 0x00000000be800000| PB 0x00000000be800000| Complete 
|1001|0x00000000be900000, 0x00000000bea00000, 0x00000000bea00000|100%|HS|  |TAMS 0x00000000be900000| PB 0x00000000be900000| Complete 
|1002|0x00000000bea00000, 0x00000000beb00000, 0x00000000beb00000|100%|HC|  |TAMS 0x00000000bea00000| PB 0x00000000bea00000| Complete 
|1003|0x00000000beb00000, 0x00000000bec00000, 0x00000000bec00000|100%|HS|  |TAMS 0x00000000beb00000| PB 0x00000000beb00000| Complete 
|1004|0x00000000bec00000, 0x00000000bed00000, 0x00000000bed00000|100%|HC|  |TAMS 0x00000000bec00000| PB 0x00000000bec00000| Complete 
|1005|0x00000000bed00000, 0x00000000bee00000, 0x00000000bee00000|100%|HS|  |TAMS 0x00000000bed00000| PB 0x00000000bed00000| Complete 
|1006|0x00000000bee00000, 0x00000000bef00000, 0x00000000bef00000|100%|HC|  |TAMS 0x00000000bee00000| PB 0x00000000bee00000| Complete 
|1007|0x00000000bef00000, 0x00000000bf000000, 0x00000000bf000000|100%|HS|  |TAMS 0x00000000bef00000| PB 0x00000000bef00000| Complete 
|1008|0x00000000bf000000, 0x00000000bf100000, 0x00000000bf100000|100%|HC|  |TAMS 0x00000000bf000000| PB 0x00000000bf000000| Complete 
|1009|0x00000000bf100000, 0x00000000bf200000, 0x00000000bf200000|100%|HS|  |TAMS 0x00000000bf100000| PB 0x00000000bf100000| Complete 
|1010|0x00000000bf200000, 0x00000000bf300000, 0x00000000bf300000|100%|HC|  |TAMS 0x00000000bf200000| PB 0x00000000bf200000| Complete 
|1011|0x00000000bf300000, 0x00000000bf400000, 0x00000000bf400000|100%|HS|  |TAMS 0x00000000bf300000| PB 0x00000000bf300000| Complete 
|1012|0x00000000bf400000, 0x00000000bf500000, 0x00000000bf500000|100%|HC|  |TAMS 0x00000000bf400000| PB 0x00000000bf400000| Complete 
|1013|0x00000000bf500000, 0x00000000bf600000, 0x00000000bf600000|100%|HS|  |TAMS 0x00000000bf500000| PB 0x00000000bf500000| Complete 
|1014|0x00000000bf600000, 0x00000000bf700000, 0x00000000bf700000|100%|HC|  |TAMS 0x00000000bf600000| PB 0x00000000bf600000| Complete 
|1015|0x00000000bf700000, 0x00000000bf800000, 0x00000000bf800000|100%|HS|  |TAMS 0x00000000bf700000| PB 0x00000000bf700000| Complete 
|1016|0x00000000bf800000, 0x00000000bf900000, 0x00000000bf900000|100%|HC|  |TAMS 0x00000000bf800000| PB 0x00000000bf800000| Complete 
|1017|0x00000000bf900000, 0x00000000bfa00000, 0x00000000bfa00000|100%|HS|  |TAMS 0x00000000bf900000| PB 0x00000000bf900000| Complete 
|1018|0x00000000bfa00000, 0x00000000bfb00000, 0x00000000bfb00000|100%|HC|  |TAMS 0x00000000bfa00000| PB 0x00000000bfa00000| Complete 
|1019|0x00000000bfb00000, 0x00000000bfc00000, 0x00000000bfc00000|100%|HS|  |TAMS 0x00000000bfb00000| PB 0x00000000bfb00000| Complete 
|1020|0x00000000bfc00000, 0x00000000bfd00000, 0x00000000bfd00000|100%|HC|  |TAMS 0x00000000bfc00000| PB 0x00000000bfc00000| Complete 
|1021|0x00000000bfd00000, 0x00000000bfe00000, 0x00000000bfe00000|100%|HS|  |TAMS 0x00000000bfd00000| PB 0x00000000bfd00000| Complete 
|1022|0x00000000bfe00000, 0x00000000bff00000, 0x00000000bff00000|100%|HC|  |TAMS 0x00000000bfe00000| PB 0x00000000bfe00000| Complete 
|1023|0x00000000bff00000, 0x00000000c0000000, 0x00000000c0000000|100%|HS|  |TAMS 0x00000000bff00000| PB 0x00000000bff00000| Complete 
|1024|0x00000000c0000000, 0x00000000c0100000, 0x00000000c0100000|100%|HC|  |TAMS 0x00000000c0000000| PB 0x00000000c0000000| Complete 
|1025|0x00000000c0100000, 0x00000000c0200000, 0x00000000c0200000|100%|HS|  |TAMS 0x00000000c0100000| PB 0x00000000c0100000| Complete 
|1026|0x00000000c0200000, 0x00000000c0300000, 0x00000000c0300000|100%|HC|  |TAMS 0x00000000c0200000| PB 0x00000000c0200000| Complete 
|1027|0x00000000c0300000, 0x00000000c0400000, 0x00000000c0400000|100%|HS|  |TAMS 0x00000000c0300000| PB 0x00000000c0300000| Complete 
|1028|0x00000000c0400000, 0x00000000c0500000, 0x00000000c0500000|100%|HC|  |TAMS 0x00000000c0400000| PB 0x00000000c0400000| Complete 
|1029|0x00000000c0500000, 0x00000000c0600000, 0x00000000c0600000|100%|HS|  |TAMS 0x00000000c0500000| PB 0x00000000c0500000| Complete 
|1030|0x00000000c0600000, 0x00000000c0700000, 0x00000000c0700000|100%|HC|  |TAMS 0x00000000c0600000| PB 0x00000000c0600000| Complete 
|1031|0x00000000c0700000, 0x00000000c0800000, 0x00000000c0800000|100%|HS|  |TAMS 0x00000000c0700000| PB 0x00000000c0700000| Complete 
|1032|0x00000000c0800000, 0x00000000c0900000, 0x00000000c0900000|100%|HC|  |TAMS 0x00000000c0800000| PB 0x00000000c0800000| Complete 
|1033|0x00000000c0900000, 0x00000000c0a00000, 0x00000000c0a00000|100%|HS|  |TAMS 0x00000000c0900000| PB 0x00000000c0900000| Complete 
|1034|0x00000000c0a00000, 0x00000000c0b00000, 0x00000000c0b00000|100%|HC|  |TAMS 0x00000000c0a00000| PB 0x00000000c0a00000| Complete 
|1035|0x00000000c0b00000, 0x00000000c0c00000, 0x00000000c0c00000|100%|HS|  |TAMS 0x00000000c0b00000| PB 0x00000000c0b00000| Complete 
|1036|0x00000000c0c00000, 0x00000000c0d00000, 0x00000000c0d00000|100%|HC|  |TAMS 0x00000000c0c00000| PB 0x00000000c0c00000| Complete 
|1037|0x00000000c0d00000, 0x00000000c0e00000, 0x00000000c0e00000|100%|HS|  |TAMS 0x00000000c0d00000| PB 0x00000000c0d00000| Complete 
|1038|0x00000000c0e00000, 0x00000000c0f00000, 0x00000000c0f00000|100%|HC|  |TAMS 0x00000000c0e00000| PB 0x00000000c0e00000| Complete 
|1039|0x00000000c0f00000, 0x00000000c1000000, 0x00000000c1000000|100%|HS|  |TAMS 0x00000000c0f00000| PB 0x00000000c0f00000| Complete 
|1040|0x00000000c1000000, 0x00000000c1100000, 0x00000000c1100000|100%|HC|  |TAMS 0x00000000c1000000| PB 0x00000000c1000000| Complete 
|1041|0x00000000c1100000, 0x00000000c1200000, 0x00000000c1200000|100%|HS|  |TAMS 0x00000000c1100000| PB 0x00000000c1100000| Complete 
|1042|0x00000000c1200000, 0x00000000c1300000, 0x00000000c1300000|100%|HC|  |TAMS 0x00000000c1200000| PB 0x00000000c1200000| Complete 
|1043|0x00000000c1300000, 0x00000000c1400000, 0x00000000c1400000|100%|HS|  |TAMS 0x00000000c1300000| PB 0x00000000c1300000| Complete 
|1044|0x00000000c1400000, 0x00000000c1500000, 0x00000000c1500000|100%|HC|  |TAMS 0x00000000c1400000| PB 0x00000000c1400000| Complete 
|1045|0x00000000c1500000, 0x00000000c1600000, 0x00000000c1600000|100%|HS|  |TAMS 0x00000000c1500000| PB 0x00000000c1500000| Complete 
|1046|0x00000000c1600000, 0x00000000c1700000, 0x00000000c1700000|100%|HC|  |TAMS 0x00000000c1600000| PB 0x00000000c1600000| Complete 
|1047|0x00000000c1700000, 0x00000000c1800000, 0x00000000c1800000|100%|HS|  |TAMS 0x00000000c1700000| PB 0x00000000c1700000| Complete 
|1048|0x00000000c1800000, 0x00000000c1900000, 0x00000000c1900000|100%|HC|  |TAMS 0x00000000c1800000| PB 0x00000000c1800000| Complete 
|1049|0x00000000c1900000, 0x00000000c1a00000, 0x00000000c1a00000|100%|HS|  |TAMS 0x00000000c1900000| PB 0x00000000c1900000| Complete 
|1050|0x00000000c1a00000, 0x00000000c1b00000, 0x00000000c1b00000|100%|HC|  |TAMS 0x00000000c1a00000| PB 0x00000000c1a00000| Complete 
|1051|0x00000000c1b00000, 0x00000000c1c00000, 0x00000000c1c00000|100%|HS|  |TAMS 0x00000000c1b00000| PB 0x00000000c1b00000| Complete 
|1052|0x00000000c1c00000, 0x00000000c1d00000, 0x00000000c1d00000|100%|HC|  |TAMS 0x00000000c1c00000| PB 0x00000000c1c00000| Complete 
|1053|0x00000000c1d00000, 0x00000000c1e00000, 0x00000000c1e00000|100%|HS|  |TAMS 0x00000000c1d00000| PB 0x00000000c1d00000| Complete 
|1054|0x00000000c1e00000, 0x00000000c1f00000, 0x00000000c1f00000|100%|HC|  |TAMS 0x00000000c1e00000| PB 0x00000000c1e00000| Complete 
|1055|0x00000000c1f00000, 0x00000000c2000000, 0x00000000c2000000|100%|HS|  |TAMS 0x00000000c1f00000| PB 0x00000000c1f00000| Complete 
|1056|0x00000000c2000000, 0x00000000c2100000, 0x00000000c2100000|100%|HC|  |TAMS 0x00000000c2000000| PB 0x00000000c2000000| Complete 
|1057|0x00000000c2100000, 0x00000000c2200000, 0x00000000c2200000|100%|HS|  |TAMS 0x00000000c2100000| PB 0x00000000c2100000| Complete 
|1058|0x00000000c2200000, 0x00000000c2300000, 0x00000000c2300000|100%|HC|  |TAMS 0x00000000c2200000| PB 0x00000000c2200000| Complete 
|1059|0x00000000c2300000, 0x00000000c2400000, 0x00000000c2400000|100%|HS|  |TAMS 0x00000000c2300000| PB 0x00000000c2300000| Complete 
|1060|0x00000000c2400000, 0x00000000c2500000, 0x00000000c2500000|100%|HC|  |TAMS 0x00000000c2400000| PB 0x00000000c2400000| Complete 
|1061|0x00000000c2500000, 0x00000000c2600000, 0x00000000c2600000|100%|HS|  |TAMS 0x00000000c2500000| PB 0x00000000c2500000| Complete 
|1062|0x00000000c2600000, 0x00000000c2700000, 0x00000000c2700000|100%|HC|  |TAMS 0x00000000c2600000| PB 0x00000000c2600000| Complete 
|1063|0x00000000c2700000, 0x00000000c2800000, 0x00000000c2800000|100%|HS|  |TAMS 0x00000000c2700000| PB 0x00000000c2700000| Complete 
|1064|0x00000000c2800000, 0x00000000c2900000, 0x00000000c2900000|100%|HC|  |TAMS 0x00000000c2800000| PB 0x00000000c2800000| Complete 
|1065|0x00000000c2900000, 0x00000000c2a00000, 0x00000000c2a00000|100%|HS|  |TAMS 0x00000000c2900000| PB 0x00000000c2900000| Complete 
|1066|0x00000000c2a00000, 0x00000000c2b00000, 0x00000000c2b00000|100%|HC|  |TAMS 0x00000000c2a00000| PB 0x00000000c2a00000| Complete 
|1067|0x00000000c2b00000, 0x00000000c2c00000, 0x00000000c2c00000|100%|HS|  |TAMS 0x00000000c2b00000| PB 0x00000000c2b00000| Complete 
|1068|0x00000000c2c00000, 0x00000000c2d00000, 0x00000000c2d00000|100%|HC|  |TAMS 0x00000000c2c00000| PB 0x00000000c2c00000| Complete 
|1069|0x00000000c2d00000, 0x00000000c2e00000, 0x00000000c2e00000|100%|HS|  |TAMS 0x00000000c2d00000| PB 0x00000000c2d00000| Complete 
|1070|0x00000000c2e00000, 0x00000000c2f00000, 0x00000000c2f00000|100%|HC|  |TAMS 0x00000000c2e00000| PB 0x00000000c2e00000| Complete 
|1071|0x00000000c2f00000, 0x00000000c3000000, 0x00000000c3000000|100%|HS|  |TAMS 0x00000000c2f00000| PB 0x00000000c2f00000| Complete 
|1072|0x00000000c3000000, 0x00000000c3100000, 0x00000000c3100000|100%|HC|  |TAMS 0x00000000c3000000| PB 0x00000000c3000000| Complete 
|1073|0x00000000c3100000, 0x00000000c3200000, 0x00000000c3200000|100%|HS|  |TAMS 0x00000000c3100000| PB 0x00000000c3100000| Complete 
|1074|0x00000000c3200000, 0x00000000c3300000, 0x00000000c3300000|100%|HC|  |TAMS 0x00000000c3200000| PB 0x00000000c3200000| Complete 
|1075|0x00000000c3300000, 0x00000000c3400000, 0x00000000c3400000|100%|HS|  |TAMS 0x00000000c3300000| PB 0x00000000c3300000| Complete 
|1076|0x00000000c3400000, 0x00000000c3500000, 0x00000000c3500000|100%|HC|  |TAMS 0x00000000c3400000| PB 0x00000000c3400000| Complete 
|1077|0x00000000c3500000, 0x00000000c3600000, 0x00000000c3600000|100%|HS|  |TAMS 0x00000000c3500000| PB 0x00000000c3500000| Complete 
|1078|0x00000000c3600000, 0x00000000c3700000, 0x00000000c3700000|100%|HC|  |TAMS 0x00000000c3600000| PB 0x00000000c3600000| Complete 
|1079|0x00000000c3700000, 0x00000000c3800000, 0x00000000c3800000|100%|HS|  |TAMS 0x00000000c3700000| PB 0x00000000c3700000| Complete 
|1080|0x00000000c3800000, 0x00000000c3900000, 0x00000000c3900000|100%|HC|  |TAMS 0x00000000c3800000| PB 0x00000000c3800000| Complete 
|1081|0x00000000c3900000, 0x00000000c3a00000, 0x00000000c3a00000|100%|HS|  |TAMS 0x00000000c3900000| PB 0x00000000c3900000| Complete 
|1082|0x00000000c3a00000, 0x00000000c3b00000, 0x00000000c3b00000|100%|HC|  |TAMS 0x00000000c3a00000| PB 0x00000000c3a00000| Complete 
|1083|0x00000000c3b00000, 0x00000000c3c00000, 0x00000000c3c00000|100%|HS|  |TAMS 0x00000000c3b00000| PB 0x00000000c3b00000| Complete 
|1084|0x00000000c3c00000, 0x00000000c3d00000, 0x00000000c3d00000|100%|HC|  |TAMS 0x00000000c3c00000| PB 0x00000000c3c00000| Complete 
|1085|0x00000000c3d00000, 0x00000000c3e00000, 0x00000000c3e00000|100%|HS|  |TAMS 0x00000000c3d00000| PB 0x00000000c3d00000| Complete 
|1086|0x00000000c3e00000, 0x00000000c3f00000, 0x00000000c3f00000|100%|HC|  |TAMS 0x00000000c3e00000| PB 0x00000000c3e00000| Complete 
|1087|0x00000000c3f00000, 0x00000000c4000000, 0x00000000c4000000|100%|HS|  |TAMS 0x00000000c3f00000| PB 0x00000000c3f00000| Complete 
|1088|0x00000000c4000000, 0x00000000c4100000, 0x00000000c4100000|100%|HC|  |TAMS 0x00000000c4000000| PB 0x00000000c4000000| Complete 
|1089|0x00000000c4100000, 0x00000000c4200000, 0x00000000c4200000|100%|HS|  |TAMS 0x00000000c4100000| PB 0x00000000c4100000| Complete 
|1090|0x00000000c4200000, 0x00000000c4300000, 0x00000000c4300000|100%|HC|  |TAMS 0x00000000c4200000| PB 0x00000000c4200000| Complete 
|1091|0x00000000c4300000, 0x00000000c4400000, 0x00000000c4400000|100%|HS|  |TAMS 0x00000000c4300000| PB 0x00000000c4300000| Complete 
|1092|0x00000000c4400000, 0x00000000c4500000, 0x00000000c4500000|100%|HC|  |TAMS 0x00000000c4400000| PB 0x00000000c4400000| Complete 
|1093|0x00000000c4500000, 0x00000000c4600000, 0x00000000c4600000|100%|HS|  |TAMS 0x00000000c4500000| PB 0x00000000c4500000| Complete 
|1094|0x00000000c4600000, 0x00000000c4700000, 0x00000000c4700000|100%|HC|  |TAMS 0x00000000c4600000| PB 0x00000000c4600000| Complete 
|1095|0x00000000c4700000, 0x00000000c4800000, 0x00000000c4800000|100%|HS|  |TAMS 0x00000000c4700000| PB 0x00000000c4700000| Complete 
|1096|0x00000000c4800000, 0x00000000c4900000, 0x00000000c4900000|100%|HC|  |TAMS 0x00000000c4800000| PB 0x00000000c4800000| Complete 
|1097|0x00000000c4900000, 0x00000000c4a00000, 0x00000000c4a00000|100%|HS|  |TAMS 0x00000000c4900000| PB 0x00000000c4900000| Complete 
|1098|0x00000000c4a00000, 0x00000000c4b00000, 0x00000000c4b00000|100%|HC|  |TAMS 0x00000000c4a00000| PB 0x00000000c4a00000| Complete 
|1099|0x00000000c4b00000, 0x00000000c4c00000, 0x00000000c4c00000|100%|HS|  |TAMS 0x00000000c4b00000| PB 0x00000000c4b00000| Complete 
|1100|0x00000000c4c00000, 0x00000000c4d00000, 0x00000000c4d00000|100%|HC|  |TAMS 0x00000000c4c00000| PB 0x00000000c4c00000| Complete 
|1101|0x00000000c4d00000, 0x00000000c4e00000, 0x00000000c4e00000|100%| E|CS|TAMS 0x00000000c4d00000| PB 0x00000000c4d00000| Complete 
|1102|0x00000000c4e00000, 0x00000000c4f00000, 0x00000000c4f00000|100%| E|CS|TAMS 0x00000000c4e00000| PB 0x00000000c4e00000| Complete 
|1103|0x00000000c4f00000, 0x00000000c5000000, 0x00000000c5000000|100%| E|CS|TAMS 0x00000000c4f00000| PB 0x00000000c4f00000| Complete 
|1104|0x00000000c5000000, 0x00000000c5100000, 0x00000000c5100000|100%| E|CS|TAMS 0x00000000c5000000| PB 0x00000000c5000000| Complete 
|1105|0x00000000c5100000, 0x00000000c5200000, 0x00000000c5200000|100%| E|CS|TAMS 0x00000000c5100000| PB 0x00000000c5100000| Complete 
|1106|0x00000000c5200000, 0x00000000c5300000, 0x00000000c5300000|100%| E|CS|TAMS 0x00000000c5200000| PB 0x00000000c5200000| Complete 
|1107|0x00000000c5300000, 0x00000000c5400000, 0x00000000c5400000|100%| E|CS|TAMS 0x00000000c5300000| PB 0x00000000c5300000| Complete 
|1108|0x00000000c5400000, 0x00000000c5500000, 0x00000000c5500000|100%|HS|  |TAMS 0x00000000c5400000| PB 0x00000000c5400000| Complete 
|1109|0x00000000c5500000, 0x00000000c5600000, 0x00000000c5600000|100%|HC|  |TAMS 0x00000000c5500000| PB 0x00000000c5500000| Complete 
|1111|0x00000000c5700000, 0x00000000c5800000, 0x00000000c5800000|100%| E|CS|TAMS 0x00000000c5700000| PB 0x00000000c5700000| Complete 
|1112|0x00000000c5800000, 0x00000000c5900000, 0x00000000c5900000|100%| E|CS|TAMS 0x00000000c5800000| PB 0x00000000c5800000| Complete 
|1113|0x00000000c5900000, 0x00000000c5a00000, 0x00000000c5a00000|100%| E|CS|TAMS 0x00000000c5900000| PB 0x00000000c5900000| Complete 
|1114|0x00000000c5a00000, 0x00000000c5b00000, 0x00000000c5b00000|100%| E|CS|TAMS 0x00000000c5a00000| PB 0x00000000c5a00000| Complete 
|1115|0x00000000c5b00000, 0x00000000c5c00000, 0x00000000c5c00000|100%| E|CS|TAMS 0x00000000c5b00000| PB 0x00000000c5b00000| Complete 
|1116|0x00000000c5c00000, 0x00000000c5d00000, 0x00000000c5d00000|100%|HS|  |TAMS 0x00000000c5c00000| PB 0x00000000c5c00000| Complete 
|1117|0x00000000c5d00000, 0x00000000c5e00000, 0x00000000c5e00000|100%|HC|  |TAMS 0x00000000c5d00000| PB 0x00000000c5d00000| Complete 
|1118|0x00000000c5e00000, 0x00000000c5f00000, 0x00000000c5f00000|100%|HS|  |TAMS 0x00000000c5e00000| PB 0x00000000c5e00000| Complete 
|1119|0x00000000c5f00000, 0x00000000c6000000, 0x00000000c6000000|100%|HC|  |TAMS 0x00000000c5f00000| PB 0x00000000c5f00000| Complete 
|1120|0x00000000c6000000, 0x00000000c6100000, 0x00000000c6100000|100%|HS|  |TAMS 0x00000000c6000000| PB 0x00000000c6000000| Complete 
|1121|0x00000000c6100000, 0x00000000c6200000, 0x00000000c6200000|100%|HC|  |TAMS 0x00000000c6100000| PB 0x00000000c6100000| Complete 
|1122|0x00000000c6200000, 0x00000000c6300000, 0x00000000c6300000|100%|HS|  |TAMS 0x00000000c6200000| PB 0x00000000c6200000| Complete 
|1123|0x00000000c6300000, 0x00000000c6400000, 0x00000000c6400000|100%|HC|  |TAMS 0x00000000c6300000| PB 0x00000000c6300000| Complete 
|1124|0x00000000c6400000, 0x00000000c6500000, 0x00000000c6500000|100%|HS|  |TAMS 0x00000000c6400000| PB 0x00000000c6400000| Complete 
|1125|0x00000000c6500000, 0x00000000c6600000, 0x00000000c6600000|100%|HC|  |TAMS 0x00000000c6500000| PB 0x00000000c6500000| Complete 
|1126|0x00000000c6600000, 0x00000000c6700000, 0x00000000c6700000|100%|HS|  |TAMS 0x00000000c6600000| PB 0x00000000c6600000| Complete 
|1127|0x00000000c6700000, 0x00000000c6800000, 0x00000000c6800000|100%|HC|  |TAMS 0x00000000c6700000| PB 0x00000000c6700000| Complete 
|1128|0x00000000c6800000, 0x00000000c6900000, 0x00000000c6900000|100%|HS|  |TAMS 0x00000000c6800000| PB 0x00000000c6800000| Complete 
|1129|0x00000000c6900000, 0x00000000c6a00000, 0x00000000c6a00000|100%|HC|  |TAMS 0x00000000c6900000| PB 0x00000000c6900000| Complete 
|1130|0x00000000c6a00000, 0x00000000c6b00000, 0x00000000c6b00000|100%|HS|  |TAMS 0x00000000c6a00000| PB 0x00000000c6a00000| Complete 
|1131|0x00000000c6b00000, 0x00000000c6c00000, 0x00000000c6c00000|100%|HC|  |TAMS 0x00000000c6b00000| PB 0x00000000c6b00000| Complete 
|1132|0x00000000c6c00000, 0x00000000c6d00000, 0x00000000c6d00000|100%|HS|  |TAMS 0x00000000c6c00000| PB 0x00000000c6c00000| Complete 
|1133|0x00000000c6d00000, 0x00000000c6e00000, 0x00000000c6e00000|100%|HC|  |TAMS 0x00000000c6d00000| PB 0x00000000c6d00000| Complete 
|1134|0x00000000c6e00000, 0x00000000c6f00000, 0x00000000c6f00000|100%|HS|  |TAMS 0x00000000c6e00000| PB 0x00000000c6e00000| Complete 
|1135|0x00000000c6f00000, 0x00000000c7000000, 0x00000000c7000000|100%|HC|  |TAMS 0x00000000c6f00000| PB 0x00000000c6f00000| Complete 
|1136|0x00000000c7000000, 0x00000000c7100000, 0x00000000c7100000|100%|HS|  |TAMS 0x00000000c7000000| PB 0x00000000c7000000| Complete 
|1137|0x00000000c7100000, 0x00000000c7200000, 0x00000000c7200000|100%|HC|  |TAMS 0x00000000c7100000| PB 0x00000000c7100000| Complete 
|1138|0x00000000c7200000, 0x00000000c7300000, 0x00000000c7300000|100%|HS|  |TAMS 0x00000000c7200000| PB 0x00000000c7200000| Complete 
|1139|0x00000000c7300000, 0x00000000c7400000, 0x00000000c7400000|100%|HC|  |TAMS 0x00000000c7300000| PB 0x00000000c7300000| Complete 
|1140|0x00000000c7400000, 0x00000000c7500000, 0x00000000c7500000|100%|HS|  |TAMS 0x00000000c7400000| PB 0x00000000c7400000| Complete 
|1141|0x00000000c7500000, 0x00000000c7600000, 0x00000000c7600000|100%|HC|  |TAMS 0x00000000c7500000| PB 0x00000000c7500000| Complete 
|1142|0x00000000c7600000, 0x00000000c7700000, 0x00000000c7700000|100%|HS|  |TAMS 0x00000000c7600000| PB 0x00000000c7600000| Complete 
|1143|0x00000000c7700000, 0x00000000c7800000, 0x00000000c7800000|100%|HC|  |TAMS 0x00000000c7700000| PB 0x00000000c7700000| Complete 
|1144|0x00000000c7800000, 0x00000000c7900000, 0x00000000c7900000|100%|HS|  |TAMS 0x00000000c7800000| PB 0x00000000c7800000| Complete 
|1145|0x00000000c7900000, 0x00000000c7a00000, 0x00000000c7a00000|100%|HC|  |TAMS 0x00000000c7900000| PB 0x00000000c7900000| Complete 
|1146|0x00000000c7a00000, 0x00000000c7b00000, 0x00000000c7b00000|100%|HS|  |TAMS 0x00000000c7a00000| PB 0x00000000c7a00000| Complete 
|1147|0x00000000c7b00000, 0x00000000c7c00000, 0x00000000c7c00000|100%|HC|  |TAMS 0x00000000c7b00000| PB 0x00000000c7b00000| Complete 
|1148|0x00000000c7c00000, 0x00000000c7d00000, 0x00000000c7d00000|100%|HS|  |TAMS 0x00000000c7c00000| PB 0x00000000c7c00000| Complete 
|1149|0x00000000c7d00000, 0x00000000c7e00000, 0x00000000c7e00000|100%|HC|  |TAMS 0x00000000c7d00000| PB 0x00000000c7d00000| Complete 
|1150|0x00000000c7e00000, 0x00000000c7f00000, 0x00000000c7f00000|100%|HS|  |TAMS 0x00000000c7e00000| PB 0x00000000c7e00000| Complete 
|1151|0x00000000c7f00000, 0x00000000c8000000, 0x00000000c8000000|100%|HC|  |TAMS 0x00000000c7f00000| PB 0x00000000c7f00000| Complete 
|1152|0x00000000c8000000, 0x00000000c8100000, 0x00000000c8100000|100%|HS|  |TAMS 0x00000000c8000000| PB 0x00000000c8000000| Complete 
|1153|0x00000000c8100000, 0x00000000c8200000, 0x00000000c8200000|100%|HC|  |TAMS 0x00000000c8100000| PB 0x00000000c8100000| Complete 
|1154|0x00000000c8200000, 0x00000000c8300000, 0x00000000c8300000|100%|HS|  |TAMS 0x00000000c8200000| PB 0x00000000c8200000| Complete 
|1155|0x00000000c8300000, 0x00000000c8400000, 0x00000000c8400000|100%|HC|  |TAMS 0x00000000c8300000| PB 0x00000000c8300000| Complete 
|1156|0x00000000c8400000, 0x00000000c8500000, 0x00000000c8500000|100%|HS|  |TAMS 0x00000000c8400000| PB 0x00000000c8400000| Complete 
|1157|0x00000000c8500000, 0x00000000c8600000, 0x00000000c8600000|100%|HC|  |TAMS 0x00000000c8500000| PB 0x00000000c8500000| Complete 
|1158|0x00000000c8600000, 0x00000000c8700000, 0x00000000c8700000|100%|HS|  |TAMS 0x00000000c8600000| PB 0x00000000c8600000| Complete 
|1159|0x00000000c8700000, 0x00000000c8800000, 0x00000000c8800000|100%|HC|  |TAMS 0x00000000c8700000| PB 0x00000000c8700000| Complete 
|1160|0x00000000c8800000, 0x00000000c8900000, 0x00000000c8900000|100%|HS|  |TAMS 0x00000000c8800000| PB 0x00000000c8800000| Complete 
|1161|0x00000000c8900000, 0x00000000c8a00000, 0x00000000c8a00000|100%|HC|  |TAMS 0x00000000c8900000| PB 0x00000000c8900000| Complete 
|1162|0x00000000c8a00000, 0x00000000c8b00000, 0x00000000c8b00000|100%|HS|  |TAMS 0x00000000c8a00000| PB 0x00000000c8a00000| Complete 
|1163|0x00000000c8b00000, 0x00000000c8c00000, 0x00000000c8c00000|100%|HC|  |TAMS 0x00000000c8b00000| PB 0x00000000c8b00000| Complete 
|1164|0x00000000c8c00000, 0x00000000c8d00000, 0x00000000c8d00000|100%|HS|  |TAMS 0x00000000c8c00000| PB 0x00000000c8c00000| Complete 
|1165|0x00000000c8d00000, 0x00000000c8e00000, 0x00000000c8e00000|100%|HC|  |TAMS 0x00000000c8d00000| PB 0x00000000c8d00000| Complete 
|1166|0x00000000c8e00000, 0x00000000c8f00000, 0x00000000c8f00000|100%|HS|  |TAMS 0x00000000c8e00000| PB 0x00000000c8e00000| Complete 
|1167|0x00000000c8f00000, 0x00000000c9000000, 0x00000000c9000000|100%|HC|  |TAMS 0x00000000c8f00000| PB 0x00000000c8f00000| Complete 
|1168|0x00000000c9000000, 0x00000000c9100000, 0x00000000c9100000|100%|HS|  |TAMS 0x00000000c9000000| PB 0x00000000c9000000| Complete 
|1169|0x00000000c9100000, 0x00000000c9200000, 0x00000000c9200000|100%|HC|  |TAMS 0x00000000c9100000| PB 0x00000000c9100000| Complete 
|1170|0x00000000c9200000, 0x00000000c9300000, 0x00000000c9300000|100%|HS|  |TAMS 0x00000000c9200000| PB 0x00000000c9200000| Complete 
|1171|0x00000000c9300000, 0x00000000c9400000, 0x00000000c9400000|100%|HC|  |TAMS 0x00000000c9300000| PB 0x00000000c9300000| Complete 
|1172|0x00000000c9400000, 0x00000000c9500000, 0x00000000c9500000|100%|HS|  |TAMS 0x00000000c9400000| PB 0x00000000c9400000| Complete 
|1173|0x00000000c9500000, 0x00000000c9600000, 0x00000000c9600000|100%|HC|  |TAMS 0x00000000c9500000| PB 0x00000000c9500000| Complete 
|1174|0x00000000c9600000, 0x00000000c9700000, 0x00000000c9700000|100%|HS|  |TAMS 0x00000000c9600000| PB 0x00000000c9600000| Complete 
|1175|0x00000000c9700000, 0x00000000c9800000, 0x00000000c9800000|100%|HC|  |TAMS 0x00000000c9700000| PB 0x00000000c9700000| Complete 
|1176|0x00000000c9800000, 0x00000000c9900000, 0x00000000c9900000|100%|HS|  |TAMS 0x00000000c9800000| PB 0x00000000c9800000| Complete 
|1177|0x00000000c9900000, 0x00000000c9a00000, 0x00000000c9a00000|100%|HC|  |TAMS 0x00000000c9900000| PB 0x00000000c9900000| Complete 
|1178|0x00000000c9a00000, 0x00000000c9b00000, 0x00000000c9b00000|100%|HS|  |TAMS 0x00000000c9a00000| PB 0x00000000c9a00000| Complete 
|1179|0x00000000c9b00000, 0x00000000c9c00000, 0x00000000c9c00000|100%|HC|  |TAMS 0x00000000c9b00000| PB 0x00000000c9b00000| Complete 
|1180|0x00000000c9c00000, 0x00000000c9d00000, 0x00000000c9d00000|100%|HS|  |TAMS 0x00000000c9c00000| PB 0x00000000c9c00000| Complete 
|1181|0x00000000c9d00000, 0x00000000c9e00000, 0x00000000c9e00000|100%|HC|  |TAMS 0x00000000c9d00000| PB 0x00000000c9d00000| Complete 
|1182|0x00000000c9e00000, 0x00000000c9f00000, 0x00000000c9f00000|100%|HS|  |TAMS 0x00000000c9e00000| PB 0x00000000c9e00000| Complete 
|1183|0x00000000c9f00000, 0x00000000ca000000, 0x00000000ca000000|100%|HC|  |TAMS 0x00000000c9f00000| PB 0x00000000c9f00000| Complete 
|1184|0x00000000ca000000, 0x00000000ca100000, 0x00000000ca100000|100%|HS|  |TAMS 0x00000000ca000000| PB 0x00000000ca000000| Complete 
|1185|0x00000000ca100000, 0x00000000ca200000, 0x00000000ca200000|100%|HC|  |TAMS 0x00000000ca100000| PB 0x00000000ca100000| Complete 
|1186|0x00000000ca200000, 0x00000000ca300000, 0x00000000ca300000|100%|HS|  |TAMS 0x00000000ca200000| PB 0x00000000ca200000| Complete 
|1187|0x00000000ca300000, 0x00000000ca400000, 0x00000000ca400000|100%|HC|  |TAMS 0x00000000ca300000| PB 0x00000000ca300000| Complete 
|1188|0x00000000ca400000, 0x00000000ca500000, 0x00000000ca500000|100%|HS|  |TAMS 0x00000000ca400000| PB 0x00000000ca400000| Complete 
|1189|0x00000000ca500000, 0x00000000ca600000, 0x00000000ca600000|100%|HC|  |TAMS 0x00000000ca500000| PB 0x00000000ca500000| Complete 
|1190|0x00000000ca600000, 0x00000000ca700000, 0x00000000ca700000|100%|HS|  |TAMS 0x00000000ca600000| PB 0x00000000ca600000| Complete 
|1191|0x00000000ca700000, 0x00000000ca800000, 0x00000000ca800000|100%|HC|  |TAMS 0x00000000ca700000| PB 0x00000000ca700000| Complete 
|1192|0x00000000ca800000, 0x00000000ca900000, 0x00000000ca900000|100%|HS|  |TAMS 0x00000000ca800000| PB 0x00000000ca800000| Complete 
|1193|0x00000000ca900000, 0x00000000caa00000, 0x00000000caa00000|100%|HC|  |TAMS 0x00000000ca900000| PB 0x00000000ca900000| Complete 
|1194|0x00000000caa00000, 0x00000000cab00000, 0x00000000cab00000|100%|HS|  |TAMS 0x00000000caa00000| PB 0x00000000caa00000| Complete 
|1195|0x00000000cab00000, 0x00000000cac00000, 0x00000000cac00000|100%|HC|  |TAMS 0x00000000cab00000| PB 0x00000000cab00000| Complete 
|1196|0x00000000cac00000, 0x00000000cad00000, 0x00000000cad00000|100%|HS|  |TAMS 0x00000000cac00000| PB 0x00000000cac00000| Complete 
|1197|0x00000000cad00000, 0x00000000cae00000, 0x00000000cae00000|100%|HC|  |TAMS 0x00000000cad00000| PB 0x00000000cad00000| Complete 
|1198|0x00000000cae00000, 0x00000000caf00000, 0x00000000caf00000|100%|HS|  |TAMS 0x00000000cae00000| PB 0x00000000cae00000| Complete 
|1199|0x00000000caf00000, 0x00000000cb000000, 0x00000000cb000000|100%|HC|  |TAMS 0x00000000caf00000| PB 0x00000000caf00000| Complete 
|1200|0x00000000cb000000, 0x00000000cb100000, 0x00000000cb100000|100%|HS|  |TAMS 0x00000000cb000000| PB 0x00000000cb000000| Complete 
|1201|0x00000000cb100000, 0x00000000cb200000, 0x00000000cb200000|100%|HC|  |TAMS 0x00000000cb100000| PB 0x00000000cb100000| Complete 
|1202|0x00000000cb200000, 0x00000000cb300000, 0x00000000cb300000|100%|HS|  |TAMS 0x00000000cb200000| PB 0x00000000cb200000| Complete 
|1203|0x00000000cb300000, 0x00000000cb400000, 0x00000000cb400000|100%|HC|  |TAMS 0x00000000cb300000| PB 0x00000000cb300000| Complete 
|1204|0x00000000cb400000, 0x00000000cb500000, 0x00000000cb500000|100%|HS|  |TAMS 0x00000000cb400000| PB 0x00000000cb400000| Complete 
|1205|0x00000000cb500000, 0x00000000cb600000, 0x00000000cb600000|100%|HC|  |TAMS 0x00000000cb500000| PB 0x00000000cb500000| Complete 
|1206|0x00000000cb600000, 0x00000000cb700000, 0x00000000cb700000|100%|HS|  |TAMS 0x00000000cb600000| PB 0x00000000cb600000| Complete 
|1207|0x00000000cb700000, 0x00000000cb800000, 0x00000000cb800000|100%|HC|  |TAMS 0x00000000cb700000| PB 0x00000000cb700000| Complete 

Card table byte_map: [0x000001a6c2030000,0x000001a6c2430000] _byte_map_base: 0x000001a6c1c30000

Marking Bits: (CMBitMap*) 0x000001a6af5d7720
 Bits: [0x000001a6c2430000, 0x000001a6c4430000)

Polling page: 0x000001a6ad2f0000

Metaspace:

Usage:
  Non-class:    165.43 MB used.
      Class:     25.60 MB used.
       Both:    191.03 MB used.

Virtual space:
  Non-class space:      192.00 MB reserved,     166.44 MB ( 87%) committed,  3 nodes.
      Class space:        1.00 GB reserved,      26.56 MB (  3%) committed,  1 nodes.
             Both:        1.19 GB reserved,     193.00 MB ( 16%) committed. 

Chunk freelists:
   Non-Class:  8.67 MB
       Class:  5.45 MB
        Both:  14.11 MB

MaxMetaspaceSize: unlimited
CompressedClassSpaceSize: 1.00 GB
Initial GC threshold: 21.00 MB
Current GC threshold: 307.00 MB
CDS: off
 - commit_granule_bytes: 65536.
 - commit_granule_words: 8192.
 - virtual_space_node_default_size: 8388608.
 - enlarge_chunks_in_place: 1.
 - use_allocation_guard: 0.


Internal statistics:

num_allocs_failed_limit: 9.
num_arena_births: 8360.
num_arena_deaths: 4518.
num_vsnodes_births: 4.
num_vsnodes_deaths: 0.
num_space_committed: 3088.
num_space_uncommitted: 1.
num_chunks_returned_to_freelist: 5670.
num_chunks_taken_from_freelist: 18947.
num_chunk_merges: 1804.
num_chunk_splits: 10604.
num_chunks_enlarged: 6382.
num_inconsistent_stats: 0.

CodeHeap 'non-profiled nmethods': size=120000Kb used=17321Kb max_used=17446Kb free=102678Kb
 bounds [0x000001a6ba1b0000, 0x000001a6bb2c0000, 0x000001a6c16e0000]
CodeHeap 'profiled nmethods': size=120000Kb used=32143Kb max_used=36827Kb free=87857Kb
 bounds [0x000001a6b26e0000, 0x000001a6b4b90000, 0x000001a6b9c10000]
CodeHeap 'non-nmethods': size=5760Kb used=2287Kb max_used=2349Kb free=3472Kb
 bounds [0x000001a6b9c10000, 0x000001a6b9e80000, 0x000001a6ba1b0000]
CodeCache: size=245760Kb, used=51751Kb, max_used=56622Kb, free=194007Kb
 total_blobs=18122, nmethods=17010, adapters=1015, full_count=0
Compilation: enabled, stopped_count=0, restarted_count=0

Compilation events (20 events):
Event: 13096.410 Thread 0x000001a6c72c3fe0 37695       4       com.android.tools.r8.internal.sk0::d (16 bytes)
Event: 13096.410 Thread 0x000001a6c72c3fe0 nmethod 37695 0x000001a6bb09ee10 code [0x000001a6bb09ef80, 0x000001a6bb09eff8]
Event: 13096.410 Thread 0x000001a6c72c3fe0 37493       4       com.android.tools.r8.internal.a61::a (2 bytes)
Event: 13096.410 Thread 0x000001a6c72c3fe0 nmethod 37493 0x000001a6bb09eb10 code [0x000001a6bb09ec80, 0x000001a6bb09ece8]
Event: 13096.411 Thread 0x000001a6c72c3fe0 37758       4       com.android.tools.r8.internal.rj::b (4 bytes)
Event: 13096.411 Thread 0x000001a6c72c3fe0 nmethod 37758 0x000001a6bb09e810 code [0x000001a6bb09e9a0, 0x000001a6bb09ea10]
Event: 13096.411 Thread 0x000001a6c72c3fe0 37619       4       com.android.tools.r8.internal.f54::x (2 bytes)
Event: 13096.411 Thread 0x000001a6c72c3fe0 nmethod 37619 0x000001a6bb09e510 code [0x000001a6bb09e6a0, 0x000001a6bb09e728]
Event: 13096.411 Thread 0x000001a6c72c3fe0 37100       4       com.android.tools.r8.internal.am::d (2 bytes)
Event: 13096.411 Thread 0x000001a6c72c3fe0 nmethod 37100 0x000001a6bb09e210 code [0x000001a6bb09e3a0, 0x000001a6bb09e428]
Event: 13096.411 Thread 0x000001a6c72c3fe0 37049       4       com.android.tools.r8.graph.d6::get (2 bytes)
Event: 13096.413 Thread 0x000001a6c72c3fe0 nmethod 37049 0x000001a6bb09df10 code [0x000001a6bb09e0a0, 0x000001a6bb09e128]
Event: 13096.413 Thread 0x000001a6c72c3fe0 36989       4       com.android.tools.r8.internal.x30::a (1 bytes)
Event: 13096.414 Thread 0x000001a6c72c3fe0 nmethod 36989 0x000001a6bb09dc10 code [0x000001a6bb09dd80, 0x000001a6bb09dde8]
Event: 13096.414 Thread 0x000001a6c72c3fe0 38248       4       com.android.tools.r8.graph.t1::o0 (4 bytes)
Event: 13096.414 Thread 0x000001a6c72c3fe0 nmethod 38248 0x000001a6bb09d910 code [0x000001a6bb09daa0, 0x000001a6bb09db10]
Event: 13096.414 Thread 0x000001a6c72c3fe0 37482       4       com.android.tools.r8.internal.ab1::a (2 bytes)
Event: 13096.414 Thread 0x000001a6c72c3fe0 nmethod 37482 0x000001a6bb09d610 code [0x000001a6bb09d7a0, 0x000001a6bb09d828]
Event: 13096.414 Thread 0x000001a6c72c3fe0 37066       4       com.android.tools.r8.internal.fh1::b (17 bytes)
Event: 13096.415 Thread 0x000001a6c72c3fe0 nmethod 37066 0x000001a6bb09d290 code [0x000001a6bb09d420, 0x000001a6bb09d580]

GC Heap History (20 events):
Event: 12582.282 GC heap before
{Heap before GC invocations=140 (full 1):
 garbage-first heap   total 618496K, used 547946K [0x0000000080000000, 0x0000000100000000)
  region size 1024K, 362 young (370688K), 1 survivors (1024K)
 Metaspace       used 171193K, committed 174976K, reserved 1245184K
  class space    used 22979K, committed 25024K, reserved 1048576K
}
Event: 12582.370 GC heap after
{Heap after GC invocations=141 (full 1):
 garbage-first heap   total 618496K, used 178305K [0x0000000080000000, 0x0000000100000000)
  region size 1024K, 1 young (1024K), 1 survivors (1024K)
 Metaspace       used 171193K, committed 174976K, reserved 1245184K
  class space    used 22979K, committed 25024K, reserved 1048576K
}
Event: 12657.659 GC heap before
{Heap before GC invocations=141 (full 1):
 garbage-first heap   total 618496K, used 548993K [0x0000000080000000, 0x0000000100000000)
  region size 1024K, 362 young (370688K), 1 survivors (1024K)
 Metaspace       used 183151K, committed 185024K, reserved 1245184K
  class space    used 24592K, committed 25536K, reserved 1048576K
}
Event: 12657.712 GC heap after
{Heap after GC invocations=142 (full 1):
 garbage-first heap   total 618496K, used 189721K [0x0000000080000000, 0x0000000100000000)
  region size 1024K, 16 young (16384K), 16 survivors (16384K)
 Metaspace       used 183151K, committed 185024K, reserved 1245184K
  class space    used 24592K, committed 25536K, reserved 1048576K
}
Event: 12657.946 GC heap before
{Heap before GC invocations=142 (full 1):
 garbage-first heap   total 618496K, used 204057K [0x0000000080000000, 0x0000000100000000)
  region size 1024K, 30 young (30720K), 16 survivors (16384K)
 Metaspace       used 183157K, committed 185024K, reserved 1245184K
  class space    used 24592K, committed 25536K, reserved 1048576K
}
Event: 12657.993 GC heap after
{Heap after GC invocations=143 (full 1):
 garbage-first heap   total 618496K, used 192203K [0x0000000080000000, 0x0000000100000000)
  region size 1024K, 3 young (3072K), 3 survivors (3072K)
 Metaspace       used 183157K, committed 185024K, reserved 1245184K
  class space    used 24592K, committed 25536K, reserved 1048576K
}
Event: 12658.643 GC heap before
{Heap before GC invocations=144 (full 1):
 garbage-first heap   total 618496K, used 228043K [0x0000000080000000, 0x0000000100000000)
  region size 1024K, 39 young (39936K), 3 survivors (3072K)
 Metaspace       used 184033K, committed 185920K, reserved 1245184K
  class space    used 24708K, committed 25664K, reserved 1048576K
}
Event: 12658.654 GC heap after
{Heap after GC invocations=145 (full 1):
 garbage-first heap   total 618496K, used 194557K [0x0000000080000000, 0x0000000100000000)
  region size 1024K, 5 young (5120K), 5 survivors (5120K)
 Metaspace       used 184033K, committed 185920K, reserved 1245184K
  class space    used 24708K, committed 25664K, reserved 1048576K
}
Event: 12772.255 GC heap before
{Heap before GC invocations=145 (full 1):
 garbage-first heap   total 618496K, used 373757K [0x0000000080000000, 0x0000000100000000)
  region size 1024K, 181 young (185344K), 5 survivors (5120K)
 Metaspace       used 186128K, committed 188096K, reserved 1245184K
  class space    used 24971K, committed 25984K, reserved 1048576K
}
Event: 12772.398 GC heap after
{Heap after GC invocations=146 (full 1):
 garbage-first heap   total 618496K, used 195862K [0x0000000080000000, 0x0000000100000000)
  region size 1024K, 8 young (8192K), 8 survivors (8192K)
 Metaspace       used 186128K, committed 188096K, reserved 1245184K
  class space    used 24971K, committed 25984K, reserved 1048576K
}
Event: 12952.266 GC heap before
{Heap before GC invocations=146 (full 1):
 garbage-first heap   total 618496K, used 380182K [0x0000000080000000, 0x0000000100000000)
  region size 1024K, 188 young (192512K), 8 survivors (8192K)
 Metaspace       used 186128K, committed 188096K, reserved 1245184K
  class space    used 24971K, committed 25984K, reserved 1048576K
}
Event: 12952.334 GC heap after
{Heap after GC invocations=147 (full 1):
 garbage-first heap   total 618496K, used 195301K [0x0000000080000000, 0x0000000100000000)
  region size 1024K, 8 young (8192K), 8 survivors (8192K)
 Metaspace       used 186128K, committed 188096K, reserved 1245184K
  class space    used 24971K, committed 25984K, reserved 1048576K
}
Event: 12972.299 GC heap before
{Heap before GC invocations=147 (full 1):
 garbage-first heap   total 618496K, used 428773K [0x0000000080000000, 0x0000000100000000)
  region size 1024K, 236 young (241664K), 8 survivors (8192K)
 Metaspace       used 186493K, committed 188544K, reserved 1245184K
  class space    used 25017K, committed 26048K, reserved 1048576K
}
Event: 12972.400 GC heap after
{Heap after GC invocations=148 (full 1):
 garbage-first heap   total 618496K, used 206918K [0x0000000080000000, 0x0000000100000000)
  region size 1024K, 21 young (21504K), 21 survivors (21504K)
 Metaspace       used 186493K, committed 188544K, reserved 1245184K
  class space    used 25017K, committed 26048K, reserved 1048576K
}
Event: 13082.259 GC heap before
{Heap before GC invocations=148 (full 1):
 garbage-first heap   total 618496K, used 377926K [0x0000000080000000, 0x0000000100000000)
  region size 1024K, 188 young (192512K), 21 survivors (21504K)
 Metaspace       used 186514K, committed 188608K, reserved 1245184K
  class space    used 25018K, committed 26048K, reserved 1048576K
}
Event: 13082.431 GC heap after
{Heap after GC invocations=149 (full 1):
 garbage-first heap   total 618496K, used 208574K [0x0000000080000000, 0x0000000100000000)
  region size 1024K, 16 young (16384K), 16 survivors (16384K)
 Metaspace       used 186514K, committed 188608K, reserved 1245184K
  class space    used 25018K, committed 26048K, reserved 1048576K
}
Event: 13082.770 GC heap before
{Heap before GC invocations=149 (full 1):
 garbage-first heap   total 618496K, used 222910K [0x0000000080000000, 0x0000000100000000)
  region size 1024K, 30 young (30720K), 16 survivors (16384K)
 Metaspace       used 186514K, committed 188608K, reserved 1245184K
  class space    used 25018K, committed 26048K, reserved 1048576K
}
Event: 13082.851 GC heap after
{Heap after GC invocations=150 (full 1):
 garbage-first heap   total 618496K, used 210393K [0x0000000080000000, 0x0000000100000000)
  region size 1024K, 4 young (4096K), 4 survivors (4096K)
 Metaspace       used 186514K, committed 188608K, reserved 1245184K
  class space    used 25018K, committed 26048K, reserved 1048576K
}
Event: 13086.057 GC heap before
{Heap before GC invocations=151 (full 1):
 garbage-first heap   total 618496K, used 265689K [0x0000000080000000, 0x0000000100000000)
  region size 1024K, 70 young (71680K), 4 survivors (4096K)
 Metaspace       used 186453K, committed 188608K, reserved 1245184K
  class space    used 24986K, committed 26048K, reserved 1048576K
}
Event: 13086.075 GC heap after
{Heap after GC invocations=152 (full 1):
 garbage-first heap   total 618496K, used 206119K [0x0000000080000000, 0x0000000100000000)
  region size 1024K, 9 young (9216K), 9 survivors (9216K)
 Metaspace       used 186453K, committed 188608K, reserved 1245184K
  class space    used 24986K, committed 26048K, reserved 1048576K
}

Dll operation events (3 events):
Event: 0.041 Loaded shared library C:\Program Files\Android\Android Studio\jbr\bin\java.dll
Event: 0.045 Loaded shared library C:\Program Files\Android\Android Studio\jbr\bin\zip.dll
Event: 0.754 Loaded shared library C:\Program Files\Android\Android Studio\jbr\bin\verify.dll

Deoptimization events (20 events):
Event: 13094.784 Thread 0x000001a6cf0aa4d0 Uncommon trap: trap_request=0xffffffde fr.pc=0x000001a6ba725d20 relative=0x0000000000000a20
Event: 13094.784 Thread 0x000001a6cf0aa4d0 Uncommon trap: reason=class_check action=maybe_recompile pc=0x000001a6ba725d20 method=org.gradle.internal.file.FileHierarchySet$Node.contains(Ljava/lang/String;I)Z @ 55 c2
Event: 13094.784 Thread 0x000001a6cf0aa4d0 DEOPT PACKING pc=0x000001a6ba725d20 sp=0x000000a144bff390
Event: 13094.785 Thread 0x000001a6cf0aa4d0 DEOPT UNPACKING pc=0x000001a6b9c643a2 sp=0x000000a144bff360 mode 2
Event: 13094.791 Thread 0x000001a6cf0aa4d0 Uncommon trap: trap_request=0xffffffde fr.pc=0x000001a6ba725d20 relative=0x0000000000000a20
Event: 13094.791 Thread 0x000001a6cf0aa4d0 Uncommon trap: reason=class_check action=maybe_recompile pc=0x000001a6ba725d20 method=org.gradle.internal.file.FileHierarchySet$Node.contains(Ljava/lang/String;I)Z @ 55 c2
Event: 13094.791 Thread 0x000001a6cf0aa4d0 DEOPT PACKING pc=0x000001a6ba725d20 sp=0x000000a144bff390
Event: 13094.791 Thread 0x000001a6cf0aa4d0 DEOPT UNPACKING pc=0x000001a6b9c643a2 sp=0x000000a144bff360 mode 2
Event: 13094.796 Thread 0x000001a6d26aa0f0 Uncommon trap: trap_request=0xffffff45 fr.pc=0x000001a6ba1dca04 relative=0x00000000000004a4
Event: 13094.796 Thread 0x000001a6d26aa0f0 Uncommon trap: reason=unstable_if action=reinterpret pc=0x000001a6ba1dca04 method=java.util.HashMap.removeNode(ILjava/lang/Object;Ljava/lang/Object;ZZ)Ljava/util/HashMap$Node; @ 178 c2
Event: 13094.796 Thread 0x000001a6d26aa0f0 DEOPT PACKING pc=0x000001a6ba1dca04 sp=0x000000a148afa0b0
Event: 13094.796 Thread 0x000001a6d26aa0f0 DEOPT UNPACKING pc=0x000001a6b9c643a2 sp=0x000000a148afa070 mode 2
Event: 13094.971 Thread 0x000001a6d9a480e0 Uncommon trap: trap_request=0xffffff45 fr.pc=0x000001a6baad47ec relative=0x000000000000110c
Event: 13094.971 Thread 0x000001a6d9a480e0 Uncommon trap: reason=unstable_if action=reinterpret pc=0x000001a6baad47ec method=org.gradle.internal.lazy.LockingLazy.get()Ljava/lang/Object; @ 15 c2
Event: 13094.971 Thread 0x000001a6d9a480e0 DEOPT PACKING pc=0x000001a6baad47ec sp=0x000000a14dafdfd0
Event: 13094.971 Thread 0x000001a6d9a480e0 DEOPT UNPACKING pc=0x000001a6b9c643a2 sp=0x000000a14dafdd70 mode 2
Event: 13095.110 Thread 0x000001a6d9a480e0 Uncommon trap: trap_request=0xffffff45 fr.pc=0x000001a6baaa4638 relative=0x0000000000000e38
Event: 13095.110 Thread 0x000001a6d9a480e0 Uncommon trap: reason=unstable_if action=reinterpret pc=0x000001a6baaa4638 method=java.util.concurrent.ConcurrentHashMap.computeIfAbsent(Ljava/lang/Object;Ljava/util/function/Function;)Ljava/lang/Object; @ 244 c2
Event: 13095.110 Thread 0x000001a6d9a480e0 DEOPT PACKING pc=0x000001a6baaa4638 sp=0x000000a14dafc390
Event: 13095.110 Thread 0x000001a6d9a480e0 DEOPT UNPACKING pc=0x000001a6b9c643a2 sp=0x000000a14dafc330 mode 2

Classes loaded (20 events):
Event: 13094.053 Loading class java/time/DateTimeException
Event: 13094.053 Loading class java/time/DateTimeException done
Event: 13094.053 Loading class java/util/regex/PatternSyntaxException
Event: 13094.054 Loading class java/util/regex/PatternSyntaxException done
Event: 13094.057 Loading class java/nio/file/SimpleFileVisitor
Event: 13094.057 Loading class java/nio/file/SimpleFileVisitor done
Event: 13094.058 Loading class java/nio/file/DirectoryIteratorException
Event: 13094.058 Loading class java/nio/file/DirectoryIteratorException done
Event: 13094.742 Loading class java/text/BreakIterator
Event: 13094.743 Loading class java/text/BreakIterator done
Event: 13094.765 Loading class java/util/regex/Pattern$Pos
Event: 13094.766 Loading class java/util/regex/Pattern$Pos done
Event: 13094.791 Loading class java/util/EnumMap$Values
Event: 13094.792 Loading class java/util/EnumMap$Values done
Event: 13094.792 Loading class java/util/EnumMap$ValueIterator
Event: 13094.792 Loading class java/util/EnumMap$ValueIterator done
Event: 13094.794 Loading class java/util/WeakHashMap$KeyIterator
Event: 13094.795 Loading class java/util/WeakHashMap$HashIterator
Event: 13094.795 Loading class java/util/WeakHashMap$HashIterator done
Event: 13094.795 Loading class java/util/WeakHashMap$KeyIterator done

Classes unloaded (20 events):
Event: 13083.566 Thread 0x000001a6c70a93c0 Unloading class 0x000000010139a460 'ijJvmDebugger3_1zddk6si1dq5s20b4oumlqa01$_run_closure1$_closure2$_closure4'
Event: 13083.566 Thread 0x000001a6c70a93c0 Unloading class 0x000000010139a000 'ijJvmDebugger3_1zddk6si1dq5s20b4oumlqa01$_run_closure1$_closure2$_closure3'
Event: 13083.566 Thread 0x000001a6c70a93c0 Unloading class 0x00000001013869b0 'ijJvmDebugger3_1zddk6si1dq5s20b4oumlqa01$_run_closure1$_closure2'
Event: 13083.566 Thread 0x000001a6c70a93c0 Unloading class 0x0000000101386558 'ijJvmDebugger3_1zddk6si1dq5s20b4oumlqa01$_run_closure1'
Event: 13083.566 Thread 0x000001a6c70a93c0 Unloading class 0x0000000101386000 'ijJvmDebugger3_1zddk6si1dq5s20b4oumlqa01'
Event: 13083.567 Thread 0x000001a6c70a93c0 Unloading class 0x00000001008a1c00 'java/lang/invoke/LambdaForm$MH+0x00000001008a1c00'
Event: 13083.567 Thread 0x000001a6c70a93c0 Unloading class 0x00000001007ba800 'java/lang/invoke/LambdaForm$MH+0x00000001007ba800'
Event: 13083.567 Thread 0x000001a6c70a93c0 Unloading class 0x00000001007ba400 'java/lang/invoke/LambdaForm$MH+0x00000001007ba400'
Event: 13083.567 Thread 0x000001a6c70a93c0 Unloading class 0x00000001006e1c00 'java/lang/invoke/LambdaForm$MH+0x00000001006e1c00'
Event: 13083.568 Thread 0x000001a6c70a93c0 Unloading class 0x00000001006e1800 'java/lang/invoke/LambdaForm$MH+0x00000001006e1800'
Event: 13083.568 Thread 0x000001a6c70a93c0 Unloading class 0x00000001006d9000 'java/lang/invoke/LambdaForm$MH+0x00000001006d9000'
Event: 13083.569 Thread 0x000001a6c70a93c0 Unloading class 0x00000001006d8c00 'java/lang/invoke/LambdaForm$MH+0x00000001006d8c00'
Event: 13083.570 Thread 0x000001a6c70a93c0 Unloading class 0x0000000100698800 'java/lang/invoke/LambdaForm$MH+0x0000000100698800'
Event: 13083.570 Thread 0x000001a6c70a93c0 Unloading class 0x0000000100698400 'java/lang/invoke/LambdaForm$MH+0x0000000100698400'
Event: 13083.570 Thread 0x000001a6c70a93c0 Unloading class 0x0000000100696c00 'java/lang/invoke/LambdaForm$MH+0x0000000100696c00'
Event: 13083.570 Thread 0x000001a6c70a93c0 Unloading class 0x0000000100696800 'java/lang/invoke/LambdaForm$MH+0x0000000100696800'
Event: 13083.570 Thread 0x000001a6c70a93c0 Unloading class 0x0000000100629000 'java/lang/invoke/LambdaForm$MH+0x0000000100629000'
Event: 13083.570 Thread 0x000001a6c70a93c0 Unloading class 0x0000000100628c00 'java/lang/invoke/LambdaForm$MH+0x0000000100628c00'
Event: 13083.571 Thread 0x000001a6c70a93c0 Unloading class 0x000000010060e800 'java/lang/invoke/LambdaForm$MH+0x000000010060e800'
Event: 13083.571 Thread 0x000001a6c70a93c0 Unloading class 0x000000010060e400 'java/lang/invoke/LambdaForm$MH+0x000000010060e400'

Classes redefined (0 events):
No events

Internal exceptions (20 events):
Event: 13094.933 Thread 0x000001a6d331d2f0 Exception <a 'java/lang/NoSuchMethodError'{0x000000009ed89668}: static Lorg/gradle/internal/build/event/types/DefaultJavaCompileTaskSuccessResult;.<clinit>()V> (0x000000009ed89668) 
thrown [s\src\hotspot\share\prims\jni.cpp, line 1144]
Event: 13094.951 Thread 0x000001a6d26aa0f0 Exception <a 'sun/nio/fs/WindowsException'{0x000000009edff160}> (0x000000009edff160) 
thrown [s\src\hotspot\share\prims\jni.cpp, line 537]
Event: 13094.961 Thread 0x000001a6d26aa0f0 Exception <a 'sun/nio/fs/WindowsException'{0x000000009ec256d0}> (0x000000009ec256d0) 
thrown [s\src\hotspot\share\prims\jni.cpp, line 537]
Event: 13094.965 Thread 0x000001a6d26aa0f0 Exception <a 'java/lang/NoSuchMethodError'{0x000000009ec57118}: static Lcom/android/build/gradle/internal/tasks/DexArchiveBuilderTaskDelegate$ClasspathServiceKey;.<clinit>()V> (0x000000009ec57118) 
thrown [s\src\hotspot\share\prims\jni.cpp, line 1144]
Event: 13095.091 Thread 0x000001a6cd752040 Exception <a 'sun/nio/fs/WindowsException'{0x000000009dd59228}> (0x000000009dd59228) 
thrown [s\src\hotspot\share\prims\jni.cpp, line 537]
Event: 13095.091 Thread 0x000001a6da470ab0 Exception <a 'sun/nio/fs/WindowsException'{0x000000009de2a210}> (0x000000009de2a210) 
thrown [s\src\hotspot\share\prims\jni.cpp, line 537]
Event: 13095.133 Thread 0x000001a6d9a480e0 Exception <a 'sun/nio/fs/WindowsException'{0x000000009da69930}> (0x000000009da69930) 
thrown [s\src\hotspot\share\prims\jni.cpp, line 537]
Event: 13095.140 Thread 0x000001a6d9a480e0 Exception <a 'sun/nio/fs/WindowsException'{0x000000009d992460}> (0x000000009d992460) 
thrown [s\src\hotspot\share\prims\jni.cpp, line 537]
Event: 13095.191 Thread 0x000001a6da471140 Exception <a 'sun/nio/fs/WindowsException'{0x000000009d553a98}> (0x000000009d553a98) 
thrown [s\src\hotspot\share\prims\jni.cpp, line 537]
Event: 13095.264 Thread 0x000001a6d9a466a0 Exception <a 'sun/nio/fs/WindowsException'{0x000000009d4f6750}> (0x000000009d4f6750) 
thrown [s\src\hotspot\share\prims\jni.cpp, line 537]
Event: 13095.274 Thread 0x000001a6d9a466a0 Exception <a 'sun/nio/fs/WindowsException'{0x000000009d341960}> (0x000000009d341960) 
thrown [s\src\hotspot\share\prims\jni.cpp, line 537]
Event: 13095.278 Thread 0x000001a6d9a466a0 Exception <a 'sun/nio/fs/WindowsException'{0x000000009d3483c0}> (0x000000009d3483c0) 
thrown [s\src\hotspot\share\prims\jni.cpp, line 537]
Event: 13095.343 Thread 0x000001a6d26aa0f0 Exception <a 'sun/nio/fs/WindowsException'{0x000000009d085a78}> (0x000000009d085a78) 
thrown [s\src\hotspot\share\prims\jni.cpp, line 537]
Event: 13095.344 Thread 0x000001a6d26aa0f0 Exception <a 'sun/nio/fs/WindowsException'{0x000000009d08ce88}> (0x000000009d08ce88) 
thrown [s\src\hotspot\share\prims\jni.cpp, line 537]
Event: 13095.387 Thread 0x000001a6d26aa0f0 Exception <a 'java/lang/NoSuchMethodError'{0x000000009ced5198}: static Lkotlin/InitializedLazyImpl;.<clinit>()V> (0x000000009ced5198) 
thrown [s\src\hotspot\share\prims\jni.cpp, line 1144]
Event: 13095.412 Thread 0x000001a6da471e60 Exception <a 'sun/nio/fs/WindowsException'{0x000000009cd51700}> (0x000000009cd51700) 
thrown [s\src\hotspot\share\prims\jni.cpp, line 537]
Event: 13095.465 Thread 0x000001a6da4724f0 Exception <a 'sun/nio/fs/WindowsException'{0x000000009cce6840}> (0x000000009cce6840) 
thrown [s\src\hotspot\share\prims\jni.cpp, line 537]
Event: 13095.512 Thread 0x000001a6d26aa0f0 Exception <a 'java/lang/NoSuchMethodError'{0x000000009cbed598}: static Lcom/android/build/api/variant/impl/SerializableApplicationMultiOutputHandler;.<clinit>()V> (0x000000009cbed598) 
thrown [s\src\hotspot\share\prims\jni.cpp, line 1144]
Event: 13095.514 Thread 0x000001a6d26aa0f0 Exception <a 'java/lang/NoSuchMethodError'{0x000000009ca03cc8}: static Lcom/android/build/api/variant/impl/VariantOutputImpl$SerializedForm;.<clinit>()V> (0x000000009ca03cc8) 
thrown [s\src\hotspot\share\prims\jni.cpp, line 1144]
Event: 13095.516 Thread 0x000001a6d26aa0f0 Exception <a 'java/lang/NoSuchMethodError'{0x000000009ca18d38}: static Lcom/android/build/api/variant/impl/VariantOutputConfigurationImpl;.<clinit>()V> (0x000000009ca18d38) 
thrown [s\src\hotspot\share\prims\jni.cpp, line 1144]

ZGC Phase Switch (0 events):
No events

VM Operations (20 events):
Event: 13093.980 Executing non-safepoint VM operation: HandshakeAllThreads (Deoptimize) done
Event: 13093.985 Executing non-safepoint VM operation: HandshakeAllThreads (Deoptimize)
Event: 13093.986 Executing non-safepoint VM operation: HandshakeAllThreads (Deoptimize) done
Event: 13094.007 Executing non-safepoint VM operation: HandshakeAllThreads (Deoptimize)
Event: 13094.007 Executing non-safepoint VM operation: HandshakeAllThreads (Deoptimize) done
Event: 13094.060 Executing non-safepoint VM operation: HandshakeAllThreads (Deoptimize)
Event: 13094.061 Executing non-safepoint VM operation: HandshakeAllThreads (Deoptimize) done
Event: 13094.598 Executing non-safepoint VM operation: HandshakeAllThreads (Deoptimize)
Event: 13094.599 Executing non-safepoint VM operation: HandshakeAllThreads (Deoptimize) done
Event: 13094.616 Executing safepoint VM operation: ICBufferFull
Event: 13094.617 Executing safepoint VM operation: ICBufferFull done
Event: 13094.863 Executing safepoint VM operation: ICBufferFull
Event: 13094.863 Executing safepoint VM operation: ICBufferFull done
Event: 13095.082 Executing safepoint VM operation: ICBufferFull
Event: 13095.082 Executing safepoint VM operation: ICBufferFull done
Event: 13095.169 Executing safepoint VM operation: ICBufferFull
Event: 13095.169 Executing safepoint VM operation: ICBufferFull done
Event: 13095.346 Executing safepoint VM operation: ICBufferFull
Event: 13095.346 Executing safepoint VM operation: ICBufferFull done
Event: 13097.347 Executing safepoint VM operation: Cleanup

Memory protections (0 events):
No events

Nmethod flushes (20 events):
Event: 13084.501 Thread 0x000001a6c70a93c0 flushing  nmethod 0x000001a6b48c7990
Event: 13084.501 Thread 0x000001a6c70a93c0 flushing  nmethod 0x000001a6b4a21a90
Event: 13084.501 Thread 0x000001a6c70a93c0 flushing  nmethod 0x000001a6b4a22810
Event: 13084.501 Thread 0x000001a6c70a93c0 flushing  nmethod 0x000001a6b4a24310
Event: 13084.501 Thread 0x000001a6c70a93c0 flushing  nmethod 0x000001a6b4a24c10
Event: 13084.501 Thread 0x000001a6c70a93c0 flushing  nmethod 0x000001a6b4a2da10
Event: 13084.501 Thread 0x000001a6c70a93c0 flushing  nmethod 0x000001a6b4a2f690
Event: 13084.502 Thread 0x000001a6c70a93c0 flushing  nmethod 0x000001a6b4a2fd10
Event: 13084.502 Thread 0x000001a6c70a93c0 flushing  nmethod 0x000001a6b4a30310
Event: 13084.502 Thread 0x000001a6c70a93c0 flushing  nmethod 0x000001a6b4a30710
Event: 13084.502 Thread 0x000001a6c70a93c0 flushing  nmethod 0x000001a6b4a30d10
Event: 13084.502 Thread 0x000001a6c70a93c0 flushing  nmethod 0x000001a6b4a31190
Event: 13084.502 Thread 0x000001a6c70a93c0 flushing  nmethod 0x000001a6b4a31610
Event: 13084.502 Thread 0x000001a6c70a93c0 flushing  nmethod 0x000001a6b4a31a90
Event: 13084.502 Thread 0x000001a6c70a93c0 flushing  nmethod 0x000001a6b4a31f10
Event: 13084.502 Thread 0x000001a6c70a93c0 flushing  nmethod 0x000001a6b4a32990
Event: 13084.502 Thread 0x000001a6c70a93c0 flushing  nmethod 0x000001a6b4a75890
Event: 13084.502 Thread 0x000001a6c70a93c0 flushing  nmethod 0x000001a6b4a7a490
Event: 13084.502 Thread 0x000001a6c70a93c0 flushing  nmethod 0x000001a6b4a7d710
Event: 13084.502 Thread 0x000001a6c70a93c0 flushing  nmethod 0x000001a6b4a7f210

Events (20 events):
Event: 13094.975 Thread 0x000001a6d26aa0f0 Thread added: 0x000001a6da4717d0
Event: 13094.977 Thread 0x000001a6d26aa0f0 Thread added: 0x000001a6da46f700
Event: 13094.985 Thread 0x000001a6d26aa0f0 Thread added: 0x000001a6da471e60
Event: 13094.990 Thread 0x000001a6d26aa0f0 Thread added: 0x000001a6da46f070
Event: 13094.991 Thread 0x000001a6d26aa0f0 Thread added: 0x000001a6da4724f0
Event: 13094.994 Thread 0x000001a6d26aa0f0 Thread added: 0x000001a6da470420
Event: 13094.995 Thread 0x000001a6d26aa0f0 Thread added: 0x000001a6da46fd90
Event: 13095.018 Thread 0x000001a6d26aa0f0 Thread added: 0x000001a6d9a46d30
Event: 13095.611 Thread 0x000001a6da4717d0 Thread added: 0x000001a6c766f450
Event: 13095.624 Thread 0x000001a6da4717d0 Thread added: 0x000001a6c766e0a0
Event: 13095.625 Thread 0x000001a6c766e0a0 Thread added: 0x000001a6c79325d0
Event: 13095.626 Thread 0x000001a6c79325d0 Thread added: 0x000001a6d2f648d0
Event: 13095.627 Thread 0x000001a6d2f648d0 Thread added: 0x000001a6d49f7850
Event: 13095.628 Thread 0x000001a6d49f7850 Thread added: 0x000001a6d49f6b30
Event: 13095.628 Thread 0x000001a6d49f6b30 Thread added: 0x000001a6d0df2e00
Event: 13095.629 Thread 0x000001a6d0df2e00 Thread added: 0x000001a6d3b966a0
Event: 13095.630 Thread 0x000001a6d3b966a0 Thread added: 0x000001a6d3b980e0
Event: 13095.637 Thread 0x000001a6d3b980e0 Thread added: 0x000001a6d9c90410
Event: 13095.638 Thread 0x000001a6d9c90410 Thread added: 0x000001a6da72f000
Event: 13097.040 Thread 0x000001a6d9a46d30 Thread exited: 0x000001a6d9a46d30


Dynamic libraries:
0x00007ff605ee0000 - 0x00007ff605eea000 	C:\Program Files\Android\Android Studio\jbr\bin\java.exe
0x00007ffbf4520000 - 0x00007ffbf4786000 	C:\WINDOWS\SYSTEM32\ntdll.dll
0x00007ffbf3220000 - 0x00007ffbf32e9000 	C:\WINDOWS\System32\KERNEL32.DLL
0x00007ffbf19a0000 - 0x00007ffbf1d9a000 	C:\WINDOWS\System32\KERNELBASE.dll
0x00007ffbf1fc0000 - 0x00007ffbf210c000 	C:\WINDOWS\System32\ucrtbase.dll
0x00007ffbe90f0000 - 0x00007ffbe910b000 	C:\Program Files\Android\Android Studio\jbr\bin\VCRUNTIME140.dll
0x00007ffbd0d10000 - 0x00007ffbd0d28000 	C:\Program Files\Android\Android Studio\jbr\bin\jli.dll
0x00007ffbf42f0000 - 0x00007ffbf44b7000 	C:\WINDOWS\System32\USER32.dll
0x00007ffbf1e60000 - 0x00007ffbf1e87000 	C:\WINDOWS\System32\win32u.dll
0x00007ffbdcd00000 - 0x00007ffbdcf92000 	C:\WINDOWS\WinSxS\amd64_microsoft.windows.common-controls_6595b64144ccf1df_6.0.26100.8521_none_3e08b75ce33403b3\COMCTL32.dll
0x00007ffbf23b0000 - 0x00007ffbf2459000 	C:\WINDOWS\System32\msvcrt.dll
0x00007ffbf2f00000 - 0x00007ffbf2f2b000 	C:\WINDOWS\System32\GDI32.dll
0x00007ffbf1e90000 - 0x00007ffbf1fbb000 	C:\WINDOWS\System32\gdi32full.dll
0x00007ffbf18f0000 - 0x00007ffbf1993000 	C:\WINDOWS\System32\msvcp_win.dll
0x00007ffbf31e0000 - 0x00007ffbf3212000 	C:\WINDOWS\System32\IMM32.DLL
0x00007ffbeaaf0000 - 0x00007ffbeaafc000 	C:\Program Files\Android\Android Studio\jbr\bin\vcruntime140_1.dll
0x00007ffbb5260000 - 0x00007ffbb52ed000 	C:\Program Files\Android\Android Studio\jbr\bin\msvcp140.dll
0x00007ffb85f90000 - 0x00007ffb86c26000 	C:\Program Files\Android\Android Studio\jbr\bin\server\jvm.dll
0x00007ffbf3ea0000 - 0x00007ffbf3f56000 	C:\WINDOWS\System32\ADVAPI32.dll
0x00007ffbf3fe0000 - 0x00007ffbf408a000 	C:\WINDOWS\System32\sechost.dll
0x00007ffbf3b10000 - 0x00007ffbf3c28000 	C:\WINDOWS\System32\RPCRT4.dll
0x00007ffbf41f0000 - 0x00007ffbf4270000 	C:\WINDOWS\System32\WS2_32.dll
0x00007ffbf1610000 - 0x00007ffbf166e000 	C:\WINDOWS\SYSTEM32\POWRPROF.dll
0x00007ffbe7190000 - 0x00007ffbe71c6000 	C:\WINDOWS\SYSTEM32\WINMM.dll
0x00007ffbe86f0000 - 0x00007ffbe86fb000 	C:\WINDOWS\SYSTEM32\VERSION.dll
0x00007ffbf15f0000 - 0x00007ffbf1604000 	C:\WINDOWS\SYSTEM32\UMPDC.dll
0x00007ffbf0540000 - 0x00007ffbf055b000 	C:\WINDOWS\SYSTEM32\kernel.appcore.dll
0x00007ffbe90e0000 - 0x00007ffbe90ea000 	C:\Program Files\Android\Android Studio\jbr\bin\jimage.dll
0x00007ffbe7d70000 - 0x00007ffbe7fb2000 	C:\WINDOWS\SYSTEM32\DBGHELP.DLL
0x00007ffbf32f0000 - 0x00007ffbf3673000 	C:\WINDOWS\System32\combase.dll
0x00007ffbf2500000 - 0x00007ffbf25d9000 	C:\WINDOWS\System32\OLEAUT32.dll
0x00007ffbc7c40000 - 0x00007ffbc7c7b000 	C:\WINDOWS\SYSTEM32\dbgcore.DLL
0x00007ffbf1840000 - 0x00007ffbf18e8000 	C:\WINDOWS\System32\bcryptPrimitives.dll
0x00007ffbd2d30000 - 0x00007ffbd2d3e000 	C:\Program Files\Android\Android Studio\jbr\bin\instrument.dll
0x00007ffbe2540000 - 0x00007ffbe2560000 	C:\Program Files\Android\Android Studio\jbr\bin\java.dll
0x00007ffbe06b0000 - 0x00007ffbe06c8000 	C:\Program Files\Android\Android Studio\jbr\bin\zip.dll
0x00007ffbf26e0000 - 0x00007ffbf2e64000 	C:\WINDOWS\System32\SHELL32.dll
0x00007ffbef340000 - 0x00007ffbefbc0000 	C:\WINDOWS\SYSTEM32\windows.storage.dll
0x00007ffbf2f30000 - 0x00007ffbf3026000 	C:\WINDOWS\System32\SHCORE.dll
0x00007ffbf4280000 - 0x00007ffbf42e7000 	C:\WINDOWS\System32\shlwapi.dll
0x00007ffbf16d0000 - 0x00007ffbf16f9000 	C:\WINDOWS\SYSTEM32\profapi.dll
0x00007ffbe2130000 - 0x00007ffbe2140000 	C:\Program Files\Android\Android Studio\jbr\bin\net.dll
0x00007ffbe9a50000 - 0x00007ffbe9b79000 	C:\WINDOWS\SYSTEM32\WINHTTP.dll
0x00007ffbf0ab0000 - 0x00007ffbf0b1c000 	C:\WINDOWS\system32\mswsock.dll
0x00007ffbdebe0000 - 0x00007ffbdebf6000 	C:\Program Files\Android\Android Studio\jbr\bin\nio.dll
0x00007ffbdc720000 - 0x00007ffbdc730000 	C:\Program Files\Android\Android Studio\jbr\bin\verify.dll
0x00007ffb8a030000 - 0x00007ffb8a057000 	C:\Users\Suet Jin\.gradle\native\660c5614fbf4a5f2a75b1949f50a0caf5cd603558e7d8a26e50b933a0cfb79d1\windows-amd64\native-platform.dll
0x00007ffb84ba0000 - 0x00007ffb84c17000 	C:\Users\Suet Jin\.gradle\native\0.2.8\x86_64-windows-gnu\gradle-fileevents.dll
0x00007ffbde920000 - 0x00007ffbde929000 	C:\Program Files\Android\Android Studio\jbr\bin\management.dll
0x00007ffbdd190000 - 0x00007ffbdd19b000 	C:\Program Files\Android\Android Studio\jbr\bin\management_ext.dll
0x00007ffbf3e10000 - 0x00007ffbf3e18000 	C:\WINDOWS\System32\PSAPI.DLL
0x00007ffbeff50000 - 0x00007ffbeff83000 	C:\WINDOWS\SYSTEM32\IPHLPAPI.DLL
0x00007ffbf31d0000 - 0x00007ffbf31da000 	C:\WINDOWS\System32\NSI.dll
0x00007ffbdecf0000 - 0x00007ffbdecf9000 	C:\Program Files\Android\Android Studio\jbr\bin\extnet.dll
0x00007ffbf0d90000 - 0x00007ffbf0dab000 	C:\WINDOWS\SYSTEM32\CRYPTSP.dll
0x00007ffbf04a0000 - 0x00007ffbf04d9000 	C:\WINDOWS\system32\rsaenh.dll
0x00007ffbf0b60000 - 0x00007ffbf0b93000 	C:\WINDOWS\SYSTEM32\USERENV.dll
0x00007ffbf16a0000 - 0x00007ffbf16ca000 	C:\WINDOWS\SYSTEM32\bcrypt.dll
0x00007ffbf0db0000 - 0x00007ffbf0dbc000 	C:\WINDOWS\SYSTEM32\CRYPTBASE.dll
0x00007ffb8b910000 - 0x00007ffb8b918000 	C:\WINDOWS\system32\wshunix.dll
0x00007ffbefff0000 - 0x00007ffbf013a000 	C:\WINDOWS\SYSTEM32\DNSAPI.dll
0x00007ffbf08b0000 - 0x00007ffbf08bd000 	C:\WINDOWS\SYSTEM32\DSPARSE.dll
0x00007ffbe9bd0000 - 0x00007ffbe9bdb000 	C:\Windows\System32\rasadhlp.dll
0x00007ffbeb160000 - 0x00007ffbeb1e6000 	C:\WINDOWS\System32\fwpuclnt.dll
0x00007ffbdec40000 - 0x00007ffbdec47000 	C:\Program Files\Android\Android Studio\jbr\bin\rmi.dll

JVMTI agents:
C:\Users\Suet Jin\.gradle\wrapper\dists\gradle-9.3.1-bin\23ovyewtku6u96viwx3xl3oks\gradle-9.3.1\lib\agents\gradle-instrumentation-agent-9.3.1.jar path:C:\Program Files\Android\Android Studio\jbr\bin\instrument.dll, loaded, initialized, instrumentlib options:none

dbghelp: loaded successfully - version: 4.0.5 - missing functions: none
symbol engine: initialized successfully - sym options: 0x614 - pdb path: .;C:\Program Files\Android\Android Studio\jbr\bin;C:\WINDOWS\SYSTEM32;C:\WINDOWS\WinSxS\amd64_microsoft.windows.common-controls_6595b64144ccf1df_6.0.26100.8521_none_3e08b75ce33403b3;C:\Program Files\Android\Android Studio\jbr\bin\server;C:\Users\Suet Jin\.gradle\native\660c5614fbf4a5f2a75b1949f50a0caf5cd603558e7d8a26e50b933a0cfb79d1\windows-amd64;C:\Users\Suet Jin\.gradle\native\0.2.8\x86_64-windows-gnu

VM Arguments:
jvm_args: --add-opens=java.base/java.lang=ALL-UNNAMED --add-opens=java.base/java.lang.invoke=ALL-UNNAMED --add-opens=java.base/java.util=ALL-UNNAMED --add-opens=java.prefs/java.util.prefs=ALL-UNNAMED --add-exports=jdk.compiler/com.sun.tools.javac.api=ALL-UNNAMED --add-exports=jdk.compiler/com.sun.tools.javac.util=ALL-UNNAMED --add-opens=java.base/java.util=ALL-UNNAMED --add-opens=java.prefs/java.util.prefs=ALL-UNNAMED --add-opens=java.base/java.nio.charset=ALL-UNNAMED --add-opens=java.base/java.net=ALL-UNNAMED --add-opens=java.base/java.util.concurrent=ALL-UNNAMED --add-opens=java.base/java.util.concurrent.atomic=ALL-UNNAMED --add-opens=java.xml/javax.xml.namespace=ALL-UNNAMED --add-opens=java.base/java.time=ALL-UNNAMED -Xmx2048m -Dfile.encoding=UTF-8 -Duser.country=MY -Duser.language=en -Duser.variant -javaagent:C:\Users\Suet Jin\.gradle\wrapper\dists\gradle-9.3.1-bin\23ovyewtku6u96viwx3xl3oks\gradle-9.3.1\lib\agents\gradle-instrumentation-agent-9.3.1.jar 
java_command: org.gradle.launcher.daemon.bootstrap.GradleDaemon 9.3.1
java_class_path (initial): C:\Users\Suet Jin\.gradle\wrapper\dists\gradle-9.3.1-bin\23ovyewtku6u96viwx3xl3oks\gradle-9.3.1\lib\gradle-daemon-main-9.3.1.jar
Launcher Type: SUN_STANDARD

[Global flags]
     intx CICompilerCount                          = 4                                         {product} {ergonomic}
     uint ConcGCThreads                            = 3                                         {product} {ergonomic}
     uint G1ConcRefinementThreads                  = 10                                        {product} {ergonomic}
   size_t G1HeapRegionSize                         = 1048576                                   {product} {ergonomic}
    uintx GCDrainStackTargetSize                   = 64                                        {product} {ergonomic}
   size_t InitialHeapSize                          = 121634816                                 {product} {ergonomic}
   size_t MarkStackSize                            = 4194304                                   {product} {ergonomic}
   size_t MaxHeapSize                              = 2147483648                                {product} {command line}
   size_t MaxNewSize                               = 1287651328                                {product} {ergonomic}
   size_t MinHeapDeltaBytes                        = 1048576                                   {product} {ergonomic}
   size_t MinHeapSize                              = 8388608                                   {product} {ergonomic}
    uintx NonNMethodCodeHeapSize                   = 5839372                                {pd product} {ergonomic}
    uintx NonProfiledCodeHeapSize                  = 122909434                              {pd product} {ergonomic}
    uintx ProfiledCodeHeapSize                     = 122909434                              {pd product} {ergonomic}
    uintx ReservedCodeCacheSize                    = 251658240                              {pd product} {ergonomic}
     bool SegmentedCodeCache                       = true                                      {product} {ergonomic}
   size_t SoftMaxHeapSize                          = 2147483648                             {manageable} {ergonomic}
     bool UseCompressedOops                        = true                           {product lp64_product} {ergonomic}
     bool UseG1GC                                  = true                                      {product} {ergonomic}
     bool UseLargePagesIndividualAllocation        = false                                  {pd product} {ergonomic}

Logging:
Log output configuration:
 #0: stdout all=warning uptime,level,tags foldmultilines=false
 #1: stderr all=off uptime,level,tags foldmultilines=false

Release file:
JAVA_VERSION="21.0.10" 
MODULES="java.base java.compiler java.datatransfer java.xml java.prefs java.desktop java.instrument java.logging java.management java.security.sasl java.naming java.rmi java.management.rmi java.net.http java.scripting java.security.jgss java.transaction.xa java.sql java.sql.rowset java.xml.crypto java.se java.smartcardio jdk.accessibility jdk.internal.jvmstat jdk.attach jdk.charsets jdk.internal.opt jdk.zipfs jdk.compiler jdk.crypto.ec jdk.crypto.cryptoki jdk.dynalink jdk.hotspot.agent jdk.httpserver jdk.internal.ed jdk.internal.le jdk.internal.vm.ci jdk.jartool jdk.javadoc jdk.jcmd jdk.jdeps jdk.jdwp.agent jdk.jdi jdk.jfr jdk.jlink jdk.jsobject jdk.localedata jdk.management jdk.management.agent jdk.management.jfr jdk.naming.dns jdk.naming.rmi jdk.net jdk.sctp jdk.security.auth jdk.security.jgss jdk.unsupported jdk.unsupported.desktop jdk.xml.dom" 
IMPLEMENTOR="JetBrains s.r.o." 
JAVA_RUNTIME_VERSION="21.0.10+-14961533-b1163.108" 
LIBC="default" 
OS_ARCH="x86_64" 
OS_NAME="Windows" 
SOURCE=".:git:1351622c2ff2" 

Environment Variables:
PATH=C:\Program Files (x86)\Common Files\Oracle\Java\javapath;C:\windows\system32;C:\windows;C:\windows\System32\Wbem;C:\windows\System32\WindowsPowerShell\v1.0\;C:\windows\System32\OpenSSH\;C:\Program Files (x86)\NVIDIA Corporation\PhysX\Common;C:\Program Files\NVIDIA Corporation\NVIDIA NvDLISR;C:\WINDOWS\system32;C:\WINDOWS;C:\WINDOWS\System32\Wbem;C:\WINDOWS\System32\WindowsPowerShell\v1.0\;C:\WINDOWS\System32\OpenSSH\;C:\Program Files\Microsoft SQL Server\150\Tools\Binn\;C:\Program Files\dotnet\;C:\WINDOWS\system32;C:\WINDOWS;C:\WINDOWS\System32\Wbem;C:\WINDOWS\System32\WindowsPowerShell\v1.0\;C:\WINDOWS\System32\OpenSSH\;C:\Program Files\Git\cmd;C:\Program Files\CMake\bin;C:\Program Files\nodejs\;C:\Users\Suet Jin\AppData\Local\Programs\Python\Python313\Scripts\;C:\Users\Suet Jin\AppData\Local\Programs\Python\Python313\;C:\Users\Suet Jin\AppData\Local\Programs\Python\Launcher\;C:\Users\Suet Jin\AppData\Local\Microsoft\WindowsApps;C:\Users\Suet Jin\AppData\Local\Programs\Microsoft VS Code\bin;C:\intelFPGA\18.1\modelsim_ase\win32aloem;C:\intelFPGA\23.1std\questa_fse\win64;C:\iverilog\bin;C:\iverilog\gtkwave\bin;C:\Users\Suet Jin\AppData\Local\Programs\Ollama;C:\Users\Suet Jin\AppData\Roaming\npm;C:\Users\Suet Jin\AppData\Local\Programs\MiKTeX\miktex\bin\x64\;C:\Program Files (x86)\Nmap
USERNAME=Suet Jin
OS=Windows_NT
PROCESSOR_IDENTIFIER=AMD64 Family 25 Model 68 Stepping 1, AuthenticAMD
TMP=C:\Users\SUETJI~1\AppData\Local\Temp
TEMP=C:\Users\SUETJI~1\AppData\Local\Temp




Periodic native trim disabled

JNI global refs:
JNI global refs: 28, weak refs: 0

JNI global refs memory usage: 835, weak refs: 201

Process memory usage:
Resident Set Size: 562200K (7% of 7541976K total physical memory with 445400K free physical memory)

OOME stack traces (most recent first):
Classloader memory used:
Loader org.gradle.internal.classloader.VisitableURLClassLoader$InstrumentingVisitableURLClassLoader: 64134K
Loader org.gradle.internal.classloader.VisitableURLClassLoader                         : 52732K
Loader bootstrap                                                                       : 35393K
Loader org.gradle.internal.classloader.VisitableURLClassLoader                         : 17092K
Loader org.gradle.initialization.MixInLegacyTypesClassLoader                           : 15808K
Loader jdk.internal.loader.ClassLoaders$AppClassLoader                                 : 7888K
Loader jdk.internal.reflect.DelegatingClassLoader                                      : 1137K
Loader jdk.internal.loader.ClassLoaders$PlatformClassLoader                            : 929K
Loader jdk.internal.jrtfs.JrtFileSystemProvider$JrtFsLoader                            : 280K
Loader org.gradle.groovy.scripts.internal.DefaultScriptCompilationHandler$ScriptClassLoader: 214K
Loader sun.reflect.misc.MethodUtil                                                     : 2984B

Classes loaded by more than one classloader:
Class com.google.common.collect.Iterators                                             : loaded 6 times (x 71B)
Class com.google.common.collect.Lists                                                 : loaded 6 times (x 71B)
Class com.google.common.collect.Lists$StringAsImmutableList                           : loaded 6 times (x 207B)
Class com.google.common.collect.UnmodifiableIterator                                  : loaded 6 times (x 80B)
Class com.google.common.collect.Iterators$ArrayItr                                    : loaded 6 times (x 97B)
Class com.google.common.collect.AbstractIterator                                      : loaded 6 times (x 82B)
Class com.google.common.collect.AbstractIndexedListIterator                           : loaded 6 times (x 96B)
Class com.google.common.base.Preconditions                                            : loaded 6 times (x 71B)
Class com.google.common.collect.PeekingIterator                                       : loaded 6 times (x 70B)
Class com.google.common.collect.Iterators$SingletonIterator                           : loaded 6 times (x 81B)
Class com.google.common.collect.ImmutableList                                         : loaded 6 times (x 206B)
Class com.google.common.collect.Iterators$1                                           : loaded 6 times (x 81B)
Class com.google.common.collect.UnmodifiableListIterator                              : loaded 6 times (x 95B)
Class com.google.common.collect.Iterators$4                                           : loaded 6 times (x 82B)
Class com.google.common.collect.Iterators$MergingIterator                             : loaded 6 times (x 81B)
Class com.google.common.collect.Iterators$9                                           : loaded 6 times (x 81B)
Class com.google.common.collect.Iterators$5                                           : loaded 6 times (x 82B)
Class com.google.common.collect.ImmutableCollection                                   : loaded 6 times (x 125B)
Class com.intellij.gradle.toolingExtension.util.GradleVersionUtil                     : loaded 5 times (x 71B)
Class Program                                                                         : loaded 5 times (x 72B)
Class com.amazon.ion.IonSexp                                                          : loaded 4 times (x 70B)
Class com.amazon.ion.UnexpectedEofException                                           : loaded 4 times (x 84B)
Class gnu.trove.PrimeFinder                                                           : loaded 4 times (x 71B)
Class com.intellij.gradle.toolingExtension.impl.model.sourceSetArtifactIndex.GradleSourceSetArtifactBuildRequest: loaded 4 times (x 70B)
Class com.amazon.ion.IonBinaryWriter                                                  : loaded 4 times (x 70B)
Class com.android.ide.gradle.model.LegacyAndroidGradlePluginProperties                : loaded 4 times (x 70B)
Class com.amazon.ion.impl.bin.IonManagedBinaryWriter$UserState$2                      : loaded 4 times (x 85B)
Class com.amazon.ion.impl._Private_IonValue                                           : loaded 4 times (x 70B)
Class com.amazon.ion.impl.bin.IonRawBinaryWriter$StreamFlushMode                      : loaded 4 times (x 79B)
Class com.intellij.gradle.toolingExtension.impl.model.sourceSetModel.GradleSourceSetSerialisationService$Companion: loaded 4 times (x 71B)
Class com.amazon.ion.impl.bin.IonManagedBinaryWriter$SymbolState$3                    : loaded 4 times (x 80B)
Class com.amazon.ion.impl.bin.IonRawBinaryWriter$ContainerInfo                        : loaded 4 times (x 74B)
Class org.jetbrains.plugins.gradle.tooling.serialization.GradleExtensionsSerializationService$ReadContext: loaded 4 times (x 72B)
Class com.google.common.base.CharMatcher$IsEither                                     : loaded 4 times (x 112B)
Class com.amazon.ion.impl._Private_IonSymbol                                          : loaded 4 times (x 70B)
Class io.opentelemetry.api.trace.DefaultTracer                                        : loaded 4 times (x 74B)
Class com.amazon.ion.impl.lite.IonValueLite                                           : loaded 4 times (x 148B)
Class com.amazon.ion.IonContainer                                                     : loaded 4 times (x 70B)
Class com.amazon.ion.impl.bin.PooledBlockAllocatorProvider                            : loaded 4 times (x 73B)
Class [Lio.opentelemetry.context.Scope;                                               : loaded 4 times (x 69B)
Class com.amazon.ion.impl.lite.ContainerlessContext                                   : loaded 4 times (x 80B)
Class org.jetbrains.plugins.gradle.tooling.serialization.AnnotationProcessingModelSerializationService$ReadContext: loaded 4 times (x 72B)
Class com.google.common.base.CharMatcher$ForPredicate                                 : loaded 4 times (x 113B)
Class com.intellij.gradle.toolingExtension.impl.model.warmUp.GradleTaskWarmUpRequest  : loaded 4 times (x 70B)
Class com.amazon.ion.IonNull                                                          : loaded 4 times (x 70B)
Class com.amazon.ion.impl.bin.IonManagedBinaryWriter$SymbolState$2                    : loaded 4 times (x 80B)
Class org.jetbrains.plugins.gradle.model.ExternalSourceSet                            : loaded 4 times (x 70B)
Class com.amazon.ion.impl.bin.IonManagedBinaryWriter$UserState$3                      : loaded 4 times (x 85B)
Class com.amazon.ion.util.GzipStreamInterceptor                                       : loaded 4 times (x 85B)
Class com.amazon.ion.IonException                                                     : loaded 4 times (x 84B)
Class [Lio.opentelemetry.api.trace.ImmutableTraceFlags;                               : loaded 4 times (x 69B)
Class org.jetbrains.plugins.gradle.tooling.util.IntObjectMap$ObjectFactory            : loaded 4 times (x 70B)
Class org.jetbrains.plugins.gradle.model.ProjectImportModelProvider                   : loaded 4 times (x 70B)
Class org.jetbrains.plugins.gradle.tooling.serialization.internal.IdeaProjectSerializationService$WriteContext$3: loaded 4 times (x 83B)
Class gnu.trove.TObjectHash$NULL                                                      : loaded 4 times (x 71B)
Class org.jetbrains.kotlin.idea.gradleTooling.AndroidAwareGradleModelProvider         : loaded 4 times (x 79B)
Class com.google.common.collect.RegularImmutableSet                                   : loaded 4 times (x 149B)
Class com.intellij.gradle.toolingExtension.impl.telemetry.GradleOpenTelemetry         : loaded 4 times (x 72B)
Class com.google.common.collect.ImmutableAsList                                       : loaded 4 times (x 209B)
Class com.google.common.collect.ImmutableList$1                                       : loaded 4 times (x 97B)
Class com.intellij.gradle.toolingExtension.impl.model.dependencyModel.DependencyReadContext: loaded 4 times (x 72B)
Class com.amazon.ion.impl._Private_LocalSymbolTable                                   : loaded 4 times (x 70B)
Class com.intellij.gradle.toolingExtension.impl.model.sourceSetDependencyModel.GradleSourceSetDependencySerialisationService$SourceSetDependencyModelReadContext: loaded 4 times (x 72B)
Class org.jetbrains.plugins.gradle.model.VersionCatalogsModel                         : loaded 4 times (x 70B)
Class com.intellij.gradle.toolingExtension.impl.model.sourceSetModel.GradleSourceSetSerialisationService$SourceSetModelWriteContext: loaded 4 times (x 72B)
Class io.opentelemetry.api.internal.ImmutableSpanContext                              : loaded 4 times (x 91B)
Class [Lcom.amazon.ion.IonType;                                                       : loaded 4 times (x 69B)
Class com.amazon.ion.impl.LocalSymbolTableAsStruct$Factory                            : loaded 4 times (x 79B)
Class com.amazon.ion.impl.bin.IonManagedBinaryWriter$SymbolState$1                    : loaded 4 times (x 80B)
Class org.jetbrains.plugins.gradle.tooling.serialization.internal.IdeaProjectSerializationService$WriteContext$4: loaded 4 times (x 83B)
Class com.intellij.gradle.toolingExtension.impl.model.sourceSetDependencyModel.GradleSourceSetDependencySerialisationService$Companion: loaded 4 times (x 71B)
Class com.google.common.collect.SortedIterable                                        : loaded 4 times (x 70B)
Class com.intellij.gradle.toolingExtension.impl.model.sourceSetModel.GradleSourceSetSerialisationService$SourceSetModelReadContext: loaded 4 times (x 72B)
Class org.jetbrains.plugins.gradle.model.UnresolvedExternalDependency                 : loaded 4 times (x 70B)
Class com.intellij.gradle.toolingExtension.impl.model.utilTurnOffDefaultTasksModel.TurnOffDefaultTasks: loaded 4 times (x 70B)
Class com.amazon.ion.impl.bin.IonManagedBinaryWriter$UserState$4                      : loaded 4 times (x 85B)
Class com.amazon.ion.system.IonBinaryWriterBuilder                                    : loaded 4 times (x 99B)
Class io.opentelemetry.context.ContextStorageProvider                                 : loaded 4 times (x 70B)
Class org.jetbrains.plugins.gradle.model.AnnotationProcessingModel                    : loaded 4 times (x 70B)
Class org.jetbrains.plugins.gradle.model.GradleExtensions                             : loaded 4 times (x 70B)
Class io.opentelemetry.api.trace.TraceId                                              : loaded 4 times (x 71B)
Class com.amazon.ion.IonCatalog                                                       : loaded 4 times (x 70B)
Class com.amazon.ion.system.IonSystemBuilder                                          : loaded 4 times (x 75B)
Class org.jetbrains.plugins.gradle.tooling.serialization.internal.IdeaProjectSerializationService$WriteContext$2: loaded 4 times (x 83B)
Class com.amazon.ion.impl._Private_IonWriterBase                                      : loaded 4 times (x 162B)
Class com.amazon.ion.BufferConfiguration$Builder                                      : loaded 4 times (x 78B)
Class [Lcom.amazon.ion.impl.bin.IonManagedBinaryWriter$SymbolState;                   : loaded 4 times (x 69B)
Class com.intellij.gradle.toolingExtension.util.GradleVersionSpecificsUtil            : loaded 4 times (x 71B)
Class com.intellij.util.containers.IntObjectHashMap                                   : loaded 4 times (x 72B)
Class org.jetbrains.plugins.gradle.model.ExternalDependency                           : loaded 4 times (x 70B)
Class io.opentelemetry.context.ContextStorage                                         : loaded 4 times (x 70B)
Class org.jetbrains.plugins.gradle.tooling.serialization.internal.IdeaProjectSerializationService$WriteContext$5: loaded 4 times (x 83B)
Class com.intellij.gradle.toolingExtension.impl.model.sourceSetDependencyModel.GradleSourceSetDependencySerialisationService$SourceSetDependencyModelWriteContext: loaded 4 times (x 72B)
Class com.google.common.collect.Lists$ReverseList                                     : loaded 4 times (x 200B)
Class com.intellij.util.ThrowableConsumer                                             : loaded 4 times (x 70B)
Class io.opentelemetry.api.internal.OtelEncodingUtils                                 : loaded 4 times (x 71B)
Class com.google.common.collect.ImmutableSortedSet                                    : loaded 4 times (x 300B)
Class com.amazon.ion.impl.bin.utf8.Pool                                               : loaded 4 times (x 74B)
Class com.google.common.collect.ImmutableList$SubList                                 : loaded 4 times (x 207B)
Class com.google.common.collect.ForwardingObject                                      : loaded 4 times (x 72B)
Class com.amazon.ion.impl.bin.IntList                                                 : loaded 4 times (x 77B)
Class com.amazon.ion.impl.lite._Private_LiteDomTrampoline                             : loaded 4 times (x 71B)
Class com.amazon.ion.ReadOnlyValueException                                           : loaded 4 times (x 84B)
Class org.jetbrains.plugins.gradle.tooling.serialization.internal.IdeaProjectSerializationService$WriteContext$6: loaded 4 times (x 83B)
Class com.intellij.gradle.toolingExtension.impl.model.taskModel.GradleTaskSerialisationService$Companion: loaded 4 times (x 71B)
Class org.jetbrains.plugins.gradle.tooling.util.IntObjectMap                          : loaded 4 times (x 73B)
Class com.google.common.base.CharMatcher$IsNot                                        : loaded 4 times (x 112B)
Class org.jetbrains.plugins.gradle.tooling.serialization.GradleExtensionsSerializationService$WriteContext: loaded 4 times (x 72B)
Class org.jetbrains.plugins.gradle.model.IntelliJProjectSettings                      : loaded 4 times (x 70B)
Class org.jetbrains.plugins.gradle.javaModel.JavaGradleManifestModel                  : loaded 4 times (x 70B)
Class com.amazon.ion.SymbolTable                                                      : loaded 4 times (x 70B)
Class com.amazon.ion.impl.bin.IonManagedBinaryWriter$ImportDescriptor                 : loaded 4 times (x 76B)
Class io.opentelemetry.context.Context                                                : loaded 4 times (x 70B)
Class com.amazon.ion.impl.lite.ValueFactoryLite                                       : loaded 4 times (x 218B)
Class org.jetbrains.plugins.gradle.model.RepositoryModels                             : loaded 4 times (x 70B)
Class org.jetbrains.plugins.gradle.tooling.serialization.internal.IdeaProjectSerializationService$WriteContext$7: loaded 4 times (x 83B)
Class org.jetbrains.kotlin.idea.gradleTooling.AndroidAwareGradleModelProvider$Companion: loaded 4 times (x 71B)
Class com.google.common.collect.RegularImmutableSortedSet                             : loaded 4 times (x 300B)
Class [Lcom.amazon.ion.impl.bin.IonRawBinaryWriter$StreamCloseMode;                   : loaded 4 times (x 69B)
Class com.amazon.ion.impl.lite.IonSymbolLite                                          : loaded 4 times (x 247B)
Class com.amazon.ion.impl.bin.IonManagedBinaryWriter$ImportedSymbolResolverMode$1     : loaded 4 times (x 80B)
Class com.google.common.collect.SingletonImmutableSet                                 : loaded 4 times (x 146B)
Class io.opentelemetry.api.GlobalOpenTelemetry                                        : loaded 4 times (x 71B)
Class com.intellij.util.containers.IntObjectHashMap$ArrayProducer                     : loaded 4 times (x 70B)
Class com.google.common.collect.ImmutableSet$SetBuilderImpl                           : loaded 4 times (x 76B)
Class com.amazon.ion.impl.bin.WriteBuffer                                             : loaded 4 times (x 78B)
Class com.amazon.ion.UnknownSymbolException                                           : loaded 4 times (x 86B)
Class io.opentelemetry.api.trace.SpanContextKey                                       : loaded 4 times (x 71B)
Class com.amazon.ion.SubstituteSymbolTableException                                   : loaded 4 times (x 84B)
Class com.amazon.ion.impl.SymbolTokenImpl                                             : loaded 4 times (x 81B)
Class com.amazon.ion.IonText                                                          : loaded 4 times (x 70B)
Class com.amazon.ion.impl.bin.utf8.Pool$Allocator                                     : loaded 4 times (x 70B)
Class com.amazon.ion.impl.bin.utf8.Utf8StringEncoder$Result                           : loaded 4 times (x 74B)
Class com.android.ide.gradle.model.composites.BuildMap                                : loaded 4 times (x 70B)
Class com.amazon.ion.impl.bin.IonManagedBinaryWriter                                  : loaded 4 times (x 165B)
Class org.jetbrains.plugins.gradle.tooling.serialization.internal.IdeaProjectSerializationService$WriteContext$8: loaded 4 times (x 83B)
Class gnu.trove.TObjectIntProcedure                                                   : loaded 4 times (x 70B)
Class com.amazon.ion.BufferConfiguration$DataHandler                                  : loaded 4 times (x 70B)
Class com.amazon.ion.impl.bin.IonManagedBinaryWriter$ImportedSymbolResolverMode$2     : loaded 4 times (x 80B)
Class io.opentelemetry.context.Scope                                                  : loaded 4 times (x 70B)
Class io.opentelemetry.context.ThreadLocalContextStorage                              : loaded 4 times (x 85B)
Class com.amazon.ion.impl.bin.IonRawBinaryWriter$ThrowingRunnable                     : loaded 4 times (x 70B)
Class com.amazon.ion.impl.bin.IonManagedBinaryWriter$LocalSymbolTableView             : loaded 4 times (x 119B)
Class com.amazon.ion.impl.lite.IonBlobLite                                            : loaded 4 times (x 220B)
Class com.amazon.ion.impl.LocalSymbolTable                                            : loaded 4 times (x 127B)
Class com.amazon.ion.impl._Private_IonBinaryWriterBuilder                             : loaded 4 times (x 115B)
Class org.jetbrains.plugins.gradle.tooling.serialization.SerializationService         : loaded 4 times (x 70B)
Class [Lcom.amazon.ion.impl.bin.IonRawBinaryWriter$ContainerType;                     : loaded 4 times (x 69B)
Class com.google.common.base.Function                                                 : loaded 4 times (x 70B)
Class com.amazon.ion.IonList                                                          : loaded 4 times (x 70B)
Class org.jetbrains.plugins.gradle.tooling.serialization.ExternalTestsSerializationService$WriteContext: loaded 4 times (x 72B)
Class org.jetbrains.kotlin.idea.projectModel.KotlinTaskProperties                     : loaded 4 times (x 70B)
Class com.intellij.platform.diagnostic.telemetry.rt.context.TelemetryContext          : loaded 4 times (x 134B)
Class [Lio.opentelemetry.context.ContextStorage;                                      : loaded 4 times (x 69B)
Class org.jetbrains.plugins.gradle.tooling.serialization.internal.IdeaProjectSerializationService: loaded 4 times (x 77B)
Class com.amazon.ion.IonBufferConfiguration$Builder                                   : loaded 4 times (x 78B)
Class com.amazon.ion.impl.lite.IonDecimalLite                                         : loaded 4 times (x 189B)
Class [Lio.opentelemetry.api.trace.TraceFlags;                                        : loaded 4 times (x 69B)
Class org.jetbrains.kotlin.idea.gradleTooling.KotlinGradleModel                       : loaded 4 times (x 70B)
Class com.amazon.ion.impl.bin.IonManagedBinaryWriter$SymbolResolverBuilder            : loaded 4 times (x 70B)
Class com.amazon.ion.system.IonSystemBuilder$Mutable                                  : loaded 4 times (x 75B)
Class org.jetbrains.plugins.gradle.tooling.serialization.internal.adapter.Supplier    : loaded 4 times (x 70B)
Class org.jetbrains.plugins.gradle.model.GradleExtension                              : loaded 4 times (x 70B)
Class com.google.common.collect.RegularImmutableList                                  : loaded 4 times (x 207B)
Class com.amazon.ion.IonSystem                                                        : loaded 4 times (x 70B)
Class com.amazon.ion.impl.bin.IonManagedBinaryWriter$ImportedSymbolContext            : loaded 4 times (x 72B)
Class com.google.common.collect.ImmutableList$ReverseImmutableList                    : loaded 4 times (x 207B)
Class com.amazon.ion.impl.lite.IonSystemLite                                          : loaded 4 times (x 275B)
Class com.amazon.ion.util.InputStreamInterceptor                                      : loaded 4 times (x 70B)
Class com.amazon.ion.impl.bin.IonRawBinaryWriter$PreallocationMode                    : loaded 4 times (x 82B)
Class com.amazon.ion.impl.bin._Private_IonRawWriter                                   : loaded 4 times (x 70B)
Class com.amazon.ion.IonWriter                                                        : loaded 4 times (x 70B)
Class com.amazon.ion.impl.bin.IonRawBinaryWriter$PreallocationMode$3                  : loaded 4 times (x 82B)
Class com.intellij.gradle.toolingExtension.impl.model.sourceSetModel.GradleSourceSetSerialisationService: loaded 4 times (x 77B)
Class org.jetbrains.plugins.gradle.tooling.serialization.KotlinDslScriptsModelSerializationService: loaded 4 times (x 81B)
Class org.jetbrains.plugins.gradle.model.ExternalProjectDependency                    : loaded 4 times (x 70B)
Class com.android.ide.gradle.model.GradlePluginModel                                  : loaded 4 times (x 70B)
Class com.amazon.ion.impl.lite.IonIntLite                                             : loaded 4 times (x 190B)
Class com.google.common.collect.ImmutableRangeSet                                     : loaded 4 times (x 115B)
Class com.amazon.ion.impl._Private_IonReaderBuilder$TwoElementInputStream             : loaded 4 times (x 92B)
Class com.amazon.ion.util._Private_FastAppendable                                     : loaded 4 times (x 70B)
Class com.google.common.base.CharMatcher$InRange                                      : loaded 4 times (x 112B)
Class [Lcom.amazon.ion.impl.bin.IonRawBinaryWriter$PreallocationMode;                 : loaded 4 times (x 69B)
Class org.jetbrains.kotlin.idea.gradleTooling.PrepareKotlinIdeImportTaskModel         : loaded 4 times (x 70B)
Class com.amazon.ion.impl.bin.IonRawBinaryWriter$PreallocationMode$2                  : loaded 4 times (x 82B)
Class com.amazon.ion.IonInt                                                           : loaded 4 times (x 70B)
Class com.amazon.ion.IonType                                                          : loaded 4 times (x 79B)
Class io.opentelemetry.context.propagation.TextMapGetter                              : loaded 4 times (x 70B)
Class com.google.common.collect.SingletonImmutableList                                : loaded 4 times (x 207B)
Class com.amazon.ion.impl.lite.IonSexpLite                                            : loaded 4 times (x 491B)
Class com.amazon.ion.impl.lite.IonListLite                                            : loaded 4 times (x 491B)
Class com.amazon.ion.IonFloat                                                         : loaded 4 times (x 70B)
Class io.opentelemetry.context.ThreadLocalContextStorage$ScopeImpl                    : loaded 4 times (x 79B)
Class io.opentelemetry.api.trace.ImmutableTraceFlags                                  : loaded 4 times (x 77B)
Class com.intellij.gradle.toolingExtension.impl.model.dependencyDownloadPolicyModel.GradleDependencyDownloadPolicy: loaded 4 times (x 70B)
Class com.amazon.ion.impl._Private_IonContainer                                       : loaded 4 times (x 70B)
Class com.intellij.gradle.toolingExtension.impl.model.buildScriptClasspathModel.GradleBuildScriptClasspathSerializationService$ReadContext: loaded 4 times (x 72B)
Class [Lcom.amazon.ion.SymbolToken;                                                   : loaded 4 times (x 69B)
Class io.opentelemetry.context.propagation.ContextPropagators                         : loaded 4 times (x 70B)
Class org.jetbrains.kotlin.idea.gradleTooling.KotlinMPPGradleModel                    : loaded 4 times (x 70B)
Class [Lcom.amazon.ion.impl.bin._Private_IonManagedBinaryWriterBuilder$AllocatorMode; : loaded 4 times (x 69B)
Class com.amazon.ion.impl.bin.IonRawBinaryWriter$PreallocationMode$1                  : loaded 4 times (x 82B)
Class com.amazon.ion.impl._Private_ValueFactory                                       : loaded 4 times (x 70B)
Class com.amazon.ion.impl.LocalSymbolTable$Factory                                    : loaded 4 times (x 77B)
Class com.amazon.ion.impl.lite.IonClobLite                                            : loaded 4 times (x 221B)
Class org.jetbrains.plugins.gradle.tooling.serialization.RepositoriesModelSerializationService$WriteContext: loaded 4 times (x 72B)
Class com.intellij.gradle.toolingExtension.impl.model.buildScriptClasspathModel.GradleBuildScriptClasspathSerializationService: loaded 4 times (x 77B)
Class com.google.common.collect.RangeSet                                              : loaded 4 times (x 70B)
Class com.amazon.ion.impl.LocalSymbolTableAsStruct                                    : loaded 4 times (x 132B)
Class gnu.trove.TObjectIntHashMap                                                     : loaded 4 times (x 109B)
Class [Lcom.intellij.openapi.externalSystem.model.project.dependencies.ResolutionState;: loaded 4 times (x 69B)
Class org.jetbrains.plugins.gradle.model.DependencyAccessorsModel                     : loaded 4 times (x 70B)
Class com.amazon.ion.impl.lite.IonTimestampLite                                       : loaded 4 times (x 193B)
Class com.google.common.collect.NullnessCasts                                         : loaded 4 times (x 71B)
Class com.amazon.ion.impl.lite.IonNullLite                                            : loaded 4 times (x 176B)
Class org.jetbrains.plugins.gradle.model.FileCollectionDependency                     : loaded 4 times (x 70B)
Class com.amazon.ion.impl.SharedSymbolTable                                           : loaded 4 times (x 93B)
Class com.amazon.ion.impl.bin.IonRawBinaryWriter                                      : loaded 4 times (x 168B)
Class io.opentelemetry.api.trace.SpanBuilder                                          : loaded 4 times (x 70B)
Class com.amazon.ion.SymbolToken                                                      : loaded 4 times (x 70B)
Class com.intellij.gradle.toolingExtension.impl.model.projectModel.GradleExternalProjectSerializationService$WriteContext: loaded 4 times (x 73B)
Class io.opentelemetry.api.DefaultOpenTelemetry                                       : loaded 4 times (x 89B)
Class com.google.common.base.Joiner$2                                                 : loaded 4 times (x 80B)
Class com.amazon.ion.impl.bin._Private_IonManagedBinaryWriterBuilder                  : loaded 4 times (x 72B)
Class com.google.common.base.CharMatcher$NamedFastMatcher                             : loaded 4 times (x 113B)
Class com.amazon.ion.impl._Private_IonWriter                                          : loaded 4 times (x 70B)
Class com.google.common.base.CharMatcher$1                                            : loaded 4 times (x 114B)
Class com.intellij.gradle.toolingExtension.impl.model.utilDummyModel.DummyModel       : loaded 4 times (x 70B)
Class org.jetbrains.plugins.gradle.tooling.serialization.AnnotationProcessingModelSerializationService: loaded 4 times (x 77B)
Class com.amazon.ion.impl.bin.IonManagedBinaryWriter$UserState                        : loaded 4 times (x 85B)
Class com.amazon.ion.impl._Private_LocalSymbolTableFactory                            : loaded 4 times (x 70B)
Class com.google.common.base.ExtraObjectsMethodsForWeb                                : loaded 4 times (x 71B)
Class com.amazon.ion.IonString                                                        : loaded 4 times (x 70B)
Class io.opentelemetry.context.propagation.TextMapPropagator                          : loaded 4 times (x 70B)
Class org.jetbrains.plugins.gradle.model.GradleSourceSetDependencyModel               : loaded 4 times (x 70B)
Class com.amazon.ion.impl.bin.IonManagedBinaryWriter$ImportedSymbolResolverMode$1$1$1 : loaded 4 times (x 76B)
Class com.amazon.ion.system.IonTextWriterBuilder                                      : loaded 4 times (x 98B)
Class org.jetbrains.plugins.gradle.tooling.serialization.RepositoriesModelSerializationService$ReadContext: loaded 4 times (x 72B)
Class io.opentelemetry.api.internal.AutoValue_ImmutableSpanContext                    : loaded 4 times (x 92B)
Class com.google.common.collect.Multimap                                              : loaded 4 times (x 70B)
Class [Lcom.amazon.ion.impl.bin.AbstractIonWriter$WriteValueOptimization;             : loaded 4 times (x 69B)
Class com.android.ide.gradle.model.LegacyV1AgpVersionModel                            : loaded 4 times (x 70B)
Class com.google.common.base.Joiner$1                                                 : loaded 4 times (x 81B)
Class com.amazon.ion.impl.lite.IonBoolLite                                            : loaded 4 times (x 179B)
Class com.amazon.ion.BufferConfiguration                                              : loaded 4 times (x 72B)
Class com.google.common.base.CharMatcher                                              : loaded 4 times (x 112B)
Class com.amazon.ion.impl.bin.IonManagedBinaryWriter$SymbolState$4                    : loaded 4 times (x 80B)
Class org.jetbrains.plugins.gradle.tooling.serialization.ExternalTestsSerializationService: loaded 4 times (x 77B)
Class com.amazon.ion.system.SimpleCatalog                                             : loaded 4 times (x 91B)
Class io.opentelemetry.api.trace.TraceFlags                                           : loaded 4 times (x 70B)
Class com.amazon.ion.IonSequence                                                      : loaded 4 times (x 70B)
Class com.amazon.ion.IonLob                                                           : loaded 4 times (x 70B)
Class com.amazon.ion.IonBlob                                                          : loaded 4 times (x 70B)
Class com.amazon.ion.impl.bin.IonRawBinaryWriter$PatchPoint                           : loaded 4 times (x 72B)
Class org.jetbrains.plugins.gradle.tooling.serialization.RepositoriesModelSerializationService: loaded 4 times (x 82B)
Class com.amazon.ion.impl.bin.Symbols                                                 : loaded 4 times (x 71B)
Class com.amazon.ion.IonBufferConfiguration                                           : loaded 4 times (x 72B)
Class com.android.ide.gradle.model.artifacts.AdditionalClassifierArtifactsModel       : loaded 4 times (x 70B)
Class io.opentelemetry.context.ArrayBasedContext                                      : loaded 4 times (x 100B)
Class com.intellij.gradle.toolingExtension.impl.model.taskModel.GradleTaskSerialisationService: loaded 4 times (x 76B)
Class org.jetbrains.kotlin.idea.gradleTooling.model.kapt.KaptGradleModel              : loaded 4 times (x 70B)
Class org.jetbrains.plugins.gradle.tooling.serialization.internal.IdeaProjectSerializationService$ReadContext: loaded 4 times (x 72B)
Class org.jetbrains.kotlin.idea.gradleTooling.KotlinDslScriptAdditionalTask           : loaded 4 times (x 70B)
Class org.jetbrains.plugins.gradle.model.ClasspathEntryModel                          : loaded 4 times (x 70B)
Class com.intellij.gradle.toolingExtension.impl.model.projectModel.GradleExternalProjectSerializationService: loaded 4 times (x 77B)
Class io.opentelemetry.api.trace.PropagatedSpan                                       : loaded 4 times (x 112B)
Class com.amazon.ion.impl._Private_IonBinaryWriterBuilder$Mutable                     : loaded 4 times (x 115B)
Class com.amazon.ion.impl.bin.IonRawBinaryWriter$StreamCloseMode                      : loaded 4 times (x 79B)
Class com.google.common.collect.Lists$ReverseList$1                                   : loaded 4 times (x 99B)
Class com.google.common.collect.ImmutableRangeSet$Builder                             : loaded 4 times (x 77B)
Class org.jetbrains.plugins.gradle.tooling.util.IntObjectMap$1                        : loaded 4 times (x 77B)
Class [Lcom.amazon.ion.impl.bin.IonRawBinaryWriter$StreamFlushMode;                   : loaded 4 times (x 69B)
Class com.amazon.ion.UnsupportedIonVersionException                                   : loaded 4 times (x 85B)
Class com.amazon.ion.IonTimestamp                                                     : loaded 4 times (x 70B)
Class com.amazon.ion.impl.bin.PooledBlockAllocatorProvider$PooledBlockAllocator       : loaded 4 times (x 81B)
Class io.opentelemetry.api.trace.SpanId                                               : loaded 4 times (x 71B)
Class com.intellij.platform.diagnostic.telemetry.rt.context.TelemetryContextGetter    : loaded 4 times (x 75B)
Class org.jetbrains.plugins.gradle.tooling.serialization.GradleExtensionsSerializationService: loaded 4 times (x 77B)
Class org.jetbrains.plugins.gradle.tooling.serialization.ProjectDependenciesSerializationService$ReadContext: loaded 4 times (x 72B)
Class com.google.common.base.CharMatcher$Is                                           : loaded 4 times (x 112B)
Class com.intellij.openapi.externalSystem.model.project.dependencies.ProjectDependencies: loaded 4 times (x 70B)
Class com.google.common.base.CharMatcher$Negated                                      : loaded 4 times (x 114B)
Class org.jetbrains.plugins.gradle.model.tests.ExternalTestsModel                     : loaded 4 times (x 70B)
Class io.opentelemetry.api.trace.TraceStateBuilder                                    : loaded 4 times (x 70B)
Class io.opentelemetry.api.OpenTelemetry                                              : loaded 4 times (x 70B)
Class com.amazon.ion.IonDecimal                                                       : loaded 4 times (x 70B)
Class com.amazon.ion.impl.bin.IonManagedBinaryWriter$SymbolState                      : loaded 4 times (x 80B)
Class com.amazon.ion.IonStruct                                                        : loaded 4 times (x 70B)
Class org.jetbrains.plugins.gradle.model.GradleBuildScriptClasspathModel              : loaded 4 times (x 70B)
Class com.intellij.openapi.externalSystem.model.project.IExternalSystemSourceType     : loaded 4 times (x 70B)
Class com.amazon.ion.impl._Private_IonReaderBuilder$Mutable                           : loaded 4 times (x 97B)
Class com.amazon.ion.BufferConfiguration$OversizedValueHandler                        : loaded 4 times (x 70B)
Class com.amazon.ion.IonDatagram                                                      : loaded 4 times (x 70B)
Class com.amazon.ion.impl.bin.IonManagedBinaryWriter$ImportedSymbolResolverMode$1$1   : loaded 4 times (x 78B)
Class com.amazon.ion.impl._Private_ByteTransferSink                                   : loaded 4 times (x 70B)
Class com.amazon.ion.impl._Private_IonSystem                                          : loaded 4 times (x 70B)
Class com.intellij.openapi.externalSystem.model.project.dependencies.ResolutionState  : loaded 4 times (x 79B)
Class com.amazon.ion.impl.bin.utf8.Utf8StringEncoderPool                              : loaded 4 times (x 74B)
Class org.jetbrains.plugins.gradle.model.GradleConfiguration                          : loaded 4 times (x 70B)
Class [Lcom.amazon.ion.util.GzipStreamInterceptor;                                    : loaded 4 times (x 69B)
Class [Lio.opentelemetry.context.ThreadLocalContextStorage;                           : loaded 4 times (x 69B)
Class org.jetbrains.plugins.gradle.tooling.util.ObjectCollector                       : loaded 4 times (x 72B)
Class org.jetbrains.plugins.gradle.model.GradleTaskModel                              : loaded 4 times (x 70B)
Class com.amazon.ion.impl.bin._Private_IonManagedBinaryWriterBuilder$AllocatorMode    : loaded 4 times (x 80B)
Class com.amazon.ion.impl._Private_SymbolToken                                        : loaded 4 times (x 70B)
Class com.google.common.base.CharMatcher$BitSetMatcher                                : loaded 4 times (x 113B)
Class com.amazon.ion.impl.bin.IonManagedBinaryWriter$SymbolResolver                   : loaded 4 times (x 70B)
Class com.google.common.collect.ImmutableSet                                          : loaded 4 times (x 145B)
Class com.amazon.ion.impl.IonWriterSystemTextMarkup                                   : loaded 4 times (x 192B)
Class com.intellij.gradle.toolingExtension.impl.model.dependencyModel.DependencyWriteContext: loaded 4 times (x 72B)
Class com.intellij.gradle.toolingExtension.impl.model.projectModel.GradleExternalProjectSerializationService$ReadContext: loaded 4 times (x 73B)
Class io.opentelemetry.api.trace.Span                                                 : loaded 4 times (x 70B)
Class com.amazon.ion.impl.bin.BlockAllocator                                          : loaded 4 times (x 80B)
Class com.amazon.ion.impl.bin.IonManagedBinaryWriter$UserState$1                      : loaded 4 times (x 85B)
Class io.opentelemetry.api.GlobalOpenTelemetry$ObfuscatedOpenTelemetry                : loaded 4 times (x 92B)
Class io.opentelemetry.api.internal.IncubatingUtil                                    : loaded 4 times (x 71B)
Class com.amazon.ion.ValueFactory                                                     : loaded 4 times (x 70B)
Class [Lcom.amazon.ion.impl.bin.IonManagedBinaryWriter$ImportedSymbolResolverMode;    : loaded 4 times (x 69B)
Class com.amazon.ion.impl.IonWriterSystemText                                         : loaded 4 times (x 190B)
Class org.jetbrains.plugins.gradle.model.ExternalLibraryDependency                    : loaded 4 times (x 70B)
Class com.amazon.ion.impl.lite.IonContext                                             : loaded 4 times (x 70B)
Class com.amazon.ion.impl.lite.IonLoaderLite                                          : loaded 4 times (x 82B)
Class com.amazon.ion.impl.bin.utf8.Utf8StringEncoderPool$1                            : loaded 4 times (x 76B)
Class org.jetbrains.plugins.gradle.model.ExternalTask                                 : loaded 4 times (x 70B)
Class com.intellij.openapi.externalSystem.model.ExternalSystemException               : loaded 4 times (x 86B)
Class com.amazon.ion.system.IonWriterBuilderBase                                      : loaded 4 times (x 83B)
Class io.opentelemetry.api.trace.Tracer                                               : loaded 4 times (x 70B)
Class com.google.common.base.CharMatcher$Or                                           : loaded 4 times (x 113B)
Class com.amazon.ion.impl._Private_Utils                                              : loaded 4 times (x 71B)
Class com.google.common.collect.Lists$RandomAccessReverseList                         : loaded 4 times (x 200B)
Class io.opentelemetry.context.DefaultContextKey                                      : loaded 4 times (x 72B)
Class com.google.common.collect.ImmutableRangeSet$ComplementRanges                    : loaded 4 times (x 207B)
Class com.google.common.collect.ImmutableSet$RegularSetBuilderImpl                    : loaded 4 times (x 77B)
Class gnu.trove.TObjectCanonicalHashingStrategy                                       : loaded 4 times (x 78B)
Class org.jetbrains.plugins.gradle.model.GradleProperty                               : loaded 4 times (x 70B)
Class com.intellij.gradle.toolingExtension.model.repositoryModel.ProjectRepositoriesModel: loaded 4 times (x 70B)
Class com.amazon.ion.IonValue                                                         : loaded 4 times (x 70B)
Class [Lcom.amazon.ion.util.InputStreamInterceptor;                                   : loaded 4 times (x 69B)
Class io.opentelemetry.context.propagation.NoopTextMapPropagator                      : loaded 4 times (x 76B)
Class com.amazon.ion.IonLoader                                                        : loaded 4 times (x 70B)
Class com.amazon.ion.impl.bin.Block                                                   : loaded 4 times (x 79B)
Class io.opentelemetry.api.trace.ArrayBasedTraceState                                 : loaded 4 times (x 86B)
Class io.opentelemetry.context.ContextKey                                             : loaded 4 times (x 70B)
Class com.google.common.collect.ImmutableCollection$Builder                           : loaded 4 times (x 76B)
Class com.google.common.collect.ImmutableRangeSet$AsSet                               : loaded 4 times (x 300B)
Class io.opentelemetry.context.propagation.TextMapSetter                              : loaded 4 times (x 70B)
Class [Lcom.amazon.ion.SymbolTable;                                                   : loaded 4 times (x 69B)
Class com.amazon.ion.impl.bin.IonBinaryWriterAdapter$Factory                          : loaded 4 times (x 70B)
Class com.amazon.ion.impl.BlockedBuffer$BufferedOutputStream                          : loaded 4 times (x 90B)
Class org.jetbrains.plugins.gradle.tooling.serialization.ExternalTestsSerializationService$ReadContext: loaded 4 times (x 72B)
Class org.gradle.internal.Cast                                                        : loaded 4 times (x 71B)
Class org.gradle.internal.IoActions                                                   : loaded 4 times (x 71B)
Class org.gradle.api.Action                                                           : loaded 4 times (x 70B)
Class io.opentelemetry.context.ImplicitContextKeyed                                   : loaded 4 times (x 70B)
Class com.amazon.ion.impl.lite.IonStringLite                                          : loaded 4 times (x 213B)
Class com.amazon.ion.impl.bin.PooledBlockAllocatorProvider$PooledBlockAllocator$1     : loaded 4 times (x 79B)
Class com.amazon.ion.IonBool                                                          : loaded 4 times (x 70B)
Class com.google.common.base.Objects                                                  : loaded 4 times (x 71B)
Class com.amazon.ion.impl.bin.AbstractIonWriter$WriteValueOptimization                : loaded 4 times (x 79B)
Class com.amazon.ion.impl.bin.utf8.Utf8StringEncoder                                  : loaded 4 times (x 80B)
Class com.amazon.ion.impl.bin.IonRawBinaryWriter$ContainerType                        : loaded 4 times (x 79B)
Class com.amazon.ion.impl._Private_IonTextWriterBuilder$Mutable                       : loaded 4 times (x 102B)
Class [Lcom.amazon.ion.impl.bin.IonManagedBinaryWriter$UserState;                     : loaded 4 times (x 69B)
Class com.google.common.base.CharMatcher$FastMatcher                                  : loaded 4 times (x 112B)
Class com.google.common.base.CharMatcher$And                                          : loaded 4 times (x 113B)
Class io.opentelemetry.context.ThreadLocalContextStorage$NoopScope                    : loaded 4 times (x 85B)
Class [Lio.opentelemetry.context.ThreadLocalContextStorage$NoopScope;                 : loaded 4 times (x 69B)
Class com.amazon.ion.impl.bin.BlockAllocatorProvider                                  : loaded 4 times (x 72B)
Class io.opentelemetry.api.trace.ArrayBasedTraceStateBuilder                          : loaded 4 times (x 77B)
Class com.google.common.base.Joiner                                                   : loaded 4 times (x 80B)
Class gnu.trove.TObjectHashingStrategy                                                : loaded 4 times (x 70B)
Class org.jetbrains.plugins.gradle.tooling.serialization.internal.IdeaProjectSerializationService$WriteContext: loaded 4 times (x 72B)
Class com.amazon.ion.IonNumber                                                        : loaded 4 times (x 70B)
Class com.amazon.ion.impl.lite.IonTextLite                                            : loaded 4 times (x 182B)
Class com.amazon.ion.impl.lite.IonLobLite                                             : loaded 4 times (x 185B)
Class com.intellij.gradle.toolingExtension.impl.model.sourceSetDependencyModel.GradleSourceSetDependencySerialisationService: loaded 4 times (x 77B)
Class org.jetbrains.plugins.gradle.model.GradleSourceSetModel                         : loaded 4 times (x 70B)
Class com.intellij.gradle.toolingExtension.impl.model.buildScriptClasspathModel.GradleBuildScriptClasspathSerializationService$WriteContext: loaded 4 times (x 72B)
Class gnu.trove.THash                                                                 : loaded 4 times (x 81B)
Class com.amazon.ion.IonMutableCatalog                                                : loaded 4 times (x 70B)
Class org.jetbrains.kotlin.idea.gradleTooling.KotlinSourceSetContainer                : loaded 4 times (x 70B)
Class io.opentelemetry.context.ContextStorageWrappers                                 : loaded 4 times (x 71B)
Class io.opentelemetry.context.propagation.DefaultContextPropagators                  : loaded 4 times (x 75B)
Class org.jetbrains.plugins.gradle.model.IntelliJSettings                             : loaded 4 times (x 70B)
Class org.jetbrains.plugins.gradle.tooling.serialization.internal.IdeaProjectSerializationService$WriteContext$1: loaded 4 times (x 83B)
Class com.amazon.ion.impl._Private_IonReaderBuilder                                   : loaded 4 times (x 97B)
Class org.jetbrains.plugins.gradle.ExternalDependencyId                               : loaded 4 times (x 70B)
Class com.google.common.base.Predicate                                                : loaded 4 times (x 70B)
Class org.jetbrains.plugins.gradle.tooling.ModelBuilderService$Parameter              : loaded 4 times (x 70B)
Class io.opentelemetry.context.LazyStorage                                            : loaded 4 times (x 71B)
Class com.amazon.ion.IonClob                                                          : loaded 4 times (x 70B)
Class com.android.ide.gradle.model.dependencies.Coordinates                           : loaded 4 times (x 70B)
Class org.jetbrains.plugins.gradle.model.ExternalProject                              : loaded 4 times (x 70B)
Class io.opentelemetry.api.trace.DefaultTracerProvider                                : loaded 4 times (x 79B)
Class com.amazon.ion.impl.bin._Private_IonManagedBinaryWriterBuilder$AllocatorMode$2  : loaded 4 times (x 80B)
Class com.amazon.ion.impl._Private_IonTextWriterBuilder                               : loaded 4 times (x 102B)
Class com.amazon.ion.impl.lite.IonFloatLite                                           : loaded 4 times (x 187B)
Class com.amazon.ion.impl.lite.IonSequenceLite                                        : loaded 4 times (x 433B)
Class com.amazon.ion.impl._Private_Utils$1                                            : loaded 4 times (x 98B)
Class com.amazon.ion.impl.SymbolTableAsStruct                                         : loaded 4 times (x 70B)
Class io.opentelemetry.api.trace.TracerProvider                                       : loaded 4 times (x 70B)
Class com.google.common.base.CharMatcher$AnyOf                                        : loaded 4 times (x 113B)
Class com.android.ide.gradle.model.GradlePropertiesModel                              : loaded 4 times (x 70B)
Class gnu.trove.Equality                                                              : loaded 4 times (x 70B)
Class com.amazon.ion.IonReader                                                        : loaded 4 times (x 70B)
Class com.google.common.base.CharMatcher$NegatedFastMatcher                           : loaded 4 times (x 114B)
Class org.jetbrains.plugins.gradle.model.AnnotationProcessingConfig                   : loaded 4 times (x 70B)
Class com.amazon.ion.impl.IonWriterSystem                                             : loaded 4 times (x 171B)
Class com.amazon.ion.impl.bin.Symbols$2                                               : loaded 4 times (x 107B)
Class com.amazon.ion.impl.bin._Private_IonManagedWriter                               : loaded 4 times (x 70B)
Class com.amazon.ion.impl.bin.IonManagedBinaryWriter$ImportedSymbolResolverMode       : loaded 4 times (x 80B)
Class io.opentelemetry.api.trace.TraceState                                           : loaded 4 times (x 70B)
Class com.google.common.collect.Range                                                 : loaded 4 times (x 86B)
Class com.android.ide.gradle.model.dependencies.DeclaredDependencies                  : loaded 4 times (x 70B)
Class com.google.common.collect.AbstractRangeSet                                      : loaded 4 times (x 114B)
Class org.jetbrains.plugins.gradle.tooling.serialization.ProjectDependenciesSerializationService: loaded 4 times (x 77B)
Class com.amazon.ion.system.IonReaderBuilder                                          : loaded 4 times (x 95B)
Class org.jetbrains.plugins.gradle.tooling.serialization.ProjectDependenciesSerializationService$WriteContext: loaded 4 times (x 72B)
Class com.amazon.ion.impl.bin._Private_IonManagedBinaryWriterBuilder$AllocatorMode$1  : loaded 4 times (x 80B)
Class com.amazon.ion.Decimal                                                          : loaded 4 times (x 133B)
Class com.amazon.ion.impl.bin.AbstractSymbolTable                                     : loaded 4 times (x 107B)
Class com.amazon.ion.impl._Private_ReaderWriter                                       : loaded 4 times (x 70B)
Class org.gradle.api.GradleException                                                  : loaded 4 times (x 82B)
Class com.amazon.ion.impl.lite.IonContainerLite                                       : loaded 4 times (x 249B)
Class com.amazon.ion.IonBufferConfiguration$OversizedSymbolTableHandler               : loaded 4 times (x 70B)
Class com.amazon.ion.system.IonWriterBuilder                                          : loaded 4 times (x 74B)
Class org.jetbrains.plugins.gradle.tooling.serialization.ToolingStreamApiUtils        : loaded 4 times (x 71B)
Class com.amazon.ion.impl.lite.IonStructLite                                          : loaded 4 times (x 299B)
Class com.amazon.ion.facet.Faceted                                                    : loaded 4 times (x 70B)
Class com.intellij.gradle.toolingExtension.impl.util.collectionUtil.GradleCollections : loaded 4 times (x 71B)
Class com.google.common.collect.ImmutableList$Builder                                 : loaded 4 times (x 77B)
Class com.intellij.compose.ide.plugin.gradleTooling.rt.ComposeResourcesModel          : loaded 4 times (x 70B)
Class org.jetbrains.kotlin.idea.gradleTooling.KotlinGradlePluginVersion               : loaded 4 times (x 70B)
Class com.google.common.collect.ImmutableRangeSet$1                                   : loaded 4 times (x 210B)
Class com.google.common.collect.RegularImmutableAsList                                : loaded 4 times (x 217B)
Class org.jetbrains.plugins.gradle.tooling.util.ObjectCollector$Processor             : loaded 4 times (x 70B)
Class gnu.trove.TObjectHash                                                           : loaded 4 times (x 94B)
Class org.jetbrains.plugins.gradle.tooling.serialization.AnnotationProcessingModelSerializationService$WriteContext: loaded 4 times (x 72B)
Class io.opentelemetry.api.trace.DefaultTracer$NoopSpanBuilder                        : loaded 4 times (x 91B)
Class io.opentelemetry.api.trace.AutoValue_ArrayBasedTraceState                       : loaded 4 times (x 87B)
Class com.amazon.ion.impl.bin.AbstractIonWriter                                       : loaded 4 times (x 160B)
Class com.amazon.ion.impl.bin.utf8.Poolable                                           : loaded 4 times (x 79B)
Class com.amazon.ion.IonSymbol                                                        : loaded 4 times (x 70B)
Class io.opentelemetry.api.trace.SpanContext                                          : loaded 4 times (x 70B)
Class com.google.common.collect.ImmutableSet$CachingAsList                            : loaded 4 times (x 148B)
Class com.google.gson.internal.sql.SqlTimeTypeAdapter$1                               : loaded 3 times (x 75B)
Class com.google.gson.internal.bind.MapTypeAdapterFactory$Adapter                     : loaded 3 times (x 74B)
Class com.google.gson.FieldNamingPolicy$2                                             : loaded 3 times (x 85B)
Class com.google.gson.internal.bind.TypeAdapters$22                                   : loaded 3 times (x 75B)
Class org.gradle.tooling.internal.adapter.WeakIdentityHashMap$AbsentValueProvider     : loaded 3 times (x 70B)
Class kotlin.collections.MapsKt___MapsJvmKt                                           : loaded 3 times (x 71B)
Class kotlin.io.TerminateException                                                    : loaded 3 times (x 82B)
Class kotlin.io.FilesKt__FilePathComponentsKt                                         : loaded 3 times (x 71B)
Class com.android.builder.model.v2.ide.CodeShrinker                                   : loaded 3 times (x 79B)
Class kotlin.jvm.functions.Function4                                                  : loaded 3 times (x 70B)
Class kotlin.collections.EmptySet                                                     : loaded 3 times (x 122B)
Class kotlin.reflect.KCallable                                                        : loaded 3 times (x 70B)
Class kotlin.annotation.Target                                                        : loaded 3 times (x 70B)
Class kotlin.collections.CollectionsKt__MutableCollectionsKt                          : loaded 3 times (x 71B)
Class com.android.builder.model.v2.ide.BytecodeTransformation                         : loaded 3 times (x 79B)
Class kotlin.collections.CollectionsKt___CollectionsKt                                : loaded 3 times (x 71B)
Class org.gradle.internal.exceptions.NonGradleCauseExceptionsHolder                   : loaded 3 times (x 70B)
Class org.gradle.tooling.model.idea.IdeaModuleDependency                              : loaded 3 times (x 70B)
Class org.gradle.tooling.internal.adapter.ViewBuilder                                 : loaded 3 times (x 70B)
Class com.google.gson.internal.bind.TypeAdapters$23                                   : loaded 3 times (x 75B)
Class com.google.gson.FieldNamingPolicy$3                                             : loaded 3 times (x 85B)
Class org.gradle.tooling.model.UnsupportedMethodException                             : loaded 3 times (x 82B)
Class org.gradle.tooling.internal.adapter.ProtocolToModelAdapter$SupportedPropertyInvoker: loaded 3 times (x 76B)
Class kotlin.Pair                                                                     : loaded 3 times (x 72B)
Class kotlin.text.CharsKt                                                             : loaded 3 times (x 71B)
Class kotlin.sequences.TransformingSequence$iterator$1                                : loaded 3 times (x 79B)
Class com.google.gson.internal.bind.TypeAdapterRuntimeTypeWrapper                     : loaded 3 times (x 74B)
Class org.gradle.tooling.model.kotlin.dsl.KotlinDslScriptModel                        : loaded 3 times (x 70B)
Class org.gradle.tooling.internal.adapter.CollectionMapper                            : loaded 3 times (x 73B)
Class com.android.ide.common.gradle.Version                                           : loaded 3 times (x 75B)
Class com.android.builder.model.v2.ide.AndroidLibraryData                             : loaded 3 times (x 70B)
Class kotlin.text.StringsKt___StringsJvmKt                                            : loaded 3 times (x 71B)
Class com.android.builder.model.v2.ide.ApiVersion                                     : loaded 3 times (x 70B)
Class org.jetbrains.kotlin.tooling.core.KotlinToolingVersion                          : loaded 3 times (x 75B)
Class com.google.gson.FieldNamingPolicy$1                                             : loaded 3 times (x 85B)
Class com.google.gson.internal.bind.DefaultDateTypeAdapter$DateType                   : loaded 3 times (x 73B)
Class kotlin.reflect.KDeclarationContainer                                            : loaded 3 times (x 70B)
Class kotlin.Result                                                                   : loaded 3 times (x 72B)
Class kotlin.annotation.Retention                                                     : loaded 3 times (x 70B)
Class com.google.gson.internal.bind.TypeAdapters$24                                   : loaded 3 times (x 75B)
Class com.google.gson.FieldNamingPolicy$4                                             : loaded 3 times (x 85B)
Class [Lcom.android.builder.model.v2.ide.LibraryType;                                 : loaded 3 times (x 69B)
Class com.android.builder.model.v2.ide.LibraryType                                    : loaded 3 times (x 79B)
Class com.google.gson.internal.bind.TypeAdapters$21                                   : loaded 3 times (x 75B)
Class com.google.common.collect.ExplicitOrdering                                      : loaded 3 times (x 115B)
Class com.android.builder.model.v2.ide.TestInfo$Execution                             : loaded 3 times (x 79B)
Class kotlin.jvm.functions.Function2                                                  : loaded 3 times (x 70B)
Class kotlin.io.FilesKt                                                               : loaded 3 times (x 71B)
Class kotlin.KotlinNothingValueException                                              : loaded 3 times (x 82B)
Class com.android.builder.model.v2.models.ndk.NativeModelBuilderParameter             : loaded 3 times (x 70B)
Class com.google.gson.internal.bind.ReflectiveTypeAdapterFactory$1                    : loaded 3 times (x 74B)
Class com.android.builder.model.v2.models.Versions$Version                            : loaded 3 times (x 70B)
Class kotlin.collections.MapsKt___MapsKt                                              : loaded 3 times (x 71B)
Class com.google.gson.stream.JsonWriter                                               : loaded 3 times (x 98B)
Class com.google.gson.internal.Primitives                                             : loaded 3 times (x 71B)
Class kotlin.collections.ArraysKt___ArraysKt                                          : loaded 3 times (x 71B)
Class com.google.gson.internal.bind.TypeAdapters$25                                   : loaded 3 times (x 75B)
Class com.google.gson.FieldNamingPolicy$5                                             : loaded 3 times (x 85B)
Class kotlin.collections.CollectionsKt__IteratorsJVMKt                                : loaded 3 times (x 71B)
Class kotlin.collections.MapsKt__MapWithDefaultKt                                     : loaded 3 times (x 71B)
Class org.gradle.tooling.internal.adapter.ProtocolToModelAdapter$ReflectionMethodInvoker: loaded 3 times (x 76B)
Class org.gradle.tooling.internal.adapter.ProtocolToModelAdapter                      : loaded 3 times (x 80B)
Class com.google.gson.internal.bind.TypeAdapters$20                                   : loaded 3 times (x 75B)
Class kotlin.jvm.functions.Function1                                                  : loaded 3 times (x 70B)
Class com.google.gson.internal.bind.ReflectiveTypeAdapterFactory$2                    : loaded 3 times (x 79B)
Class kotlin.comparisons.ComparisonsKt___ComparisonsJvmKt                             : loaded 3 times (x 71B)
Class com.google.gson.internal.bind.ArrayTypeAdapter                                  : loaded 3 times (x 74B)
Class com.google.gson.internal.bind.TypeAdapters$26                                   : loaded 3 times (x 75B)
Class com.android.ide.common.gradle.Separator                                         : loaded 3 times (x 79B)
Class com.android.builder.model.v2.ide.AndroidGradlePluginProjectFlags$BooleanFlag    : loaded 3 times (x 79B)
Class kotlin.collections.MapsKt__MapsJVMKt                                            : loaded 3 times (x 71B)
Class kotlin.collections.EmptyList                                                    : loaded 3 times (x 174B)
Class kotlin.collections.AbstractMutableList                                          : loaded 3 times (x 206B)
Class org.gradle.internal.time.DefaultTimer                                           : loaded 3 times (x 80B)
Class com.android.builder.model.v2.ide.AaptOptions                                    : loaded 3 times (x 70B)
Class [Lcom.android.builder.model.v2.ide.BytecodeTransformation;                      : loaded 3 times (x 69B)
Class com.android.ide.common.gradle.Version$Companion                                 : loaded 3 times (x 71B)
Class com.google.gson.FieldNamingPolicy$6                                             : loaded 3 times (x 85B)
Class com.google.gson.GsonBuilder                                                     : loaded 3 times (x 72B)
Class com.google.gson.internal.sql.SqlTimeTypeAdapter                                 : loaded 3 times (x 74B)
Class com.google.gson.ToNumberStrategy                                                : loaded 3 times (x 70B)
Class com.google.gson.TypeAdapter                                                     : loaded 3 times (x 73B)
Class com.google.gson.internal.bind.DefaultDateTypeAdapter                            : loaded 3 times (x 74B)
Class [Lcom.android.ide.common.gradle.Separator;                                      : loaded 3 times (x 69B)
Class kotlin.text.StringsKt___StringsKt                                               : loaded 3 times (x 71B)
Class com.google.common.collect.NullsLastOrdering                                     : loaded 3 times (x 115B)
Class com.google.gson.internal.bind.TreeTypeAdapter                                   : loaded 3 times (x 75B)
Class org.gradle.tooling.model.idea.IdeaDependency                                    : loaded 3 times (x 70B)
Class kotlin.collections.CollectionsKt__MutableCollectionsJVMKt                       : loaded 3 times (x 71B)
Class kotlin.enums.EnumEntriesList                                                    : loaded 3 times (x 223B)
Class kotlin.collections.ArraysUtilJVM                                                : loaded 3 times (x 71B)
Class kotlin.jvm.functions.Function0                                                  : loaded 3 times (x 70B)
Class kotlin.sequences.FlatteningSequence$iterator$1                                  : loaded 3 times (x 79B)
Class com.android.ide.common.repository.AgpVersion$Companion                          : loaded 3 times (x 71B)
Class kotlin.enums.EnumEntriesKt                                                      : loaded 3 times (x 71B)
Class org.gradle.tooling.internal.adapter.ProtocolToModelAdapter$ViewKey              : loaded 3 times (x 72B)
Class kotlin.jvm.internal.FunctionBase                                                : loaded 3 times (x 70B)
Class [Lkotlin.coroutines.intrinsics.CoroutineSingletons;                             : loaded 3 times (x 69B)
Class org.jetbrains.kotlin.tooling.core.HasMutableExtras                              : loaded 3 times (x 70B)
Class org.gradle.tooling.internal.adapter.ProtocolToModelAdapter$ViewGraphDetails$1   : loaded 3 times (x 77B)
Class kotlin.ranges.RangesKt                                                          : loaded 3 times (x 71B)
Class [Lcom.android.builder.model.v2.ide.AaptOptions$Namespacing;                     : loaded 3 times (x 69B)
Class com.android.ide.common.gradle.Version$Companion$ParseState                      : loaded 3 times (x 70B)
Class kotlin.jvm.internal.FunctionReference                                           : loaded 3 times (x 126B)
Class com.google.gson.internal.reflect.ReflectionHelper                               : loaded 3 times (x 71B)
Class com.google.gson.internal.bind.TypeAdapters$27                                   : loaded 3 times (x 75B)
Class com.google.gson.internal.bind.CollectionTypeAdapterFactory                      : loaded 3 times (x 75B)
Class org.gradle.tooling.internal.adapter.ProtocolToModelAdapter$DefaultViewBuilder   : loaded 3 times (x 80B)
Class kotlin.sequences.SequencesKt___SequencesJvmKt                                   : loaded 3 times (x 71B)
Class com.google.gson.FieldNamingPolicy$7                                             : loaded 3 times (x 85B)
Class com.android.builder.model.v2.models.VariantDependencies                         : loaded 3 times (x 70B)
Class [Lcom.google.gson.LongSerializationPolicy;                                      : loaded 3 times (x 69B)
Class com.android.builder.model.v2.CustomSourceDirectory                              : loaded 3 times (x 70B)
Class com.google.common.collect.NullsFirstOrdering                                    : loaded 3 times (x 115B)
Class com.android.ide.common.repository.AgpVersion                                    : loaded 3 times (x 75B)
Class kotlin.Unit                                                                     : loaded 3 times (x 71B)
Class kotlin.jvm.internal.markers.KMutableIterable                                    : loaded 3 times (x 70B)
Class kotlin.ResultKt                                                                 : loaded 3 times (x 71B)
Class kotlin.TuplesKt                                                                 : loaded 3 times (x 71B)
Class org.gradle.tooling.internal.adapter.ProtocolToModelAdapter$PropertyCachingMethodInvoker: loaded 3 times (x 76B)
Class [Lcom.android.builder.model.v2.ide.ProjectType;                                 : loaded 3 times (x 69B)
Class kotlin.ranges.IntRange$Companion                                                : loaded 3 times (x 71B)
Class com.android.builder.model.v2.ide.TestedTargetVariant                            : loaded 3 times (x 70B)
Class kotlin.text.MatcherMatchResult$groups$1                                         : loaded 3 times (x 151B)
Class com.google.gson.JsonElement                                                     : loaded 3 times (x 92B)
Class kotlin.collections.EmptyMap                                                     : loaded 3 times (x 108B)
Class kotlin.text.Regex$Companion                                                     : loaded 3 times (x 71B)
Class kotlin.reflect.KAnnotatedElement                                                : loaded 3 times (x 70B)
Class kotlin.jvm.internal.markers.KMutableCollection                                  : loaded 3 times (x 70B)
Class kotlin.coroutines.intrinsics.IntrinsicsKt                                       : loaded 3 times (x 71B)
Class com.google.gson.LongSerializationPolicy                                         : loaded 3 times (x 80B)
Class org.gradle.internal.exceptions.MultiCauseException                              : loaded 3 times (x 70B)
Class org.gradle.internal.time.CountdownTimer                                         : loaded 3 times (x 70B)
Class kotlin.jvm.internal.Intrinsics                                                  : loaded 3 times (x 71B)
Class com.google.gson.internal.bind.MapTypeAdapterFactory                             : loaded 3 times (x 75B)
Class [Lcom.google.gson.ReflectionAccessFilter$FilterResult;                          : loaded 3 times (x 69B)
Class com.google.gson.internal.bind.TypeAdapters$29                                   : loaded 3 times (x 76B)
Class kotlin.collections.CollectionsKt___CollectionsJvmKt                             : loaded 3 times (x 71B)
Class com.android.builder.model.v2.models.ProjectSyncIssues                           : loaded 3 times (x 70B)
Class kotlin.collections.ArraysKt__ArraysKt                                           : loaded 3 times (x 71B)
Class kotlin.Result$Failure                                                           : loaded 3 times (x 72B)
Class org.gradle.internal.time.DefaultCountdownTimer                                  : loaded 3 times (x 88B)
Class kotlin.jvm.internal.FunctionReferenceImpl                                       : loaded 3 times (x 126B)
Class com.google.gson.JsonNull                                                        : loaded 3 times (x 92B)
Class kotlin.collections.MapsKt                                                       : loaded 3 times (x 71B)
Class com.google.gson.JsonPrimitive                                                   : loaded 3 times (x 93B)
Class com.google.gson.internal.sql.SqlTimestampTypeAdapter$1                          : loaded 3 times (x 75B)
Class kotlin.coroutines.intrinsics.CoroutineSingletons                                : loaded 3 times (x 79B)
Class com.google.gson.internal.ObjectConstructor                                      : loaded 3 times (x 70B)
Class kotlin.collections.CollectionsKt__CollectionsKt                                 : loaded 3 times (x 71B)
Class kotlin.collections.ArraysKt___ArraysJvmKt                                       : loaded 3 times (x 71B)
Class com.google.common.collect.AllEqualOrdering                                      : loaded 3 times (x 114B)
Class com.google.common.collect.ComparisonChain$1                                     : loaded 3 times (x 81B)
Class com.android.builder.model.v2.ide.AbstractArtifact                               : loaded 3 times (x 70B)
Class kotlin.text.StringsKt__RegexExtensionsJVMKt                                     : loaded 3 times (x 71B)
Class kotlin.collections.CollectionsKt__IterablesKt                                   : loaded 3 times (x 71B)
Class [Lcom.google.gson.Strictness;                                                   : loaded 3 times (x 69B)
Class com.google.gson.reflect.TypeToken                                               : loaded 3 times (x 75B)
Class kotlin.collections.SetsKt__SetsJVMKt                                            : loaded 3 times (x 71B)
Class kotlin.Function                                                                 : loaded 3 times (x 70B)
Class org.gradle.tooling.internal.adapter.ProtocolToModelAdapter$AdaptingMethodInvoker: loaded 3 times (x 76B)
Class org.gradle.tooling.internal.gradle.DefaultBuildIdentifier                       : loaded 3 times (x 79B)
Class org.gradle.util.internal.DefaultGradleVersion                                   : loaded 3 times (x 82B)
Class kotlin.Result$Companion                                                         : loaded 3 times (x 71B)
Class kotlin.coroutines.jvm.internal.BaseContinuationImpl                             : loaded 3 times (x 87B)
Class com.android.builder.model.v2.ide.SourceProvider                                 : loaded 3 times (x 70B)
Class com.android.builder.model.v2.ide.BundleInfo                                     : loaded 3 times (x 70B)
Class kotlin.comparisons.ComparisonsKt___ComparisonsKt                                : loaded 3 times (x 71B)
Class org.gradle.tooling.model.ProjectModel                                           : loaded 3 times (x 70B)
Class com.android.ide.common.gradle.Version$Companion$ParseState$EMPTY                : loaded 3 times (x 74B)
Class kotlin.ranges.OpenEndRange                                                      : loaded 3 times (x 70B)
Class kotlin.comparisons.ComparisonsKt                                                : loaded 3 times (x 71B)
Class kotlin.text.CharsKt__CharJVMKt                                                  : loaded 3 times (x 71B)
Class kotlin.sequences.FilteringSequence                                              : loaded 3 times (x 75B)
Class kotlin.sequences.SequenceBuilderIterator                                        : loaded 3 times (x 85B)
Class kotlin.KotlinNullPointerException                                               : loaded 3 times (x 83B)
Class kotlin.io.FileAlreadyExistsException                                            : loaded 3 times (x 82B)
Class kotlin.internal.ProgressionUtilKt                                               : loaded 3 times (x 71B)
Class com.google.gson.internal.bind.DefaultDateTypeAdapter$DateType$1                 : loaded 3 times (x 73B)
Class kotlin.coroutines.Continuation                                                  : loaded 3 times (x 70B)
Class kotlin.sequences.SequencesKt__SequencesKt                                       : loaded 3 times (x 71B)
Class kotlin.collections.SetsKt___SetsKt                                              : loaded 3 times (x 71B)
Class kotlin.ranges.RangesKt__RangesKt                                                : loaded 3 times (x 71B)
Class com.android.builder.model.v2.ide.BasicVariant                                   : loaded 3 times (x 70B)
Class com.android.builder.model.v2.ide.AndroidGradlePluginProjectFlags                : loaded 3 times (x 70B)
Class org.gradle.tooling.model.Dependency                                             : loaded 3 times (x 70B)
Class org.gradle.api.JavaVersion                                                      : loaded 3 times (x 79B)
Class com.android.ide.common.repository.AgpVersion$Companion$WhenMappings             : loaded 3 times (x 71B)
Class [Lcom.android.builder.model.v2.ide.AndroidGradlePluginProjectFlags$BooleanFlag; : loaded 3 times (x 69B)
Class kotlin.comparisons.ComparisonsKt__ComparisonsKt                                 : loaded 3 times (x 71B)
Class kotlin.ranges.RangesKt___RangesKt                                               : loaded 3 times (x 71B)
Class org.gradle.tooling.model.idea.IdeaLanguageLevel                                 : loaded 3 times (x 70B)
Class org.gradle.tooling.internal.adapter.ProtocolToModelAdapter$SafeMethodInvoker    : loaded 3 times (x 76B)
Class com.google.gson.LongSerializationPolicy$2                                       : loaded 3 times (x 80B)
Class org.gradle.tooling.model.internal.ImmutableDomainObjectSet                      : loaded 3 times (x 155B)
Class org.gradle.tooling.internal.adapter.WeakIdentityHashMap$WeakKey                 : loaded 3 times (x 79B)
Class com.google.gson.LongSerializationPolicy$1                                       : loaded 3 times (x 80B)
Class org.jetbrains.kotlin.tooling.core.Extras                                        : loaded 3 times (x 70B)
Class kotlin.Triple                                                                   : loaded 3 times (x 72B)
Class kotlin.sequences.SequencesKt__SequenceBuilderKt$sequence$$inlined$Sequence$1    : loaded 3 times (x 75B)
Class kotlin.text.Regex                                                               : loaded 3 times (x 72B)
Class org.gradle.internal.exceptions.DefaultMultiCauseException                       : loaded 3 times (x 95B)
Class kotlin.text.StringsKt__StringBuilderJVMKt                                       : loaded 3 times (x 71B)
Class com.google.gson.internal.LazilyParsedNumber                                     : loaded 3 times (x 78B)
Class com.android.builder.model.v2.ide.ProjectInfo                                    : loaded 3 times (x 70B)
Class kotlin.text.CharsKt__CharKt                                                     : loaded 3 times (x 71B)
Class kotlin.collections.ArrayDeque$Companion                                         : loaded 3 times (x 71B)
Class [Lcom.google.gson.ToNumberPolicy;                                               : loaded 3 times (x 69B)
Class com.google.gson.ToNumberPolicy                                                  : loaded 3 times (x 83B)
Class kotlin.collections.ArraysKt                                                     : loaded 3 times (x 71B)
Class org.gradle.tooling.model.HierarchicalElement                                    : loaded 3 times (x 70B)
Class com.google.gson.stream.JsonReader                                               : loaded 3 times (x 97B)
Class kotlin.collections.CollectionsKt___CollectionsKt$asSequence$$inlined$Sequence$1 : loaded 3 times (x 75B)
Class com.android.builder.model.v2.dsl.DependenciesInfo                               : loaded 3 times (x 70B)
Class com.google.common.collect.ByFunctionOrdering                                    : loaded 3 times (x 115B)
Class org.gradle.tooling.internal.gradle.GradleProjectIdentity                        : loaded 3 times (x 70B)
Class kotlin.collections.AbstractCollection                                           : loaded 3 times (x 117B)
Class kotlin.collections.AbstractList                                                 : loaded 3 times (x 197B)
Class org.gradle.tooling.model.Element                                                : loaded 3 times (x 70B)
Class org.gradle.tooling.internal.adapter.ProtocolToModelAdapter$NoOpDecoration       : loaded 3 times (x 79B)
Class kotlin.collections.SetsKt__SetsKt                                               : loaded 3 times (x 71B)
Class kotlin.coroutines.EmptyCoroutineContext                                         : loaded 3 times (x 77B)
Class org.gradle.internal.time.Time                                                   : loaded 3 times (x 71B)
Class com.google.gson.internal.reflect.ReflectionHelper$RecordSupportedHelper         : loaded 3 times (x 78B)
Class org.gradle.tooling.internal.adapter.TypeInspector                               : loaded 3 times (x 73B)
Class kotlin.coroutines.jvm.internal.RestrictedSuspendLambda                          : loaded 3 times (x 91B)
Class kotlin.sequences.SequencesKt__SequencesJVMKt                                    : loaded 3 times (x 71B)
Class com.google.common.collect.CompoundOrdering                                      : loaded 3 times (x 115B)
Class kotlin.ranges.ClosedRange                                                       : loaded 3 times (x 70B)
Class com.android.builder.model.v2.ide.JavaArtifact                                   : loaded 3 times (x 70B)
Class com.android.builder.model.v2.dsl.ProductFlavor                                  : loaded 3 times (x 70B)
Class kotlin.io.FilePathComponents                                                    : loaded 3 times (x 72B)
Class [Lcom.android.builder.model.v2.ide.TestInfo$Execution;                          : loaded 3 times (x 69B)
Class org.gradle.tooling.ToolingModelContract                                         : loaded 3 times (x 70B)
Class kotlin.sequences.Sequence                                                       : loaded 3 times (x 70B)
Class kotlin.sequences.SequenceScope                                                  : loaded 3 times (x 73B)
Class com.google.gson.JsonIOException                                                 : loaded 3 times (x 82B)
Class com.google.gson.internal.reflect.ReflectionHelper$RecordNotSupportedHelper      : loaded 3 times (x 78B)
Class org.gradle.internal.time.Clock                                                  : loaded 3 times (x 70B)
Class kotlin.collections.EmptyIterator                                                : loaded 3 times (x 89B)
Class com.android.builder.model.v2.models.BasicAndroidProject                         : loaded 3 times (x 70B)
Class kotlin.text.StringsKt__RegexExtensionsKt                                        : loaded 3 times (x 71B)
Class kotlin.text.MatchResult                                                         : loaded 3 times (x 70B)
Class com.google.common.collect.NaturalOrdering                                       : loaded 3 times (x 115B)
Class kotlin.text.StringsKt__StringNumberConversionsJVMKt                             : loaded 3 times (x 71B)
Class com.android.ide.common.gradle.Version$Companion$ParseState$NUMERIC              : loaded 3 times (x 74B)
Class com.android.ide.common.repository.AgpVersion$PreviewKind                        : loaded 3 times (x 79B)
Class com.android.builder.model.v2.models.ProjectGraph                                : loaded 3 times (x 70B)
Class kotlin.collections.ArraysKt__ArraysJVMKt                                        : loaded 3 times (x 71B)
Class com.google.gson.internal.bind.JsonAdapterAnnotationTypeAdapterFactory           : loaded 3 times (x 75B)
Class kotlin.text.StringsKt__StringsJVMKt                                             : loaded 3 times (x 71B)
Class kotlin.collections.IntIterator                                                  : loaded 3 times (x 82B)
Class com.google.gson.FieldNamingStrategy                                             : loaded 3 times (x 70B)
Class com.google.gson.JsonArray                                                       : loaded 3 times (x 100B)
Class kotlin.text.StringsKt__StringBuilderKt                                          : loaded 3 times (x 71B)
Class com.google.gson.internal.bind.ReflectiveTypeAdapterFactory$RecordAdapter        : loaded 3 times (x 77B)
Class kotlin.jvm.internal.CallableReference$NoReceiver                                : loaded 3 times (x 71B)
Class com.google.gson.internal.bind.NumberTypeAdapter                                 : loaded 3 times (x 74B)
Class com.google.common.collect.ComparatorOrdering                                    : loaded 3 times (x 115B)
Class com.google.gson.internal.bind.ArrayTypeAdapter$1                                : loaded 3 times (x 75B)
Class com.google.gson.internal.bind.JsonTreeWriter                                    : loaded 3 times (x 98B)
Class com.android.ide.common.gradle.Numeric                                           : loaded 3 times (x 77B)
Class org.gradle.tooling.model.BuildIdentifier                                        : loaded 3 times (x 70B)
Class com.google.gson.FieldNamingPolicy                                               : loaded 3 times (x 85B)
Class com.google.gson.FormattingStyle                                                 : loaded 3 times (x 78B)
Class com.google.gson.internal.bind.TypeAdapters                                      : loaded 3 times (x 71B)
Class kotlin.NoWhenBranchMatchedException                                             : loaded 3 times (x 82B)
Class com.google.gson.internal.sql.SqlDateTypeAdapter                                 : loaded 3 times (x 74B)
Class kotlin.text.StringsKt__IndentKt                                                 : loaded 3 times (x 71B)
Class com.android.builder.model.v2.dsl.SigningConfig                                  : loaded 3 times (x 70B)
Class kotlin.jvm.internal.DefaultConstructorMarker                                    : loaded 3 times (x 71B)
Class com.google.gson.ToNumberPolicy$1                                                : loaded 3 times (x 83B)
Class com.android.builder.model.v2.models.AndroidProject                              : loaded 3 times (x 70B)
Class com.android.builder.model.v2.AndroidModel                                       : loaded 3 times (x 70B)
Class org.gradle.internal.time.TimeSource$1                                           : loaded 3 times (x 77B)
Class kotlin.collections.SetsKt                                                       : loaded 3 times (x 71B)
Class com.android.builder.model.v2.dsl.BaseConfig                                     : loaded 3 times (x 70B)
Class [Lcom.google.gson.FieldNamingStrategy;                                          : loaded 3 times (x 69B)
Class com.google.gson.internal.Excluder                                               : loaded 3 times (x 75B)
Class org.gradle.tooling.internal.gradle.DefaultProjectIdentifier                     : loaded 3 times (x 86B)
Class com.android.builder.model.v2.ide.VectorDrawablesOptions                         : loaded 3 times (x 70B)
Class com.android.builder.model.v2.models.AndroidDsl                                  : loaded 3 times (x 70B)
Class kotlin.text.StringsKt__AppendableKt                                             : loaded 3 times (x 71B)
Class org.jetbrains.kotlin.tooling.core.HasExtras                                     : loaded 3 times (x 70B)
Class com.google.common.collect.ComparisonChain                                       : loaded 3 times (x 80B)
Class com.android.builder.model.v2.ide.ProjectType                                    : loaded 3 times (x 79B)
Class com.google.gson.internal.ReflectionAccessFilterHelper                           : loaded 3 times (x 71B)
Class kotlin.io.FileSystemException                                                   : loaded 3 times (x 82B)
Class com.google.gson.internal.reflect.ReflectionHelper$RecordHelper                  : loaded 3 times (x 75B)
Class com.android.builder.model.v2.ide.ComponentInfo                                  : loaded 3 times (x 70B)
Class com.google.gson.ToNumberPolicy$2                                                : loaded 3 times (x 83B)
Class org.gradle.tooling.model.ProjectIdentifier                                      : loaded 3 times (x 70B)
Class org.gradle.tooling.model.idea.IdeaCompilerOutput                                : loaded 3 times (x 70B)
Class kotlin.text.MatchResult$DefaultImpls                                            : loaded 3 times (x 71B)
Class com.android.builder.model.v2.ide.Edge                                           : loaded 3 times (x 70B)
Class kotlin.reflect.KFunction                                                        : loaded 3 times (x 70B)
Class kotlin.collections.ArrayDeque                                                   : loaded 3 times (x 207B)
Class com.google.common.collect.ReverseOrdering                                       : loaded 3 times (x 115B)
Class com.android.builder.model.v2.models.VariantDependenciesFlatList                 : loaded 3 times (x 70B)
Class org.gradle.internal.exceptions.ResolutionProvider                               : loaded 3 times (x 70B)
Class org.gradle.tooling.internal.adapter.ProtocolToModelAdapter$MixInMappingAction   : loaded 3 times (x 80B)
Class org.gradle.tooling.model.build.JavaEnvironment                                  : loaded 3 times (x 70B)
Class com.android.builder.model.v2.ide.JavaCompileOptions                             : loaded 3 times (x 70B)
Class com.google.gson.internal.bind.ReflectiveTypeAdapterFactory$FieldsData           : loaded 3 times (x 72B)
Class kotlin.sequences.SequencesKt___SequencesKt$flatMap$2                            : loaded 3 times (x 129B)
Class [Lcom.android.ide.common.repository.AgpVersion$PreviewKind;                     : loaded 3 times (x 69B)
Class com.google.common.collect.Ordering                                              : loaded 3 times (x 114B)
Class com.google.gson.ToNumberPolicy$3                                                : loaded 3 times (x 83B)
Class com.android.builder.model.v2.ide.SourceSetContainer                             : loaded 3 times (x 70B)
Class com.google.gson.internal.bind.ObjectTypeAdapter                                 : loaded 3 times (x 74B)
Class org.gradle.internal.time.Timer                                                  : loaded 3 times (x 70B)
Class kotlin.jvm.internal.markers.KMappedMarker                                       : loaded 3 times (x 70B)
Class com.google.gson.JsonParseException                                              : loaded 3 times (x 82B)
Class kotlin.enums.EnumEntries                                                        : loaded 3 times (x 70B)
Class kotlin.collections.MapsKt__MapsKt                                               : loaded 3 times (x 71B)
Class org.gradle.tooling.internal.gradle.GradleBuildIdentity                          : loaded 3 times (x 70B)
Class com.google.gson.ToNumberPolicy$4                                                : loaded 3 times (x 83B)
Class com.android.builder.model.v2.ide.TestInfo                                       : loaded 3 times (x 70B)
Class kotlin.collections.AbstractList$Companion                                       : loaded 3 times (x 71B)
Class kotlin.sequences.SequencesKt___SequencesKt                                      : loaded 3 times (x 71B)
Class com.google.gson.internal.bind.ReflectiveTypeAdapterFactory                      : loaded 3 times (x 75B)
Class com.google.gson.internal.sql.SqlTimestampTypeAdapter                            : loaded 3 times (x 76B)
Class kotlin.text.MatcherMatchResult$groupValues$1                                    : loaded 3 times (x 198B)
Class com.google.common.collect.ReverseNaturalOrdering                                : loaded 3 times (x 114B)
Class com.android.builder.model.v2.ide.LintOptions                                    : loaded 3 times (x 70B)
Class org.gradle.tooling.internal.adapter.ProtocolToModelAdapter$ViewGraphDetails     : loaded 3 times (x 72B)
Class com.google.gson.internal.bind.TypeAdapters$9                                    : loaded 3 times (x 75B)
Class org.gradle.tooling.model.idea.IdeaProject                                       : loaded 3 times (x 70B)
Class org.gradle.tooling.model.kotlin.dsl.KotlinDslScriptsModel                       : loaded 3 times (x 70B)
Class org.gradle.internal.time.TimeSource                                             : loaded 3 times (x 70B)
Class org.gradle.tooling.model.idea.IdeaDependencyScope                               : loaded 3 times (x 70B)
Class com.android.builder.model.v2.ide.Variant                                        : loaded 3 times (x 70B)
Class kotlin.ranges.IntRange                                                          : loaded 3 times (x 93B)
Class [Lorg.gradle.api.JavaVersion;                                                   : loaded 3 times (x 69B)
Class com.google.gson.internal.bind.TypeAdapters$32                                   : loaded 3 times (x 76B)
Class org.gradle.tooling.model.Model                                                  : loaded 3 times (x 70B)
Class org.gradle.tooling.model.DomainObjectSet                                        : loaded 3 times (x 70B)
Class com.google.gson.internal.sql.SqlTypesSupport                                    : loaded 3 times (x 71B)
Class com.google.gson.Gson                                                            : loaded 3 times (x 72B)
Class com.google.gson.internal.sql.SqlDateTypeAdapter$1                               : loaded 3 times (x 75B)
Class com.android.builder.model.v2.ide.BasicArtifact                                  : loaded 3 times (x 70B)
Class com.google.common.collect.ComparisonChain$InactiveComparisonChain               : loaded 3 times (x 80B)
Class com.google.gson.internal.bind.TypeAdapters$8                                    : loaded 3 times (x 75B)
Class com.google.gson.internal.bind.CollectionTypeAdapterFactory$Adapter              : loaded 3 times (x 74B)
Class kotlin.coroutines.jvm.internal.SuspendFunction                                  : loaded 3 times (x 70B)
Class kotlin.text.MatchResult$Destructured                                            : loaded 3 times (x 72B)
Class kotlin.jvm.internal.CallableReference                                           : loaded 3 times (x 110B)
Class kotlin.Metadata                                                                 : loaded 3 times (x 70B)
Class kotlin.UninitializedPropertyAccessException                                     : loaded 3 times (x 82B)
Class kotlin.collections.AbstractList$SubList                                         : loaded 3 times (x 198B)
Class org.gradle.util.GradleVersion                                                   : loaded 3 times (x 81B)
Class com.google.gson.JsonSyntaxException                                             : loaded 3 times (x 82B)
Class com.google.gson.internal.bind.TypeAdapters$31                                   : loaded 3 times (x 76B)
Class com.google.gson.internal.bind.JsonAdapterAnnotationTypeAdapterFactory$DummyTypeAdapterFactory: loaded 3 times (x 75B)
Class com.google.gson.internal.bind.TypeAdapters$7                                    : loaded 3 times (x 75B)
Class com.google.gson.annotations.SerializedName                                      : loaded 3 times (x 70B)
Class org.gradle.tooling.model.gradle.GradleScript                                    : loaded 3 times (x 70B)
Class com.google.gson.Gson$1                                                          : loaded 3 times (x 76B)
Class org.gradle.internal.operations.MultipleBuildOperationFailures                   : loaded 3 times (x 95B)
Class com.android.builder.model.v2.ide.LibraryInfo                                    : loaded 3 times (x 70B)
Class org.gradle.tooling.internal.adapter.MethodInvocation                            : loaded 3 times (x 85B)
Class kotlin.sequences.TransformingSequence                                           : loaded 3 times (x 75B)
Class com.android.builder.model.v2.ide.Library                                        : loaded 3 times (x 70B)
Class com.android.builder.model.v2.ide.ArtifactDependenciesAdjacencyList              : loaded 3 times (x 70B)
Class kotlin.jvm.internal.Ref$BooleanRef                                              : loaded 3 times (x 71B)
Class com.android.utils.FileUtils                                                     : loaded 3 times (x 71B)
Class com.android.builder.model.v2.ide.AaptOptions$Namespacing                        : loaded 3 times (x 79B)
Class com.android.builder.model.v2.models.Versions                                    : loaded 3 times (x 70B)
Class kotlin.jvm.internal.StringCompanionObject                                       : loaded 3 times (x 71B)
Class com.google.gson.internal.bind.TypeAdapters$6                                    : loaded 3 times (x 75B)
Class org.gradle.tooling.internal.adapter.ProtocolToModelAdapter$MethodInvocationCache: loaded 3 times (x 73B)
Class com.google.gson.internal.bind.TypeAdapters$19                                   : loaded 3 times (x 75B)
Class com.google.gson.internal.bind.ReflectiveTypeAdapterFactory$FieldReflectionAdapter: loaded 3 times (x 77B)
Class kotlin.coroutines.intrinsics.IntrinsicsKt__IntrinsicsJvmKt                      : loaded 3 times (x 71B)
Class com.google.gson.TypeAdapterFactory                                              : loaded 3 times (x 70B)
Class kotlin.sequences.SequencesKt___SequencesKt$sortedWith$1                         : loaded 3 times (x 75B)
Class com.google.gson.internal.bind.JsonTreeReader                                    : loaded 3 times (x 98B)
Class com.google.gson.internal.bind.TypeAdapters$30                                   : loaded 3 times (x 76B)
Class com.google.gson.internal.bind.ReflectiveTypeAdapterFactory$Adapter              : loaded 3 times (x 77B)
Class kotlin.coroutines.jvm.internal.CoroutineStackFrame                              : loaded 3 times (x 70B)
Class com.google.gson.internal.bind.TypeAdapters$10                                   : loaded 3 times (x 75B)
Class org.gradle.tooling.internal.adapter.ProtocolToModelAdapter$MethodInvocationCache$MethodInvocationKey: loaded 3 times (x 73B)
Class com.google.gson.Gson$2                                                          : loaded 3 times (x 76B)
Class org.gradle.tooling.internal.adapter.TargetTypeProvider                          : loaded 3 times (x 70B)
Class com.android.builder.model.v2.ide.AndroidArtifact                                : loaded 3 times (x 70B)
Class com.google.gson.internal.bind.TypeAdapters$5                                    : loaded 3 times (x 75B)
Class kotlin.ranges.IntProgression$Companion                                          : loaded 3 times (x 71B)
Class com.google.gson.internal.bind.TypeAdapters$18                                   : loaded 3 times (x 75B)
Class com.google.gson.internal.bind.SerializationDelegatingTypeAdapter                : loaded 3 times (x 74B)
Class com.google.gson.annotations.JsonAdapter                                         : loaded 3 times (x 70B)
Class org.gradle.internal.time.MonotonicClock                                         : loaded 3 times (x 77B)
Class kotlin.jvm.internal.markers.KMutableList                                        : loaded 3 times (x 70B)
Class com.google.gson.stream.MalformedJsonException                                   : loaded 3 times (x 82B)
Class com.android.builder.model.v2.models.ndk.NativeModule                            : loaded 3 times (x 70B)
Class kotlin.text.MatchNamedGroupCollection                                           : loaded 3 times (x 70B)
Class com.google.common.collect.UsingToStringOrdering                                 : loaded 3 times (x 114B)
Class kotlin.io.FilesKt__FileReadWriteKt                                              : loaded 3 times (x 71B)
Class kotlin.text.StringsKt__StringNumberConversionsKt                                : loaded 3 times (x 71B)
Class [Lkotlin.Pair;                                                                  : loaded 3 times (x 69B)
Class com.android.utils.StringHelper                                                  : loaded 3 times (x 71B)
Class com.google.gson.internal.bind.TypeAdapters$11                                   : loaded 3 times (x 75B)
Class [Lcom.google.gson.FieldNamingPolicy;                                            : loaded 3 times (x 69B)
Class kotlin.io.NoSuchFileException                                                   : loaded 3 times (x 82B)
Class kotlin.collections.CollectionsKt                                                : loaded 3 times (x 71B)
Class com.google.gson.internal.bind.ReflectiveTypeAdapterFactory$BoundField           : loaded 3 times (x 75B)
Class com.google.gson.Gson$3                                                          : loaded 3 times (x 75B)
Class org.gradle.tooling.internal.adapter.ProtocolToModelAdapter$InvocationHandlerImpl: loaded 3 times (x 77B)
Class org.gradle.tooling.model.build.GradleEnvironment                                : loaded 3 times (x 70B)
Class com.android.builder.model.v2.models.VariantDependenciesAdjacencyList            : loaded 3 times (x 70B)
Class kotlin.ranges.IntProgressionIterator                                            : loaded 3 times (x 82B)
Class com.android.builder.model.v2.dsl.BuildType                                      : loaded 3 times (x 70B)
Class kotlin.coroutines.CoroutineContext                                              : loaded 3 times (x 70B)
Class com.android.ide.common.repository.AgpVersion$PreviewKind$Companion              : loaded 3 times (x 71B)
Class com.google.gson.internal.bind.TypeAdapters$4                                    : loaded 3 times (x 75B)
Class com.google.gson.internal.bind.TypeAdapters$17                                   : loaded 3 times (x 75B)
Class org.gradle.tooling.internal.adapter.ObjectGraphAdapter                          : loaded 3 times (x 70B)
Class kotlin.coroutines.jvm.internal.RestrictedContinuationImpl                       : loaded 3 times (x 87B)
Class org.gradle.util.internal.DefaultGradleVersion$Stage                             : loaded 3 times (x 75B)
Class kotlin.coroutines.jvm.internal.DebugProbesKt                                    : loaded 3 times (x 71B)
Class org.gradle.tooling.internal.adapter.WeakIdentityHashMap                         : loaded 3 times (x 76B)
Class com.google.gson.internal.bind.TypeAdapters$12                                   : loaded 3 times (x 75B)
Class [Lcom.google.gson.ToNumberStrategy;                                             : loaded 3 times (x 69B)
Class org.gradle.tooling.GradleConnectionException                                    : loaded 3 times (x 83B)
Class com.google.gson.JsonObject                                                      : loaded 3 times (x 93B)
Class org.gradle.tooling.internal.adapter.ProtocolToModelAdapter$1                    : loaded 3 times (x 75B)
Class org.gradle.tooling.internal.adapter.ProtocolToModelAdapter$ViewDecoration       : loaded 3 times (x 70B)
Class com.google.gson.internal.bind.DefaultDateTypeAdapter$1                          : loaded 3 times (x 75B)
Class com.google.gson.Gson$4                                                          : loaded 3 times (x 76B)
Class com.google.gson.internal.ConstructorConstructor                                 : loaded 3 times (x 72B)
Class com.android.builder.model.v2.ide.Installation                                   : loaded 3 times (x 70B)
Class kotlin.collections.CollectionsKt__ReversedViewsKt                               : loaded 3 times (x 71B)
Class com.google.common.collect.ImmutableSortedAsList                                 : loaded 3 times (x 221B)
Class kotlin.text.RegexKt                                                             : loaded 3 times (x 71B)
Class kotlin.coroutines.intrinsics.IntrinsicsKt__IntrinsicsKt                         : loaded 3 times (x 71B)
Class kotlin.sequences.SequencesKt__SequenceBuilderKt                                 : loaded 3 times (x 71B)
Class kotlin.io.FilesKt__FileTreeWalkKt                                               : loaded 3 times (x 71B)
Class kotlin.jvm.internal.CollectionToArray                                           : loaded 3 times (x 71B)
Class kotlin.sequences.FilteringSequence$iterator$1                                   : loaded 3 times (x 79B)
Class com.google.gson.internal.sql.SqlTypesSupport$2                                  : loaded 3 times (x 74B)
Class com.google.gson.internal.bind.TypeAdapters$13                                   : loaded 3 times (x 75B)
Class com.google.common.collect.ForwardingCollection                                  : loaded 3 times (x 130B)
Class com.google.common.collect.LexicographicalOrdering                               : loaded 3 times (x 115B)
Class org.gradle.tooling.internal.adapter.MethodInvoker                               : loaded 3 times (x 70B)
Class com.google.gson.ReflectionAccessFilter$FilterResult                             : loaded 3 times (x 79B)
Class com.google.gson.Gson$5                                                          : loaded 3 times (x 76B)
Class kotlin.NotImplementedError                                                      : loaded 3 times (x 82B)
Class kotlin.sequences.FlatteningSequence                                             : loaded 3 times (x 75B)
Class com.android.builder.model.v2.models.ModelBuilderParameter                       : loaded 3 times (x 70B)
Class com.google.gson.internal.bind.TypeAdapters$3                                    : loaded 3 times (x 75B)
Class com.google.gson.internal.bind.TypeAdapters$16                                   : loaded 3 times (x 75B)
Class kotlin.io.FilesKt__UtilsKt                                                      : loaded 3 times (x 71B)
Class com.google.common.collect.Lists$TransformingRandomAccessList                    : loaded 3 times (x 199B)
Class kotlin.text.MatcherMatchResult                                                  : loaded 3 times (x 80B)
Class kotlin.collections.CollectionsKt__CollectionsJVMKt                              : loaded 3 times (x 71B)
Class kotlin.text.StringsKt                                                           : loaded 3 times (x 71B)
Class [Lcom.android.builder.model.v2.ide.CodeShrinker;                                : loaded 3 times (x 69B)
Class kotlin.text.MatchGroupCollection                                                : loaded 3 times (x 70B)
Class com.android.builder.model.v2.ide.ViewBindingOptions                             : loaded 3 times (x 70B)
Class kotlin.text.StringsKt__StringsKt                                                : loaded 3 times (x 71B)
Class com.google.gson.internal.sql.SqlTypesSupport$1                                  : loaded 3 times (x 74B)
Class com.google.gson.internal.bind.TypeAdapters$15                                   : loaded 3 times (x 75B)
Class com.google.gson.internal.bind.NumberTypeAdapter$1                               : loaded 3 times (x 76B)
Class com.google.gson.internal.bind.TypeAdapters$1                                    : loaded 3 times (x 75B)
Class com.google.gson.internal.bind.TypeAdapters$14                                   : loaded 3 times (x 75B)
Class com.google.gson.internal.bind.TypeAdapters$2                                    : loaded 3 times (x 75B)
Class com.android.ide.common.gradle.Part                                              : loaded 3 times (x 77B)
Class kotlin.ranges.IntProgression                                                    : loaded 3 times (x 81B)
Class com.google.gson.internal.bind.ObjectTypeAdapter$1                               : loaded 3 times (x 76B)
Class com.google.gson.Gson$FutureTypeAdapter                                          : loaded 3 times (x 76B)
Class kotlin.jvm.KotlinReflectionNotSupportedError                                    : loaded 3 times (x 82B)
Class com.google.gson.Strictness                                                      : loaded 3 times (x 79B)
Class kotlin.collections.CollectionsKt__IteratorsKt                                   : loaded 3 times (x 71B)
Class kotlin.sequences.SequencesKt                                                    : loaded 3 times (x 71B)
Class com.google.gson.internal.Excluder$1                                             : loaded 3 times (x 74B)
Class com.android.tools.idea.gradle.project.sync.AndroidProjectResult                 : loaded 2 times (x 76B)
Class com.android.tools.idea.gradle.model.IdeExtraSourceProvider                      : loaded 2 times (x 70B)
Class com.android.tools.idea.gradle.project.sync.BuildId                              : loaded 2 times (x 72B)
Class com.android.tools.idea.gradle.project.sync.NativeVariantAbiResult$V2            : loaded 2 times (x 72B)
Class org.jetbrains.plugins.gradle.tooling.util.GradleVersionComparator               : loaded 2 times (x 75B)
Class com.google.common.util.concurrent.ListenableFuture                              : loaded 2 times (x 70B)
Class com.google.common.cache.ReferenceEntry                                          : loaded 2 times (x 70B)
Class com.google.common.base.Converter                                                : loaded 2 times (x 90B)
Class com.android.ide.gradle.model.builder.AndroidStudioToolingPlugin                 : loaded 2 times (x 75B)
Class ijInit6_3tinqmj7u80sodgvvoif7w9tm$_run_closure1                                 : loaded 2 times (x 140B)
Class org.jetbrains.plugins.gradle.model.DefaultExternalLibraryDependency             : loaded 2 times (x 111B)
Class com.android.ide.gradle.model.dependencies.DeclaredDependenciesModelBuilder$Companion: loaded 2 times (x 71B)
Class com.android.ide.gradle.model.dependencies.CoordinatesImpl                       : loaded 2 times (x 77B)
Class com.intellij.gradle.toolingExtension.impl.model.repositoryModel.DefaultProjectRepositoriesModel: loaded 2 times (x 76B)
Class jdk.internal.jimage.BasicImageReader$1                                          : loaded 2 times (x 77B)
Class org.gradle.api.internal.classpath.DefaultModuleRegistry                         : loaded 2 times (x 86B)
Class org.jetbrains.kotlin.idea.gradleTooling.model.annotation.AnnotationBasedPluginModelBuilderService: loaded 2 times (x 85B)
Class com.intellij.gradle.toolingExtension.impl.model.taskModel.GradleTaskModelBuilder: loaded 2 times (x 86B)
Class org.gradle.tooling.internal.consumer.versioning.ModelMapping                    : loaded 2 times (x 73B)
Class com.android.tools.idea.gradle.project.sync.GradleProject                        : loaded 2 times (x 75B)
Class com.intellij.openapi.util.io.FileTooBigException                                : loaded 2 times (x 82B)
Class com.android.tools.idea.gradle.model.IdeUnresolvedAndroidLibrary                 : loaded 2 times (x 70B)
Class com.android.tools.idea.gradle.project.sync.ModelResult                          : loaded 2 times (x 72B)
Class org.gradle.tooling.model.idea.BasicIdeaProject                                  : loaded 2 times (x 70B)
Class org.gradle.tooling.internal.consumer.converters.BasicGradleProjectIdentifierMixin: loaded 2 times (x 73B)
Class com.google.common.collect.SortedLists$KeyAbsentBehavior                         : loaded 2 times (x 80B)
Class com.google.common.collect.SortedLists$KeyPresentBehavior                        : loaded 2 times (x 80B)
Class com.android.tools.idea.gradle.project.sync.ModelFetchersKt                      : loaded 2 times (x 71B)
Class org.gradle.tooling.internal.consumer.converters.BackwardsCompatibleIdeaModuleDependency: loaded 2 times (x 70B)
Class com.google.common.collect.AbstractMapBasedMultimap                              : loaded 2 times (x 139B)
Class com.google.common.util.concurrent.AbstractFuture                                : loaded 2 times (x 106B)
Class com.google.common.base.FunctionalEquivalence                                    : loaded 2 times (x 83B)
Class com.android.tools.idea.gradle.model.impl.IdeBuildTypeContainerImpl              : loaded 2 times (x 79B)
Class com.android.tools.idea.gradle.model.impl.ThrowingIdeDependencies                : loaded 2 times (x 78B)
Class jdk.internal.jimage.ImageReader$Node                                            : loaded 2 times (x 84B)
Class com.google.common.cache.LocalCache$LocalManualCache$1                           : loaded 2 times (x 75B)
Class com.google.common.collect.ImmutableMultimap$Values                              : loaded 2 times (x 126B)
Class com.google.common.collect.Iterators$6                                           : loaded 2 times (x 81B)
Class com.google.common.collect.HashBiMap$Inverse                                     : loaded 2 times (x 142B)
Class com.android.tools.idea.gradle.project.sync.LibraryIdentity$LibraryIdentityProvider$Companion: loaded 2 times (x 71B)
Class com.android.tools.idea.gradle.project.sync.FetchedVariantResult                 : loaded 2 times (x 71B)
Class com.google.common.util.concurrent.internal.InternalFutureFailureAccess          : loaded 2 times (x 72B)
Class com.google.common.collect.ImmutableSet$JdkBackedSetBuilderImpl                  : loaded 2 times (x 76B)
Class com.android.ide.common.gradle.Module                                            : loaded 2 times (x 72B)
Class org.apache.commons.io.output.NullWriter                                         : loaded 2 times (x 99B)
Class com.android.tools.idea.gradle.project.sync.AndroidSyncException                 : loaded 2 times (x 82B)
Class com.google.common.base.Splitter$SplittingIterator                               : loaded 2 times (x 84B)
Class org.gradle.tooling.model.GradleProject                                          : loaded 2 times (x 70B)
Class com.google.common.io.CharStreams                                                : loaded 2 times (x 71B)
Class com.google.common.reflect.TypeResolver$TypeTable                                : loaded 2 times (x 73B)
Class com.google.common.collect.ImmutableMultiset                                     : loaded 2 times (x 163B)
Class org.objectweb.asm.RecordComponentVisitor                                        : loaded 2 times (x 77B)
Class com.google.common.cache.CacheLoader$SupplierToCacheLoader                       : loaded 2 times (x 75B)
Class jdk.internal.jimage.decompressor.Decompressor                                   : loaded 2 times (x 72B)
Class org.jetbrains.plugins.gradle.model.DefaultGradleProperty                        : loaded 2 times (x 78B)
Class org.jetbrains.kotlin.idea.gradleTooling.GetAdditionalVisibleSourceSetsKt        : loaded 2 times (x 71B)
Class org.gradle.tooling.internal.adapter.ProtocolToModelAdapter$MixInBeanMappingAction: loaded 2 times (x 81B)
Class com.android.tools.idea.gradle.project.sync.AndroidExtraModelProviderKt          : loaded 2 times (x 71B)
Class com.android.tools.idea.gradle.model.IdeProductFlavor                            : loaded 2 times (x 70B)
Class com.android.tools.idea.gradle.project.sync.AdditionalClassifierArtifactsModelCollectorKt: loaded 2 times (x 71B)
Class org.jetbrains.plugins.gradle.tooling.MessageBuilder                             : loaded 2 times (x 70B)
Class org.gradle.internal.installation.GradleInstallation$1                           : loaded 2 times (x 75B)
Class com.android.tools.idea.gradle.project.sync.VariantDetailsKt                     : loaded 2 times (x 71B)
Class org.gradle.api.internal.classpath.ModuleRegistry                                : loaded 2 times (x 70B)
Class com.google.common.collect.ImmutableBiMap                                        : loaded 2 times (x 143B)
Class com.google.common.cache.CacheLoader                                             : loaded 2 times (x 74B)
Class com.android.tools.idea.gradle.project.sync.ModelCacheV2ImplKt$modelCacheV2Impl$1: loaded 2 times (x 80B)
Class [Lcom.android.tools.idea.gradle.project.upgrade.AndroidGradlePluginCompatibility;: loaded 2 times (x 69B)
Class [Lorg.objectweb.asm.SymbolTable$Entry;                                          : loaded 2 times (x 69B)
Class com.google.common.collect.AbstractListMultimap                                  : loaded 2 times (x 172B)
Class com.android.tools.idea.gradle.model.impl.IdeCompositeBuildMapImpl               : loaded 2 times (x 76B)
Class com.android.tools.idea.gradle.project.sync.AndroidProjectResult$Companion$RuntimeClasspathBehaviour: loaded 2 times (x 71B)
Class org.gradle.tooling.internal.adapter.ProtocolToModelAdapter$MixInTypeMappingAction: loaded 2 times (x 81B)
Class com.android.tools.idea.gradle.model.impl.IdeMultiVariantDataImpl                : loaded 2 times (x 77B)
Class com.google.common.reflect.TypeResolver$TypeTable$1                              : loaded 2 times (x 73B)
Class com.google.common.collect.Maps$EntryTransformer                                 : loaded 2 times (x 70B)
Class org.gradle.internal.service.ServiceLookupException                              : loaded 2 times (x 82B)
Class [Lorg.jetbrains.kotlin.tooling.core.KotlinToolingVersion$Maturity;              : loaded 2 times (x 69B)
Class com.android.tools.idea.gradle.model.IdeUnresolvedJavaLibrary                    : loaded 2 times (x 70B)
Class com.android.tools.idea.gradle.project.sync.NativeVariantAbiResult               : loaded 2 times (x 71B)
Class com.android.tools.idea.gradle.project.sync.StandaloneDeliverableModel           : loaded 2 times (x 75B)
Class com.intellij.gradle.toolingExtension.impl.model.utilDummyModel.DummyModelBuilder: loaded 2 times (x 86B)
Class com.intellij.openapi.externalSystem.model.project.dependencies.AbstractDependencyNode: loaded 2 times (x 87B)
Class org.jetbrains.plugins.gradle.tooling.builder.VersionCatalogsModelBuilder        : loaded 2 times (x 86B)
Class com.google.gson.internal.bind.EnumTypeAdapter$1                                 : loaded 2 times (x 75B)
Class com.android.ide.gradle.model.builder.LegacyAndroidGradlePluginPropertiesModelBuilder: loaded 2 times (x 80B)
Class jdk.internal.jimage.ImageReader$SharedImageReader                               : loaded 2 times (x 95B)
Class org.jetbrains.plugins.gradle.tooling.builder.ProjectExtensionsDataBuilderImpl$Companion: loaded 2 times (x 71B)
Class com.android.builder.model.v2.models.TestSuiteSourceDependenciesAdjacencyList    : loaded 2 times (x 70B)
Class com.google.common.cache.LocalCache$Segment                                      : loaded 2 times (x 154B)
Class com.android.tools.idea.gradle.model.impl.IdeProjectPathImpl                     : loaded 2 times (x 77B)
Class com.google.common.reflect.TypeToken$2                                           : loaded 2 times (x 110B)
Class com.android.tools.idea.gradle.project.sync.GradleModule                         : loaded 2 times (x 78B)
Class com.google.common.collect.AbstractMapBasedMultimap$AsMap$AsMapEntries           : loaded 2 times (x 138B)
Class com.android.tools.idea.gradle.project.sync.BasicNonAndroidIncompleteGradleModule: loaded 2 times (x 73B)
Class com.intellij.gradle.toolingExtension.impl.model.projectModel.GradleExternalProjectModelProvider: loaded 2 times (x 79B)
Class [Lcom.google.common.cache.LocalCache$EntryFactory;                              : loaded 2 times (x 69B)
Class org.gradle.internal.classloader.ClassLoaderFactory                              : loaded 2 times (x 70B)
Class com.android.ide.gradle.model.builder.LegacyAndroidGradlePluginPropertiesModelBuilder$PluginType: loaded 2 times (x 79B)
Class com.intellij.gradle.toolingExtension.impl.modelSerialization.ToolingSerializerConverter: loaded 2 times (x 73B)
Class [Lcom.android.tools.idea.gradle.project.sync.SyncTestMode;                      : loaded 2 times (x 69B)
Class io.opentelemetry.context.ContextExecutorService                                 : loaded 2 times (x 104B)
Class com.intellij.gradle.toolingExtension.impl.model.dependencyModel.auxiliary.AuxiliaryArtifactResolverImpl: loaded 2 times (x 76B)
Class [Lcom.android.tools.idea.gradle.project.sync.MeasurementCheckpoint;             : loaded 2 times (x 69B)
Class [Lcom.google.common.collect.SortedLists$KeyAbsentBehavior;                      : loaded 2 times (x 69B)
Class com.android.tools.idea.gradle.project.sync.DefaultVariantsKt                    : loaded 2 times (x 71B)
Class com.android.tools.idea.gradle.model.IdeJavaArtifactCore                         : loaded 2 times (x 70B)
Class org.jetbrains.kotlin.idea.gradleTooling.model.assignment.AssignmentModelBuilderService: loaded 2 times (x 85B)
Class com.intellij.compose.ide.plugin.gradleTooling.rt.ComposeResourcesModelBuilder   : loaded 2 times (x 78B)
Class com.android.tools.idea.gradle.model.IdeJavaLibrary                              : loaded 2 times (x 70B)
Class com.android.tools.idea.gradle.model.ClasspathType                               : loaded 2 times (x 79B)
Class org.jetbrains.plugins.gradle.tooling.MessageReporter                            : loaded 2 times (x 70B)
Class com.android.tools.idea.gradle.project.sync.AndroidVariantResolver               : loaded 2 times (x 70B)
Class com.android.tools.idea.gradle.model.impl.IdeDependenciesInfoImpl                : loaded 2 times (x 75B)
Class org.gradle.tooling.internal.consumer.converters.EclipseProjectHasAutoBuildMixin : loaded 2 times (x 72B)
Class com.intellij.gradle.toolingExtension.impl.model.dependencyDownloadPolicyModel.GradleDependencyDownloadPolicyCache: loaded 2 times (x 75B)
Class org.apache.commons.io.CloseableURLConnection                                    : loaded 2 times (x 116B)
Class com.google.common.base.CommonPattern                                            : loaded 2 times (x 74B)
Class com.google.common.cache.LocalCache$LocalManualCache                             : loaded 2 times (x 99B)
Class org.gradle.internal.service.CachingServiceLocator                               : loaded 2 times (x 82B)
Class org.jetbrains.kotlin.tooling.core.KotlinToolingVersionKt                        : loaded 2 times (x 71B)
Class org.jetbrains.kotlin.idea.gradleTooling.model.annotation.AnnotationBasedPluginModel: loaded 2 times (x 70B)
Class com.android.ide.gradle.model.impl.GradlePropertiesModelImpl                     : loaded 2 times (x 80B)
Class org.jetbrains.kotlin.tooling.core.InternerImpl$Store                            : loaded 2 times (x 70B)
Class jdk.internal.jimage.ImageReader                                                 : loaded 2 times (x 75B)
Class com.google.common.collect.ImmutableMap$IteratorBasedImmutableMap                : loaded 2 times (x 126B)
Class com.google.common.cache.LocalCache$ComputingValueReference                      : loaded 2 times (x 96B)
Class com.android.tools.idea.gradle.project.sync.DependencyGraphCompat$AdjacencyList  : loaded 2 times (x 72B)
Class com.android.tools.idea.gradle.model.IdeProjectPath                              : loaded 2 times (x 70B)
Class kotlin.jvm.internal.Intrinsics$Kotlin                                           : loaded 2 times (x 71B)
Class com.google.common.reflect.TypeToken$1                                           : loaded 2 times (x 110B)
Class com.intellij.gradle.toolingExtension.modelAction.GradleModelFetchPhase          : loaded 2 times (x 70B)
Class com.android.tools.idea.gradle.project.sync.AndroidExtraModelProviderWorker      : loaded 2 times (x 72B)
Class org.gradle.tooling.model.idea.IdeaModule                                        : loaded 2 times (x 70B)
Class com.google.common.collect.Streams                                               : loaded 2 times (x 71B)
Class com.google.common.collect.AbstractMapBasedMultimap$KeySet                       : loaded 2 times (x 137B)
Class com.google.common.math.IntMath                                                  : loaded 2 times (x 71B)
Class com.android.ide.common.repository.AgpVersion$PreviewKind$WhenMappings           : loaded 2 times (x 71B)
Class com.google.gson.internal.bind.EnumTypeAdapter                                   : loaded 2 times (x 76B)
Class com.android.tools.idea.gradle.model.impl.IdeTestOptionsImpl                     : loaded 2 times (x 77B)
Class com.intellij.gradle.toolingExtension.impl.model.buildScriptClasspathModel.GradleBuildScriptClasspathSerializationService$1: loaded 2 times (x 76B)
Class com.android.builder.model.v2.ide.SyncIssue                                      : loaded 2 times (x 70B)
Class com.google.common.base.Suppliers$SupplierOfInstance                             : loaded 2 times (x 79B)
Class org.objectweb.asm.Edge                                                          : loaded 2 times (x 72B)
Class org.gradle.tooling.model.eclipse.EclipseClasspathEntry                          : loaded 2 times (x 70B)
Class com.intellij.gradle.toolingExtension.impl.modelBuilder.DefaultMessageReporter   : loaded 2 times (x 75B)
Class org.gradle.internal.impldep.com.google.common.base.Optional                     : loaded 2 times (x 80B)
Class com.android.tools.idea.gradle.project.sync.ActionToRun                          : loaded 2 times (x 72B)
Class com.android.tools.idea.gradle.model.IdeSourceProviderKt                         : loaded 2 times (x 71B)
Class com.android.tools.idea.gradle.model.impl.IdeAndroidGradlePluginProjectFlagsImpl : loaded 2 times (x 87B)
Class [Lcom.intellij.openapi.diagnostic.LogLevel;                                     : loaded 2 times (x 69B)
Class com.google.common.collect.MapMakerInternalMap$InternalEntry                     : loaded 2 times (x 70B)
Class [Lcom.google.common.collect.HashBiMap$BiEntry;                                  : loaded 2 times (x 69B)
Class com.google.common.reflect.Types$TypeVariableInvocationHandler                   : loaded 2 times (x 75B)
Class com.google.common.collect.ImmutableMapEntry                                     : loaded 2 times (x 85B)
Class org.jetbrains.kotlin.idea.gradleTooling.model.noarg.NoArgModelBuilderService    : loaded 2 times (x 85B)
Class org.jetbrains.plugins.gradle.DefaultExternalDependencyId                        : loaded 2 times (x 80B)
Class org.jetbrains.kotlin.idea.gradleTooling.reflect.KotlinLanguageSettingsReflection: loaded 2 times (x 70B)
Class jdk.internal.jimage.ImageStringsReader                                          : loaded 2 times (x 80B)
Class org.jetbrains.plugins.gradle.tooling.ModelBuilderService$ParameterizedModelBuilderService: loaded 2 times (x 70B)
Class org.jetbrains.plugins.gradle.tooling.builder.EarModelBuilderImpl                : loaded 2 times (x 86B)
Class com.android.tools.idea.gradle.project.sync.IdeSyncExecutionReport               : loaded 2 times (x 71B)
Class com.android.tools.idea.gradle.project.sync.FetchedVariantResult$Finished        : loaded 2 times (x 72B)
Class com.android.tools.idea.gradle.model.IdePreResolvedModuleLibraryImpl             : loaded 2 times (x 81B)
Class com.android.tools.idea.gradle.model.IdeAndroidLibraryImpl                       : loaded 2 times (x 106B)
Class com.android.tools.idea.gradle.project.sync.ModelCacheV2ImplKt$WhenMappings      : loaded 2 times (x 71B)
Class org.objectweb.asm.SymbolTable$Entry                                             : loaded 2 times (x 74B)
Class com.google.common.io.CharStreams$NullWriter                                     : loaded 2 times (x 99B)
Class org.gradle.tooling.model.idea.IdeaSourceDirectory                               : loaded 2 times (x 70B)
Class org.jetbrains.plugins.gradle.tooling.serialization.internal.adapter.kotlin.dsl.InternalKotlinDslScriptModel: loaded 2 times (x 84B)
Class com.android.builder.model.v2.ide.TestSuiteVariantTarget                         : loaded 2 times (x 70B)
Class com.google.common.base.Predicates                                               : loaded 2 times (x 71B)
Class com.google.common.collect.ImmutableMultimap                                     : loaded 2 times (x 147B)
Class com.google.common.base.Equivalence                                              : loaded 2 times (x 82B)
Class com.google.common.collect.ImmutableMapEntry$NonTerminalImmutableMapEntry        : loaded 2 times (x 85B)
Class org.jetbrains.kotlin.idea.gradleTooling.reflect.TypeToken                       : loaded 2 times (x 72B)
Class com.google.gson.internal.bind.TypeAdapters$32$1                                 : loaded 2 times (x 74B)
Class com.android.tools.idea.gradle.model.IdeTestOptions$Execution                    : loaded 2 times (x 79B)
Class org.jetbrains.plugins.gradle.tooling.util.StringUtils                           : loaded 2 times (x 71B)
Class com.android.builder.model.v2.ide.UnresolvedDependency                           : loaded 2 times (x 70B)
Class com.google.common.base.JdkPattern                                               : loaded 2 times (x 75B)
Class org.jetbrains.kotlin.idea.gradleTooling.KotlinDslScriptTaskModelBuilder$Companion: loaded 2 times (x 71B)
Class com.intellij.gradle.toolingExtension.impl.javaModel.manifestModel.JavaGradleManifestModelBuilder: loaded 2 times (x 86B)
Class com.android.tools.idea.gradle.model.CodeShrinker                                : loaded 2 times (x 79B)
Class com.android.tools.idea.gradle.project.sync.SyncVariantResultSuccess             : loaded 2 times (x 72B)
Class com.android.tools.idea.gradle.project.sync.FetchedVariant                       : loaded 2 times (x 72B)
Class com.android.tools.idea.gradle.model.impl.IdeSigningConfigImpl                   : loaded 2 times (x 78B)
Class [Lcom.google.common.reflect.Types$JavaVersion;                                  : loaded 2 times (x 69B)
Class com.android.builder.model.v2.models.SourceType                                  : loaded 2 times (x 79B)
Class com.android.tools.idea.gradle.project.sync.SyncProjectActionWorker              : loaded 2 times (x 72B)
Class com.google.common.io.Files$FileByteSource                                       : loaded 2 times (x 85B)
Class org.jetbrains.plugins.gradle.model.ExternalFilter                               : loaded 2 times (x 70B)
Class com.google.common.collect.Interners$InternerBuilder                             : loaded 2 times (x 76B)
Class com.android.tools.idea.gradle.project.sync.SwitchVariantRequest                 : loaded 2 times (x 72B)
Class com.android.tools.idea.gradle.project.sync.SingleVariantSyncActionOptions       : loaded 2 times (x 73B)
Class com.google.common.collect.IndexedImmutableSet$1                                 : loaded 2 times (x 213B)
Class org.apache.commons.io.output.AbstractByteArrayOutputStream                      : loaded 2 times (x 102B)
Class com.google.common.cache.CacheBuilder$OneWeigher                                 : loaded 2 times (x 82B)
Class jdk.internal.jimage.ImageBufferCache                                            : loaded 2 times (x 71B)
Class jdk.internal.jrtfs.JrtPath                                                      : loaded 2 times (x 118B)
Class com.google.gson.internal.GsonTypes                                              : loaded 2 times (x 71B)
Class org.jetbrains.kotlin.idea.gradleTooling.AndroidAwareGradleModelProvider$Result  : loaded 2 times (x 72B)
Class org.jetbrains.kotlin.idea.gradleTooling.reflect.ReflectionKt                    : loaded 2 times (x 71B)
Class org.gradle.tooling.internal.consumer.connection.StreamingAwareBuildControllerAdapter: loaded 2 times (x 112B)
Class com.android.tools.idea.projectsystem.gradle.sync.PerformanceMeasurementUtilKt   : loaded 2 times (x 71B)
Class sync_studio_tooling61342_dfd2td9qy0xavum328adq6imx$_run_closure1                : loaded 2 times (x 139B)
Class com.android.tools.idea.gradle.model.IdeDependencyCore                           : loaded 2 times (x 70B)
Class com.android.builder.model.v2.models.BaseTestSuiteSourceIdentity                 : loaded 2 times (x 70B)
Class com.android.tools.idea.gradle.project.sync.AndroidModule                        : loaded 2 times (x 88B)
Class com.android.tools.idea.gradle.project.sync.AgpVersionTooNew                     : loaded 2 times (x 82B)
Class com.android.tools.idea.gradle.model.impl.IdeDependenciesCoreDirect              : loaded 2 times (x 79B)
Class com.android.tools.idea.projectsystem.gradle.sync.Counter$time$1                 : loaded 2 times (x 78B)
Class org.jetbrains.plugins.gradle.model.MavenRepositoryModel                         : loaded 2 times (x 70B)
Class ijInit6_3tinqmj7u80sodgvvoif7w9tm                                               : loaded 2 times (x 171B)
Class org.jetbrains.kotlin.gradle.idea.tcs.IdeaKotlinDependency                       : loaded 2 times (x 70B)
Class com.google.common.collect.Maps$EntryFunction                                    : loaded 2 times (x 91B)
Class com.google.common.reflect.Types$ClassOwnership$1LocalClass                      : loaded 2 times (x 71B)
Class org.gradle.internal.classloader.ClasspathUtil                                   : loaded 2 times (x 71B)
Class [Lcom.android.ide.gradle.model.builder.LegacyAndroidGradlePluginPropertiesModelBuilder$PluginType;: loaded 2 times (x 69B)
Class org.jetbrains.kotlin.idea.gradleTooling.reflect.KotlinSourceSetReflectionImpl$Companion: loaded 2 times (x 71B)
Class com.intellij.gradle.toolingExtension.impl.model.buildScriptClasspathModel.DefaultGradleBuildScriptClasspathModel: loaded 2 times (x 83B)
Class com.intellij.gradle.toolingExtension.impl.model.sourceSetDependencyModel.GradleSourceSetDependencyResolver: loaded 2 times (x 72B)
Class org.jetbrains.plugins.gradle.model.DefaultExternalProject                       : loaded 2 times (x 95B)
Class com.intellij.gradle.toolingExtension.impl.model.sourceSetArtifactIndex.GradleSourceSetArtifactIndexBuilder: loaded 2 times (x 86B)
Class com.intellij.gradle.toolingExtension.impl.model.sourceSetDependencyModel.GradleSourceSetDependencyModelBuilder: loaded 2 times (x 86B)
Class org.jetbrains.kotlin.idea.gradleTooling.model.kapt.KaptModelBuilderService      : loaded 2 times (x 86B)
Class com.android.tools.idea.gradle.model.IdeAndroidGradlePluginProjectFlags          : loaded 2 times (x 70B)
Class com.intellij.openapi.externalSystem.model.project.ExternalSystemSourceType      : loaded 2 times (x 85B)
Class com.intellij.gradle.toolingExtension.impl.javaModel.manifestModel.DefaultJavaGradleManifestModel: loaded 2 times (x 76B)
Class com.android.tools.idea.gradle.project.sync.AgpCompatibilityKt$WhenMappings      : loaded 2 times (x 71B)
Class org.jetbrains.kotlin.idea.gradleTooling.reflect.KotlinSourceSetReflection       : loaded 2 times (x 70B)
Class com.android.tools.idea.projectsystem.gradle.sync.Counter$time$2                 : loaded 2 times (x 78B)
Class org.gradle.tooling.internal.consumer.converters.GradleProjectIdentifierMixin    : loaded 2 times (x 73B)
Class com.intellij.util.ReflectionUtilRt                                              : loaded 2 times (x 71B)
Class org.gradle.internal.classpath.ClassPath                                         : loaded 2 times (x 70B)
Class org.jetbrains.kotlin.idea.gradleTooling.KotlinMPPGradleModel$Companion          : loaded 2 times (x 71B)
Class com.google.common.util.concurrent.Uninterruptibles                              : loaded 2 times (x 71B)
Class Settings_gradle$1                                                               : loaded 2 times (x 74B)
Class com.google.common.cache.CacheBuilder                                            : loaded 2 times (x 72B)
Class com.google.common.io.ByteSink                                                   : loaded 2 times (x 76B)
Class com.google.common.cache.RemovalCause                                            : loaded 2 times (x 80B)
Class org.gradle.tooling.internal.consumer.versioning.ModelMapping$DefaultModelIdentifier: loaded 2 times (x 76B)
Class org.jetbrains.plugins.gradle.tooling.AbstractModelBuilderService                : loaded 2 times (x 86B)
Class com.android.tools.idea.gradle.project.sync.FetchedVariantResult$InProgress      : loaded 2 times (x 71B)
Class com.intellij.openapi.util.io.FileUtilRt$RepeatableIOOperation                   : loaded 2 times (x 70B)
Class [Lorg.gradle.tooling.internal.adapter.MethodInvoker;                            : loaded 2 times (x 69B)
Class com.android.tools.idea.gradle.project.sync.BasicIncompleteGradleModule          : loaded 2 times (x 73B)
Class com.android.builder.model.v2.models.HostJarTestSuiteSource                      : loaded 2 times (x 70B)
Class com.android.tools.idea.gradle.project.sync.SyncActionOptions                    : loaded 2 times (x 72B)
Class com.google.common.util.concurrent.LazyLogger                                    : loaded 2 times (x 72B)
Class com.google.common.collect.Maps                                                  : loaded 2 times (x 71B)
Class org.gradle.api.specs.Spec                                                       : loaded 2 times (x 70B)
Class [Lcom.android.tools.idea.gradle.model.impl.IdeModuleWellKnownSourceSet;         : loaded 2 times (x 69B)
Class org.jetbrains.kotlin.tooling.core.InternerImpl                                  : loaded 2 times (x 76B)
Class com.android.tools.idea.gradle.project.sync.ModelCacheV1ImplKt                   : loaded 2 times (x 71B)
Class com.android.tools.idea.gradle.model.ndk.v2.IdeNativeModule                      : loaded 2 times (x 70B)
Class org.jetbrains.plugins.gradle.tooling.ModelBuilderService                        : loaded 2 times (x 70B)
Class org.jetbrains.kotlin.idea.gradleTooling.PrepareKotlinIdeaImportTaskModelBuilder$Companion: loaded 2 times (x 71B)
Class com.google.common.collect.MapMaker                                              : loaded 2 times (x 72B)
Class com.google.common.reflect.Types$JavaVersion                                     : loaded 2 times (x 83B)
Class [Lcom.google.common.collect.ImmutableEntry;                                     : loaded 2 times (x 69B)
Class com.google.gson.internal.Streams$AppendableWriter$CurrentWrite                  : loaded 2 times (x 88B)
Class org.apache.commons.io.IOUtils                                                   : loaded 2 times (x 71B)
Class com.google.common.reflect.TypeToken                                             : loaded 2 times (x 73B)
Class org.jetbrains.plugins.gradle.tooling.builder.WarModelBuilderImpl                : loaded 2 times (x 86B)
Class com.intellij.gradle.toolingExtension.impl.modelBuilder.ExtraModelBuilder        : loaded 2 times (x 85B)
Class com.android.tools.idea.gradle.model.IdeUnresolvedLibrary                        : loaded 2 times (x 70B)
Class com.android.tools.idea.gradle.project.sync.ModelCacheV2ImplKt$modelCacheV2Impl$variantCoreFrom$6: loaded 2 times (x 129B)
Class com.android.tools.idea.gradle.model.impl.BuildFolderPaths                       : loaded 2 times (x 72B)
Class com.intellij.gradle.toolingExtension.impl.modelAction.GradleModelHolderState    : loaded 2 times (x 77B)
Class com.google.common.collect.Sets$3$1                                              : loaded 2 times (x 82B)
Class com.google.common.cache.LocalCache$LoadingValueReference                        : loaded 2 times (x 96B)
Class org.jetbrains.kotlin.idea.gradleTooling.reflect.Parameter                       : loaded 2 times (x 72B)
Class com.google.common.collect.MapMakerInternalMap$Segment                           : loaded 2 times (x 142B)
Class org.gradle.tooling.model.cpp.CppComponent                                       : loaded 2 times (x 70B)
Class org.gradle.tooling.model.Launchable                                             : loaded 2 times (x 70B)
Class com.android.tools.idea.gradle.model.impl.IdeBasicVariantImpl                    : loaded 2 times (x 79B)
Class org.jetbrains.kotlin.idea.gradleTooling.PrepareKotlinIdeaImportTaskModelBuilder$KotlinNativePlatformDependenciesKt: loaded 2 times (x 71B)
Class org.jetbrains.plugins.gradle.tooling.builder.MavenRepositoriesModelBuilder      : loaded 2 times (x 81B)
Class org.jetbrains.plugins.gradle.tooling.builder.EarModelBuilderImplKt              : loaded 2 times (x 71B)
Class com.intellij.gradle.toolingExtension.impl.model.buildScriptClasspathModel.GradleBuildScriptClasspathModelBuilder: loaded 2 times (x 86B)
Class org.jetbrains.plugins.gradle.tooling.serialization.internal.adapter.InternalBuildIdentifier: loaded 2 times (x 75B)
Class com.intellij.gradle.toolingExtension.impl.model.dependencyModel.auxiliary.AuxiliaryArtifactResolver: loaded 2 times (x 70B)
Class org.gradle.internal.classpath.DefaultClassPath$ImmutableUniqueList              : loaded 2 times (x 199B)
Class com.intellij.gradle.toolingExtension.impl.modelSerialization.DefaultSerializationService: loaded 2 times (x 76B)
Class org.gradle.tooling.FetchModelResult                                             : loaded 2 times (x 70B)
Class org.gradle.api.internal.ClassPathRegistry                                       : loaded 2 times (x 70B)
Class org.gradle.tooling.model.BuildModel                                             : loaded 2 times (x 70B)
Class com.google.common.collect.MapMakerInternalMap$StrongKeyDummyValueEntry          : loaded 2 times (x 82B)
Class com.google.common.io.LineReader$1                                               : loaded 2 times (x 75B)
Class com.google.common.collect.AbstractMapBasedMultimap$AsMap                        : loaded 2 times (x 128B)
Class com.google.common.collect.CollectSpliterators                                   : loaded 2 times (x 71B)
Class com.google.common.reflect.Invokable$MethodInvokable                             : loaded 2 times (x 107B)
Class com.google.common.base.Platform                                                 : loaded 2 times (x 71B)
Class jdk.internal.jimage.ImageReader$Directory                                       : loaded 2 times (x 84B)
Class org.jetbrains.kotlin.idea.gradleTooling.KotlinGradlePluginVersionImpl           : loaded 2 times (x 78B)
Class com.google.common.primitives.IntsMethodsForWeb                                  : loaded 2 times (x 71B)
Class com.google.common.collect.ImmutableMultimap$Keys                                : loaded 2 times (x 166B)
Class org.jetbrains.plugins.gradle.tooling.serialization.RepositoriesModelSerializationService$1: loaded 2 times (x 76B)
Class com.google.common.reflect.Invokable$ConstructorInvokable                        : loaded 2 times (x 107B)
Class com.google.common.collect.Maps$EntryFunction$2                                  : loaded 2 times (x 91B)
Class org.gradle.tooling.internal.consumer.connection.UnparameterizedBuildController  : loaded 2 times (x 112B)
Class com.android.tools.idea.gradle.project.sync.ResolvedAndroidProjectPath           : loaded 2 times (x 70B)
Class com.android.tools.idea.gradle.model.IdeDependenciesCore                         : loaded 2 times (x 70B)
Class com.android.tools.idea.gradle.model.impl.IdeDependenciesImplKt                  : loaded 2 times (x 71B)
Class com.intellij.gradle.toolingExtension.impl.modelSerialization.SerializationServiceNotFoundException: loaded 2 times (x 82B)
Class com.android.tools.idea.projectsystem.gradle.sync.Counter                        : loaded 2 times (x 72B)
Class com.android.builder.model.ProjectSyncIssues                                     : loaded 2 times (x 70B)
Class com.android.tools.idea.gradle.project.sync.AgpVersionIncompatible               : loaded 2 times (x 82B)
Class com.android.tools.idea.gradle.project.sync.ArtifactDependenciesCompat$AdjacencyList: loaded 2 times (x 72B)
Class com.android.tools.idea.gradle.project.sync.ModelVersion                         : loaded 2 times (x 75B)
Class com.android.tools.idea.gradle.project.sync.ModelCacheV2ImplKt$modelCacheV2Impl$createFromDependencies$1$LibrariesByType: loaded 2 times (x 72B)
Class org.jetbrains.plugins.gradle.tooling.serialization.internal.IdeaProjectSerializationService$JavaHomePathGetter: loaded 2 times (x 75B)
Class com.intellij.gradle.toolingExtension.impl.model.dependencyDownloadPolicyModel.GradleDependencyDownloadPolicyBuilder: loaded 2 times (x 86B)
Class org.gradle.api.internal.DefaultClassPathRegistry                                : loaded 2 times (x 76B)
Class com.google.common.cache.RemovalListener                                         : loaded 2 times (x 70B)
Class com.google.common.base.Present                                                  : loaded 2 times (x 81B)
Class com.google.common.collect.Maps$EntryFunction$1                                  : loaded 2 times (x 91B)
Class com.intellij.gradle.toolingExtension.modelAction.GradleProjectLoadedModelFetchPhase: loaded 2 times (x 81B)
Class com.google.common.collect.AbstractMapBasedMultimap$WrappedList                  : loaded 2 times (x 205B)
Class [Lorg.objectweb.asm.AnnotationWriter;                                           : loaded 2 times (x 69B)
Class com.google.common.collect.Maps$8                                                : loaded 2 times (x 82B)
Class com.android.tools.idea.gradle.project.sync.SyncActionRunnerKt                   : loaded 2 times (x 71B)
Class com.android.ide.gradle.model.builder.GradlePropertiesModelBuilder               : loaded 2 times (x 75B)
Class org.jetbrains.kotlin.idea.gradleTooling.reflect.KotlinMultiplatformImportReflectionImpl$Companion: loaded 2 times (x 71B)
Class com.android.builder.model.Variant                                               : loaded 2 times (x 70B)
Class com.android.tools.idea.gradle.project.sync.ModelCacheKt                         : loaded 2 times (x 71B)
Class com.google.common.collect.ImmutableMap$Builder                                  : loaded 2 times (x 82B)
Class com.google.common.util.concurrent.AbstractFuture$Cancellation                   : loaded 2 times (x 72B)
Class com.intellij.openapi.util.io.FileUtilRt$SymlinkResolver                         : loaded 2 times (x 70B)
Class com.android.tools.idea.gradle.model.IdeJavaLibraryImpl                          : loaded 2 times (x 92B)
Class com.android.tools.idea.gradle.model.IdeJavaCompileOptions                       : loaded 2 times (x 70B)
Class com.android.tools.idea.gradle.project.sync.ModelCacheV2ImplKt$modelCacheV2Impl$variantCoreFrom$9: loaded 2 times (x 129B)
Class com.google.common.base.NullnessCasts                                            : loaded 2 times (x 71B)
Class com.android.tools.idea.gradle.model.IdeArtifactName$Companion                   : loaded 2 times (x 71B)
Class com.google.common.io.AppendableWriter                                           : loaded 2 times (x 100B)
Class org.gradle.tooling.internal.adapter.ProtocolToModelAdapter$BeanMixInMethodInvoker: loaded 2 times (x 76B)
Class com.intellij.gradle.toolingExtension.impl.modelAction.GradleModelId             : loaded 2 times (x 72B)
Class com.android.builder.model.v2.ide.JUnitEngineInfo                                : loaded 2 times (x 70B)
Class com.android.tools.idea.gradle.project.sync.AndroidModule$V2                     : loaded 2 times (x 88B)
Class com.google.common.cache.Cache                                                   : loaded 2 times (x 70B)
Class com.google.common.base.Predicates$CompositionPredicate                          : loaded 2 times (x 88B)
Class com.google.common.collect.Sets$SetView                                          : loaded 2 times (x 138B)
Class com.google.common.cache.LocalCache$StrongValueReference                         : loaded 2 times (x 90B)
Class com.google.common.cache.LocalCache$Strength                                     : loaded 2 times (x 81B)
Class [Lorg.jetbrains.plugins.gradle.tooling.Message$Kind;                            : loaded 2 times (x 69B)
Class org.jetbrains.plugins.gradle.model.DefaultUnresolvedExternalDependency          : loaded 2 times (x 111B)
Class com.google.common.base.Stopwatch                                                : loaded 2 times (x 72B)
Class org.jetbrains.plugins.gradle.tooling.serialization.internal.IdeaProjectSerializationService$1: loaded 2 times (x 76B)
Class org.jetbrains.plugins.gradle.model.GradleConvention                             : loaded 2 times (x 70B)
Class com.android.tools.idea.gradle.project.sync.LibraryIdentity$LibraryIdentityProvider: loaded 2 times (x 72B)
Class org.gradle.tooling.model.SourceDirectory                                        : loaded 2 times (x 70B)
Class com.intellij.openapi.util.io.FileUtilRt                                         : loaded 2 times (x 71B)
Class org.jetbrains.plugins.gradle.model.GradleLightBuild                             : loaded 2 times (x 70B)
Class org.gradle.internal.impldep.com.google.common.base.Preconditions                : loaded 2 times (x 71B)
Class org.gradle.tooling.model.idea.IdeaSingleEntryLibraryDependency                  : loaded 2 times (x 70B)
Class org.gradle.tooling.model.ExternalDependency                                     : loaded 2 times (x 70B)
Class com.android.tools.idea.gradle.project.sync.ModelConsumerVersion                 : loaded 2 times (x 75B)
Class com.google.common.graph.SuccessorsFunction                                      : loaded 2 times (x 70B)
Class org.objectweb.asm.Type                                                          : loaded 2 times (x 72B)
Class org.gradle.internal.classloader.VisitableURLClassLoader$InstrumentingVisitableURLClassLoader: loaded 2 times (x 123B)
Class org.jetbrains.plugins.gradle.model.DefaultGradleLightProject                    : loaded 2 times (x 84B)
Class com.intellij.util.ExceptionUtilRt                                               : loaded 2 times (x 71B)
Class org.jetbrains.kotlin.idea.gradleTooling.reflect.KotlinSwiftExportReflection     : loaded 2 times (x 70B)
Class com.android.tools.idea.gradle.project.sync.AndroidModule$V1                     : loaded 2 times (x 88B)
Class com.intellij.openapi.util.SystemInfoRt                                          : loaded 2 times (x 71B)
Class com.intellij.openapi.diagnostic.Logger                                          : loaded 2 times (x 99B)
Class org.jetbrains.plugins.gradle.tooling.serialization.internal.IdeaProjectSerializationService$2: loaded 2 times (x 77B)
Class com.android.tools.idea.gradle.project.sync.AllVariantsSyncActionOptions         : loaded 2 times (x 73B)
Class com.android.tools.idea.gradle.model.impl.IdeProductFlavorImpl                   : loaded 2 times (x 101B)
Class com.android.tools.idea.gradle.project.sync.DeliverableAndroidModule             : loaded 2 times (x 76B)
Class org.jetbrains.plugins.gradle.tooling.builder.IntelliJSettingsBuilder            : loaded 2 times (x 78B)
Class jdk.internal.jimage.ImageHeader                                                 : loaded 2 times (x 71B)
Class org.gradle.api.internal.classpath.UnknownModuleException                        : loaded 2 times (x 82B)
Class com.google.common.cache.Weigher                                                 : loaded 2 times (x 70B)
Class com.android.tools.idea.gradle.project.sync.AndroidExtraModelProvider            : loaded 2 times (x 79B)
Class org.gradle.tooling.internal.consumer.versioning.VersionDetails$R48VersionDetails: loaded 2 times (x 80B)
Class com.android.tools.idea.gradle.project.sync.BuildModelsAndMap                    : loaded 2 times (x 72B)
Class com.intellij.gradle.toolingExtension.impl.model.taskModel.GradleTaskModelProvider: loaded 2 times (x 78B)
Class com.google.common.collect.MapMakerInternalMap$StrongKeyDummyValueEntry$Helper   : loaded 2 times (x 79B)
Class com.google.common.io.Files$FileByteSink                                         : loaded 2 times (x 77B)
Class com.google.common.math.IntMath$1                                                : loaded 2 times (x 71B)
Class org.objectweb.asm.ByteVector                                                    : loaded 2 times (x 79B)
Class [Lcom.google.common.cache.CacheBuilder$NullListener;                            : loaded 2 times (x 69B)
Class org.gradle.internal.classloader.VisitableURLClassLoader$Spec                    : loaded 2 times (x 74B)
Class org.gradle.internal.classpath.DefaultClassPath                                  : loaded 2 times (x 90B)
Class org.jetbrains.plugins.gradle.tooling.util.BooleanBiFunction                     : loaded 2 times (x 70B)
Class com.android.builder.model.v2.models.BasicTestSuite                              : loaded 2 times (x 70B)
Class [Lcom.android.tools.idea.gradle.model.IdeAaptOptions$Namespacing;               : loaded 2 times (x 69B)
Class com.intellij.gradle.toolingExtension.impl.model.sourceSetArtifactIndex.GradleSourceSetArtifactIndex: loaded 2 times (x 78B)
Class org.jetbrains.kotlin.idea.gradleTooling.KotlinMPPGradleModelBinary              : loaded 2 times (x 70B)
Class com.android.tools.idea.gradle.model.impl.IdeDependencyCoreImpl                  : loaded 2 times (x 76B)
Class com.intellij.openapi.externalSystem.model.project.dependencies.ArtifactDependencyNode: loaded 2 times (x 70B)
Class org.jetbrains.plugins.gradle.tooling.serialization.internal.IdeaProjectSerializationService$3: loaded 2 times (x 77B)
Class com.android.tools.idea.gradle.model.IdeAndroidLibrary                           : loaded 2 times (x 70B)
Class com.intellij.openapi.util.Comparing                                             : loaded 2 times (x 71B)
Class [Lcom.android.tools.idea.gradle.project.sync.AndroidModule$NativeModelVersion;  : loaded 2 times (x 69B)
Class com.android.tools.idea.gradle.model.impl.IdeAndroidProjectImpl$Companion        : loaded 2 times (x 71B)
Class com.android.tools.idea.gradle.model.impl.IdeAaptOptionsImpl                     : loaded 2 times (x 75B)
Class com.intellij.openapi.externalSystem.model.project.dependencies.ArtifactDependencyNodeImpl: loaded 2 times (x 95B)
Class com.intellij.gradle.toolingExtension.impl.util.GradleObjectUtil                 : loaded 2 times (x 71B)
Class org.jetbrains.kotlin.idea.gradleTooling.KotlinGradleModelImpl                   : loaded 2 times (x 85B)
Class ijJvmDebugger3_1zddk6si1dq5s20b4oumlqa01$_run_closure1$_closure2                : loaded 2 times (x 140B)
Class ijKotlinCoroutineJvmDebugInit3_afsi6dnf1uu2hifr1hgsp4ys6                        : loaded 2 times (x 171B)
Class org.gradle.api.internal.classpath.Module                                        : loaded 2 times (x 70B)
Class com.google.common.collect.ImmutableMapEntrySet                                  : loaded 2 times (x 152B)
Class org.apache.commons.io.output.NullOutputStream                                   : loaded 2 times (x 85B)
Class org.gradle.tooling.internal.consumer.versioning.VersionDetails$R26VersionDetails: loaded 2 times (x 80B)
Class com.google.common.base.AbstractIterator                                         : loaded 2 times (x 80B)
Class com.google.common.reflect.Types$ClassOwnership                                  : loaded 2 times (x 80B)
Class org.objectweb.asm.Symbol                                                        : loaded 2 times (x 73B)
Class org.gradle.tooling.model.java.InstalledJdk                                      : loaded 2 times (x 70B)
Class com.intellij.openapi.diagnostic.Logger$Factory                                  : loaded 2 times (x 70B)
Class org.jetbrains.kotlin.idea.gradleTooling.UtilsKt                                 : loaded 2 times (x 71B)
Class org.jetbrains.plugins.gradle.tooling.builder.ProjectRepositoriesModelBuilder    : loaded 2 times (x 78B)
Class org.jetbrains.kotlin.idea.gradleTooling.KotlinDslScriptTaskModelBuilder         : loaded 2 times (x 86B)
Class com.intellij.gradle.toolingExtension.impl.model.sourceSetArtifactIndex.GradleSourceSetArtifactModel: loaded 2 times (x 76B)
Class com.android.tools.idea.gradle.model.impl.IdeVariantCoreSerializable             : loaded 2 times (x 70B)
Class com.android.builder.model.v2.models.ndk.NativeBuildSystem                       : loaded 2 times (x 79B)
Class com.google.common.collect.ArrayListMultimapGwtSerializationDependencies         : loaded 2 times (x 172B)
Class com.android.tools.idea.gradle.model.IdeCompositeBuildMap                        : loaded 2 times (x 70B)
Class org.gradle.tooling.model.cpp.CppBinary                                          : loaded 2 times (x 70B)
Class com.google.common.io.Java8Compatibility                                         : loaded 2 times (x 71B)
Class com.google.common.io.Closer                                                     : loaded 2 times (x 78B)
Class com.google.common.collect.Sets$FilteredSet                                      : loaded 2 times (x 137B)
Class com.google.common.collect.RegularImmutableMap$Values                            : loaded 2 times (x 207B)
Class org.gradle.internal.classloader.ClassLoaderSpec                                 : loaded 2 times (x 71B)
Class com.google.common.collect.Multiset                                              : loaded 2 times (x 70B)
Class com.google.common.math.MathPreconditions                                        : loaded 2 times (x 71B)
Class org.jetbrains.kotlin.tooling.core.InternerKt                                    : loaded 2 times (x 71B)
Class org.jetbrains.plugins.gradle.model.DefaultExternalProjectDependency             : loaded 2 times (x 120B)
Class com.google.common.collect.ObjectArrays                                          : loaded 2 times (x 71B)
Class com.google.common.collect.FluentIterable$3                                      : loaded 2 times (x 81B)
Class org.jetbrains.plugins.gradle.tooling.builder.IntelliJProjectSettingsBuilder     : loaded 2 times (x 78B)
Class com.android.tools.idea.gradle.model.LibraryReference                            : loaded 2 times (x 72B)
Class com.android.tools.idea.gradle.model.IdeAaptOptions                              : loaded 2 times (x 70B)
Class com.android.builder.model.v2.ide.TestSuite                                      : loaded 2 times (x 70B)
Class com.google.common.collect.SortedLists$KeyAbsentBehavior$1                       : loaded 2 times (x 80B)
Class org.jetbrains.kotlin.idea.projectModel.KotlinTarget                             : loaded 2 times (x 70B)
Class com.android.tools.idea.gradle.model.ResolverType                                : loaded 2 times (x 79B)
Class org.jetbrains.kotlin.idea.gradleTooling.IdeaKpmProjectProvider                  : loaded 2 times (x 78B)
Class org.objectweb.asm.AnnotationWriter                                              : loaded 2 times (x 79B)
Class com.google.common.cache.CacheStats                                              : loaded 2 times (x 71B)
Class org.jetbrains.kotlin.idea.gradleTooling.MultiplatformModelImportingChecker      : loaded 2 times (x 70B)
Class com.google.common.primitives.Ints                                               : loaded 2 times (x 71B)
Class com.intellij.gradle.toolingExtension.impl.model.resourceFilterModel.GradleResourceFilterModelBuilder: loaded 2 times (x 71B)
Class com.google.common.reflect.Reflection                                            : loaded 2 times (x 71B)
Class com.google.common.base.Absent                                                   : loaded 2 times (x 80B)
Class org.jetbrains.kotlin.idea.gradleTooling.KotlinGradleModelBuilder                : loaded 2 times (x 86B)
Class org.jetbrains.plugins.gradle.tooling.serialization.internal.IdeaProjectSerializationService$6: loaded 2 times (x 76B)
Class com.google.common.collect.FluentIterable$2                                      : loaded 2 times (x 81B)
Class [Lcom.android.tools.idea.gradle.model.ClasspathType;                            : loaded 2 times (x 69B)
Class [Lcom.android.builder.model.v2.models.ndk.NativeBuildSystem;                    : loaded 2 times (x 69B)
Class org.gradle.tooling.internal.consumer.connection.InternalPhasedActionAdapter     : loaded 2 times (x 78B)
Class [Lcom.android.tools.idea.gradle.model.IdeArtifactName;                          : loaded 2 times (x 69B)
Class com.google.common.collect.SortedLists$KeyAbsentBehavior$2                       : loaded 2 times (x 80B)
Class com.google.common.collect.Cut$AboveAll                                          : loaded 2 times (x 88B)
Class com.intellij.gradle.toolingExtension.impl.util.GradleTreeTraverserUtil          : loaded 2 times (x 71B)
Class com.android.tools.idea.gradle.model.impl.FileImplKt                             : loaded 2 times (x 71B)
Class kotlin.jvm.internal.KotlinGenericDeclaration                                    : loaded 2 times (x 70B)
Class org.jetbrains.kotlin.idea.gradleTooling.reflect.ReflectionLogger                : loaded 2 times (x 70B)
Class com.android.tools.idea.gradle.project.sync.SyncCounters                         : loaded 2 times (x 72B)
Class org.jetbrains.plugins.gradle.model.DefaultBuildController                       : loaded 2 times (x 106B)
Class org.jetbrains.kotlin.idea.gradleTooling.model.lombok.LombokModel                : loaded 2 times (x 70B)
Class org.gradle.tooling.internal.consumer.connection.FetchAwareBuildControllerAdapter: loaded 2 times (x 112B)
Class com.intellij.gradle.toolingExtension.modelProvider.GradleClassBuildModelProvider: loaded 2 times (x 80B)
Class com.google.common.collect.Interners                                             : loaded 2 times (x 71B)
Class com.google.common.io.LineProcessor                                              : loaded 2 times (x 70B)
Class com.google.common.io.Closer$Suppressor                                          : loaded 2 times (x 70B)
Class com.google.common.collect.ImmutableMultisetGwtSerializationDependencies         : loaded 2 times (x 125B)
Class org.objectweb.asm.RecordComponentWriter                                         : loaded 2 times (x 78B)
Class com.google.common.util.concurrent.AbstractFuture$Listener                       : loaded 2 times (x 72B)
Class Settings_gradle$1$1                                                             : loaded 2 times (x 74B)
Class com.android.ide.gradle.model.composites.BuildMapModelBuilder                    : loaded 2 times (x 75B)
Class org.jetbrains.kotlin.idea.gradleTooling.reflect.KotlinSourceSetReflectionKt     : loaded 2 times (x 71B)
Class org.jetbrains.plugins.gradle.tooling.internal.DefaultRepositoryModels           : loaded 2 times (x 76B)
Class org.jetbrains.kotlin.idea.gradleTooling.ResolveCompilerArgumentsKt              : loaded 2 times (x 71B)
Class org.jetbrains.kotlin.idea.gradleTooling.reflect.KotlinMultiplatformImportReflectionImpl: loaded 2 times (x 76B)
Class org.jetbrains.kotlin.idea.gradleTooling.reflect.ReflectionReceiver$Instance     : loaded 2 times (x 77B)
Class com.intellij.gradle.toolingExtension.impl.model.warmUp.GradleTaskWarmUpService  : loaded 2 times (x 86B)
Class com.intellij.gradle.toolingExtension.impl.modelBuilder.DefaultModelBuilderContext: loaded 2 times (x 77B)
Class org.jetbrains.plugins.gradle.tooling.serialization.internal.IdeaProjectSerializationService$7: loaded 2 times (x 76B)
Class com.android.tools.idea.gradle.project.sync.DeliverableJavaModule                : loaded 2 times (x 76B)
Class com.intellij.openapi.util.io.FileUtil                                           : loaded 2 times (x 71B)
Class ijKotlinCoroutineJvmDebugInit3_afsi6dnf1uu2hifr1hgsp4ys6$_run_closure1          : loaded 2 times (x 139B)
Class org.gradle.api.internal.classpath.DefaultModuleRegistry$DefaultModule           : loaded 2 times (x 86B)
Class com.android.builder.model.v2.ide.TestSuiteArtifact                              : loaded 2 times (x 70B)
Class com.google.common.collect.SortedLists$KeyAbsentBehavior$3                       : loaded 2 times (x 80B)
Class com.google.common.collect.BiMap                                                 : loaded 2 times (x 70B)
Class com.intellij.gradle.toolingExtension.impl.modelAction.GradleDaemonModelHolder$1 : loaded 2 times (x 78B)
Class com.google.common.collect.ImmutableMap$1                                        : loaded 2 times (x 81B)
Class com.android.tools.idea.gradle.project.sync.AndroidExtraModelProviderImpl        : loaded 2 times (x 72B)
Class org.objectweb.asm.Attribute                                                     : loaded 2 times (x 77B)
Class com.google.common.base.Supplier                                                 : loaded 2 times (x 70B)
Class org.gradle.internal.classloader.VisitableURLClassLoader                         : loaded 2 times (x 117B)
Class com.android.ide.gradle.model.dependencies.DeclaredDependenciesModelBuilderKt    : loaded 2 times (x 71B)
Class org.jetbrains.kotlin.idea.gradleTooling.GeneratedSourceRootsKt                  : loaded 2 times (x 71B)
Class com.google.common.collect.IndexedImmutableSet                                   : loaded 2 times (x 152B)
Class org.objectweb.asm.FieldVisitor                                                  : loaded 2 times (x 77B)
Class com.google.common.collect.FluentIterable$1                                      : loaded 2 times (x 81B)
Class com.android.tools.idea.gradle.project.sync.ModuleId                             : loaded 2 times (x 72B)
Class org.jetbrains.kotlin.idea.gradleTooling.model.allopen.AllOpenModelBuilderService: loaded 2 times (x 85B)
Class sync_studio_tooling61342_dfd2td9qy0xavum328adq6imx                              : loaded 2 times (x 171B)
Class org.jetbrains.plugins.gradle.tooling.serialization.internal.IdeaProjectSerializationService$8: loaded 2 times (x 76B)
Class com.intellij.openapi.util.io.FileUtil$1                                         : loaded 2 times (x 77B)
Class com.android.tools.idea.gradle.model.IdeBuildType                                : loaded 2 times (x 70B)
Class com.android.tools.idea.gradle.project.sync.ArtifactRef                          : loaded 2 times (x 71B)
Class com.android.tools.idea.gradle.project.sync.VariantSelectionChange               : loaded 2 times (x 72B)
Class com.android.tools.idea.gradle.project.sync.InternedModels$nameLibraries$IdeModelAndReferenceAndIdentity: loaded 2 times (x 75B)
Class com.intellij.gradle.toolingExtension.impl.modelSerialization.ToolingSerializer  : loaded 2 times (x 72B)
Class com.android.tools.idea.gradle.project.sync.GradleModulesKt                      : loaded 2 times (x 71B)
Class org.jetbrains.plugins.gradle.tooling.serialization.internal.IdeaProjectSerializationService$WriteContext$FilePathComparator: loaded 2 times (x 91B)
Class org.gradle.tooling.model.eclipse.EclipseProject                                 : loaded 2 times (x 70B)
Class com.intellij.gradle.toolingExtension.impl.model.projectModel.GradleExternalProjectModelBuilder: loaded 2 times (x 86B)
Class com.google.common.collect.ImmutableList$SerializedForm                          : loaded 2 times (x 73B)
Class Settings_gradle                                                                 : loaded 2 times (x 124B)
Class org.jetbrains.kotlin.idea.gradleTooling.KotlinMPPGradleModelBuilder$Companion   : loaded 2 times (x 71B)
Class org.jetbrains.kotlin.idea.gradleTooling.reflect.KotlinAndroidSourceSetInfoReflection: loaded 2 times (x 70B)
Class com.intellij.gradle.toolingExtension.impl.model.dependencyModel.GradleDependencyResolver$1: loaded 2 times (x 77B)
Class jdk.internal.jimage.ImageBufferCache$2                                          : loaded 2 times (x 91B)
Class org.jetbrains.kotlin.idea.gradleTooling.PrepareKotlinIdeaImportTaskModelBuilder : loaded 2 times (x 86B)
Class org.jetbrains.kotlin.gradle.idea.kpm.IdeaKpmProjectContainer                    : loaded 2 times (x 70B)
Class com.android.tools.idea.gradle.project.sync.IndexedModels                        : loaded 2 times (x 72B)
Class org.gradle.internal.classloader.ClasspathUtil$1                                 : loaded 2 times (x 76B)
Class com.intellij.openapi.util.io.FileUtil$2                                         : loaded 2 times (x 82B)
Class com.android.tools.idea.gradle.model.IdeUnresolvedUnknownLibrary                 : loaded 2 times (x 70B)
Class com.google.common.cache.CacheLoader$UnsupportedLoadingOperationException        : loaded 2 times (x 82B)
Class com.android.tools.idea.gradle.model.IdeAndroidProject                           : loaded 2 times (x 70B)
Class org.objectweb.asm.ClassWriter                                                   : loaded 2 times (x 106B)
Class com.google.common.collect.AbstractMapBasedMultimap$KeySet$1                     : loaded 2 times (x 82B)
Class com.android.tools.idea.gradle.project.sync.MeasurementCheckpoint                : loaded 2 times (x 79B)
Class org.jetbrains.plugins.gradle.model.DefaultDependencyAccessorsModel              : loaded 2 times (x 76B)
Class com.google.common.collect.MapMakerInternalMap                                   : loaded 2 times (x 161B)
Class com.google.common.collect.HashBiMap                                             : loaded 2 times (x 143B)
Class com.google.common.base.Strings                                                  : loaded 2 times (x 71B)
Class com.google.common.collect.Sets                                                  : loaded 2 times (x 71B)
Class org.objectweb.asm.Handler                                                       : loaded 2 times (x 72B)
Class com.google.common.base.Ticker                                                   : loaded 2 times (x 72B)
Class org.jetbrains.plugins.gradle.model.DefaultExternalTask                          : loaded 2 times (x 83B)
Class jdk.internal.jimage.ImageBufferCache$1                                          : loaded 2 times (x 83B)
Class org.jetbrains.plugins.gradle.model.DefaultGradleLightBuild                      : loaded 2 times (x 82B)
Class com.android.tools.idea.gradle.project.sync.Modules                              : loaded 2 times (x 71B)
Class org.jetbrains.plugins.gradle.tooling.builder.WarModelBuilderImplKt              : loaded 2 times (x 71B)
Class com.android.builder.model.v2.ide.BasicTestSuiteArtifact                         : loaded 2 times (x 70B)
Class com.android.builder.model.v2.ide.TestSuiteTestInfo                              : loaded 2 times (x 70B)
Class com.android.tools.idea.gradle.model.impl.IdeUnresolvedLibraryTableImpl          : loaded 2 times (x 75B)
Class org.jetbrains.kotlin.idea.gradleTooling.reflect.ReflectionReceiver$Static       : loaded 2 times (x 77B)
Class com.google.common.util.concurrent.UncheckedExecutionException                   : loaded 2 times (x 82B)
Class com.intellij.util.containers.UtilKt                                             : loaded 2 times (x 71B)
Class com.android.tools.idea.gradle.model.impl.IdeSourceProviderContainerImpl         : loaded 2 times (x 76B)
Class com.android.tools.idea.gradle.project.sync.BasicModulesKt                       : loaded 2 times (x 71B)
Class com.android.tools.idea.gradle.project.upgrade.AndroidGradlePluginCompatibility  : loaded 2 times (x 79B)
Class com.google.common.collect.Cut$AboveValue                                        : loaded 2 times (x 88B)
Class com.google.common.io.ByteSink$AsCharSink                                        : loaded 2 times (x 80B)
Class com.android.tools.idea.gradle.project.sync.ModelVersions                        : loaded 2 times (x 72B)
Class org.gradle.tooling.internal.consumer.converters.FixedBuildIdentifierProvider    : loaded 2 times (x 75B)
Class com.android.tools.idea.gradle.project.sync.SyncProjectActionOptions             : loaded 2 times (x 73B)
Class org.gradle.tooling.BuildController                                              : loaded 2 times (x 70B)
Class com.google.common.cache.RemovalCause$1                                          : loaded 2 times (x 80B)
Class [Lcom.google.common.cache.LocalCache$Segment;                                   : loaded 2 times (x 69B)
Class [Lcom.google.common.cache.LocalCache$Strength;                                  : loaded 2 times (x 69B)
Class com.google.common.cache.CacheBuilder$1                                          : loaded 2 times (x 85B)
Class com.google.common.collect.ImmutableMap                                          : loaded 2 times (x 120B)
Class org.gradle.internal.classpath.DefaultClassPath$ImmutableUniqueList$Builder      : loaded 2 times (x 75B)
Class io.opentelemetry.context.ForwardingExecutorService                              : loaded 2 times (x 104B)
Class com.android.tools.idea.gradle.project.sync.HasBasicGradleProject                : loaded 2 times (x 70B)
Class com.google.gson.TypeAdapter$NullSafeTypeAdapter                                 : loaded 2 times (x 74B)
Class org.jetbrains.plugins.gradle.tooling.internal.ClasspathEntryModelImpl           : loaded 2 times (x 80B)
Class org.jetbrains.kotlin.idea.gradleTooling.reflect.ParameterList$Companion         : loaded 2 times (x 71B)
Class jdk.internal.jimage.ImageLocation                                               : loaded 2 times (x 90B)
Class com.google.common.util.concurrent.AbstractFuture$Trusted                        : loaded 2 times (x 70B)
Class com.google.common.base.Optional                                                 : loaded 2 times (x 80B)
Class com.android.tools.idea.gradle.model.impl.IdeBuildImpl                           : loaded 2 times (x 76B)
Class com.android.tools.idea.gradle.project.sync.ModelCacheV2ImplKt$modelCacheV2Impl$createFromDependencies$1$LibraryWithDependencies: loaded 2 times (x 72B)
Class com.android.tools.idea.gradle.model.impl.IdeViewBindingOptionsImpl              : loaded 2 times (x 74B)
Class org.jetbrains.plugins.gradle.tooling.builder.ProjectExtensionsDataBuilderImpl   : loaded 2 times (x 78B)
Class com.android.tools.idea.gradle.model.IdeBasicVariant                             : loaded 2 times (x 70B)
Class com.android.tools.idea.gradle.model.impl.IdeJavaCompileOptionsImpl              : loaded 2 times (x 78B)
Class com.google.common.cache.RemovalCause$2                                          : loaded 2 times (x 80B)
Class com.google.common.collect.MapMakerInternalMap$WeakValueReference                : loaded 2 times (x 70B)
Class com.google.common.cache.LocalCache                                              : loaded 2 times (x 187B)
Class com.google.common.cache.CacheBuilder$2                                          : loaded 2 times (x 79B)
Class ijJvmDebugger3_1zddk6si1dq5s20b4oumlqa01                                        : loaded 2 times (x 171B)
Class com.android.ide.common.gradle.Component                                         : loaded 2 times (x 72B)
Class org.jetbrains.plugins.gradle.tooling.serialization.internal.IdeaProjectSerializationService$TestResourceDirectoriesGetter: loaded 2 times (x 75B)
Class com.intellij.gradle.toolingExtension.impl.util.javaPluginUtil.JavaPluginAccessor: loaded 2 times (x 70B)
Class com.intellij.openapi.externalSystem.model.project.dependencies.ProjectDependenciesImpl: loaded 2 times (x 77B)
Class org.jetbrains.kotlin.idea.gradleTooling.model.samWithReceiver.SamWithReceiverModel: loaded 2 times (x 70B)
Class com.intellij.gradle.toolingExtension.impl.model.buildScriptClasspathModel.GradleBuildScriptClasspathCache: loaded 2 times (x 75B)
Class org.jetbrains.kotlin.idea.gradleTooling.reflect.KotlinExtensionReflection       : loaded 2 times (x 72B)
Class org.jetbrains.kotlin.idea.gradleTooling.reflect.KotlinExtensionReflection$Companion: loaded 2 times (x 71B)
Class com.google.common.cache.LocalCache$2                                            : loaded 2 times (x 142B)
Class com.google.common.collect.AbstractMultimap                                      : loaded 2 times (x 123B)
Class com.android.tools.idea.gradle.project.sync.VariantSelectionKt                   : loaded 2 times (x 71B)
Class com.google.common.collect.Sets$ImprovedAbstractSet                              : loaded 2 times (x 135B)
Class com.android.tools.idea.gradle.project.sync.AndroidProjectResult$V2Project       : loaded 2 times (x 77B)
Class com.google.common.reflect.TypeToken$SimpleTypeToken                             : loaded 2 times (x 73B)
Class com.android.tools.idea.gradle.project.sync.LibraryIdentity$LibraryIdentityProvider$special$$inlined$thenBy$1: loaded 2 times (x 90B)
Class com.google.common.collect.MapMakerInternalMap$AbstractStrongKeyEntry            : loaded 2 times (x 80B)
Class com.intellij.gradle.toolingExtension.impl.util.javaPluginUtil.JavaPluginUtil    : loaded 2 times (x 71B)
Class com.intellij.compose.ide.plugin.gradleTooling.rt.ComposeResourcesExtension      : loaded 2 times (x 72B)
Class com.google.common.collect.AbstractMapEntry                                      : loaded 2 times (x 81B)
Class com.google.common.cache.LocalCache$1                                            : loaded 2 times (x 89B)
Class com.google.common.collect.SingletonImmutableBiMap                               : loaded 2 times (x 143B)
Class com.google.common.cache.RemovalCause$3                                          : loaded 2 times (x 80B)
Class com.google.common.collect.ArrayListMultimap                                     : loaded 2 times (x 172B)
Class com.google.common.cache.CacheBuilder$3                                          : loaded 2 times (x 72B)
Class [Lcom.google.common.collect.AbstractMapEntry;                                   : loaded 2 times (x 69B)
Class com.google.common.collect.ImmutableEntry                                        : loaded 2 times (x 82B)
Class jdk.internal.jimage.ImageStrings                                                : loaded 2 times (x 70B)
Class com.google.common.base.Ascii                                                    : loaded 2 times (x 71B)
Class com.google.common.collect.HashBiMap$BiEntry                                     : loaded 2 times (x 83B)
Class org.jetbrains.kotlin.idea.gradleTooling.model.kapt.KaptGradleModelImpl          : loaded 2 times (x 77B)
Class org.jetbrains.plugins.gradle.tooling.util.BiFunction                            : loaded 2 times (x 70B)
Class org.jetbrains.plugins.gradle.model.AbstractExternalDependency                   : loaded 2 times (x 106B)
Class com.intellij.gradle.toolingExtension.impl.util.GradleExecutorServiceUtil        : loaded 2 times (x 71B)
Class org.jetbrains.kotlin.idea.gradleTooling.PrepareKotlinIdeaImportTaskModelBuilder$Messages: loaded 2 times (x 71B)
Class com.android.tools.idea.gradle.project.sync.VariantDependenciesCompat$AdjacencyList: loaded 2 times (x 72B)
Class org.jetbrains.kotlin.tooling.core.InternerImpl$Store$Strong                     : loaded 2 times (x 76B)
Class org.jetbrains.kotlin.idea.gradleTooling.reflect.KotlinCompilerArgumentsResolverReflection: loaded 2 times (x 70B)
Class org.jetbrains.plugins.gradle.tooling.serialization.ExternalTestsSerializationService$1: loaded 2 times (x 76B)
Class com.intellij.gradle.toolingExtension.impl.model.dependencyGraphModel.GradleDependencyReportGenerator: loaded 2 times (x 73B)
Class com.android.ide.common.gradle.NonNumeric                                        : loaded 2 times (x 77B)
Class jdk.internal.jrtfs.JrtFileSystemProvider                                        : loaded 2 times (x 101B)
Class org.gradle.internal.service.ServiceLocator                                      : loaded 2 times (x 70B)
Class com.android.tools.idea.gradle.model.IdeAaptOptions$Namespacing                  : loaded 2 times (x 79B)
Class [Lorg.objectweb.asm.Type;                                                       : loaded 2 times (x 69B)
Class com.android.tools.idea.gradle.model.IdeApiVersion                               : loaded 2 times (x 70B)
Class com.google.common.collect.Platform                                              : loaded 2 times (x 71B)
Class org.gradle.tooling.internal.consumer.connection.ParameterAwareBuildControllerAdapter: loaded 2 times (x 112B)
Class com.android.tools.idea.gradle.project.sync.ModelConverter                       : loaded 2 times (x 71B)
Class org.gradle.tooling.model.eclipse.EclipseExternalDependency                      : loaded 2 times (x 70B)
Class org.gradle.tooling.internal.adapter.ProtocolToModelAdapter$TypeSpecificMappingAction: loaded 2 times (x 81B)
Class org.gradle.tooling.model.eclipse.HierarchicalEclipseProject                     : loaded 2 times (x 70B)
Class org.gradle.tooling.internal.consumer.versioning.VersionDetails$R35VersionDetails: loaded 2 times (x 80B)
Class com.google.common.cache.RemovalCause$4                                          : loaded 2 times (x 80B)
Class com.google.common.base.Suppliers$MemoizingSupplier                              : loaded 2 times (x 79B)
Class org.apache.commons.io.StandardLineSeparator                                     : loaded 2 times (x 79B)
Class com.google.common.collect.CollectPreconditions                                  : loaded 2 times (x 71B)
Class com.android.tools.idea.gradle.project.sync.SyncActionRunnerKt$toMeasuringController$1: loaded 2 times (x 90B)
Class com.google.common.collect.TreeRangeSet$AsRanges                                 : loaded 2 times (x 149B)
Class org.jetbrains.plugins.gradle.model.ModelFactory                                 : loaded 2 times (x 71B)
Class org.jetbrains.plugins.gradle.tooling.serialization.ToolingStreamApiUtilsKt      : loaded 2 times (x 71B)
Class com.android.tools.idea.gradle.project.sync.AndroidModule$NativeModelVersion     : loaded 2 times (x 79B)
Class org.jetbrains.plugins.gradle.tooling.ModelBuilderContext$DataProvider           : loaded 2 times (x 70B)
Class com.android.tools.idea.gradle.project.sync.IdeModelWithPostProcessor            : loaded 2 times (x 72B)
Class com.android.tools.idea.gradle.model.impl.IdeModuleWellKnownSourceSet$Companion  : loaded 2 times (x 71B)
Class com.android.tools.idea.gradle.project.sync.IdeModelFactoryV2Kt                  : loaded 2 times (x 71B)
Class com.android.ide.common.gradle.Version$Companion$ParseState$NONNUMERIC           : loaded 2 times (x 74B)
Class com.android.tools.idea.gradle.project.sync.NativeVariantAbiResult$None          : loaded 2 times (x 71B)
Class com.android.tools.idea.gradle.project.sync.VariantSelectionChange$Companion     : loaded 2 times (x 71B)
Class com.google.common.base.MoreObjects                                              : loaded 2 times (x 71B)
Class com.google.common.cache.RemovalCause$5                                          : loaded 2 times (x 80B)
Class [Lcom.google.common.collect.MapMakerInternalMap$Strength;                       : loaded 2 times (x 69B)
Class [Lcom.google.common.io.FileWriteMode;                                           : loaded 2 times (x 69B)
Class com.google.common.collect.Maps$AbstractFilteredMap                              : loaded 2 times (x 127B)
Class com.google.common.collect.SortedMapDifference                                   : loaded 2 times (x 70B)
Class org.jetbrains.kotlin.tooling.core.KotlinToolingVersion$Maturity                 : loaded 2 times (x 79B)
Class org.apache.commons.io.output.ByteArrayOutputStream                              : loaded 2 times (x 102B)
Class com.google.common.collect.BaseImmutableMultimap                                 : loaded 2 times (x 123B)
Class com.google.common.collect.EmptyImmutableListMultimap                            : loaded 2 times (x 176B)
Class com.google.common.reflect.TypeResolver$TypeVariableKey                          : loaded 2 times (x 72B)
Class org.gradle.tooling.internal.consumer.converters.IdeaProjectJavaLanguageSettingsMixin: loaded 2 times (x 73B)
Class [Lcom.intellij.openapi.externalSystem.model.project.IExternalSystemSourceType;  : loaded 2 times (x 69B)
Class com.android.tools.idea.gradle.project.sync.BuildInfo                            : loaded 2 times (x 72B)
Class com.android.tools.idea.gradle.project.sync.IdeAndroidModels                     : loaded 2 times (x 72B)
Class com.android.tools.idea.gradle.project.sync.SyncProjectActionWorker$populateAndroidModels$3$1: loaded 2 times (x 129B)
Class com.android.tools.idea.gradle.model.IdeUnresolvedArtifactLibrary                : loaded 2 times (x 70B)
Class com.android.tools.idea.gradle.model.IdeBuildTasksAndOutputInformation           : loaded 2 times (x 70B)
Class [Lcom.android.tools.idea.gradle.model.IdeAndroidProjectType;                    : loaded 2 times (x 69B)
Class com.android.builder.model.v2.models.TestApkTestSuiteSource                      : loaded 2 times (x 70B)
Class com.android.tools.idea.gradle.project.sync.ModelCacheV2ImplKt                   : loaded 2 times (x 71B)
Class org.jetbrains.kotlin.idea.gradleTooling.KotlinDslScriptModelProvider            : loaded 2 times (x 78B)
Class com.google.common.cache.LocalCache$HashIterator                                 : loaded 2 times (x 86B)
Class com.google.common.collect.MapMakerInternalMap$StrongKeyDummyValueSegment        : loaded 2 times (x 142B)
Class com.google.common.collect.Iterables$4                                           : loaded 2 times (x 81B)
Class com.google.common.io.Files                                                      : loaded 2 times (x 71B)
Class com.google.common.cache.LocalCache$EntryFactory                                 : loaded 2 times (x 83B)
Class [Lorg.jetbrains.kotlin.idea.gradleTooling.reflect.Parameter;                    : loaded 2 times (x 69B)
Class com.android.tools.idea.gradle.model.IdeSigningConfig                            : loaded 2 times (x 70B)
Class com.android.tools.idea.gradle.model.IdeLibrary                                  : loaded 2 times (x 70B)
Class com.intellij.gradle.toolingExtension.impl.model.sourceSetModel.GradleSourceSetModelBuilder: loaded 2 times (x 86B)
Class org.jetbrains.kotlin.idea.gradleTooling.model.assignment.AssignmentModel        : loaded 2 times (x 70B)
Class org.jetbrains.kotlin.idea.gradleTooling.model.samWithReceiver.SamWithReceiverModelBuilderService: loaded 2 times (x 85B)
Class org.jetbrains.kotlin.idea.gradleTooling.ModelBuilderUtilsKt                     : loaded 2 times (x 71B)
Class com.google.common.cache.CacheLoader$FunctionToCacheLoader                       : loaded 2 times (x 75B)
Class com.intellij.openapi.externalSystem.model.project.dependencies.ComponentDependencies: loaded 2 times (x 70B)
Class org.jetbrains.plugins.gradle.tooling.ModelBuilderService$Ex                     : loaded 2 times (x 70B)
Class org.apache.commons.io.output.UnsynchronizedByteArrayOutputStream                : loaded 2 times (x 102B)
Class com.android.tools.idea.gradle.model.impl.IdeModuleSourceSet                     : loaded 2 times (x 70B)
Class com.google.common.collect.ImmutableListMultimap                                 : loaded 2 times (x 176B)
Class com.google.common.reflect.Types$ParameterizedTypeImpl                           : loaded 2 times (x 81B)
Class org.gradle.tooling.model.Task                                                   : loaded 2 times (x 70B)
Class com.google.common.collect.Maps$IteratorBasedAbstractMap$1                       : loaded 2 times (x 138B)
Class com.android.tools.idea.gradle.project.sync.SelectedVariants                     : loaded 2 times (x 72B)
Class com.intellij.gradle.toolingExtension.impl.modelSerialization.ToolingSerializer$1: loaded 2 times (x 76B)
Class com.android.tools.idea.gradle.model.IdeBuild                                    : loaded 2 times (x 70B)
Class org.jetbrains.kotlin.idea.projectModel.ExtraFeatures                            : loaded 2 times (x 70B)
Class [Lcom.google.common.collect.MapMaker$Dummy;                                     : loaded 2 times (x 69B)
Class com.google.common.base.CharMatcher$Whitespace                                   : loaded 2 times (x 112B)
Class com.google.common.collect.Iterables$5                                           : loaded 2 times (x 81B)
Class com.google.common.reflect.Types$NativeTypeVariableEquals                        : loaded 2 times (x 71B)
Class com.google.common.reflect.TypeParameter                                         : loaded 2 times (x 72B)
Class com.google.common.cache.LocalCache$AbstractReferenceEntry                       : loaded 2 times (x 107B)
Class com.android.tools.idea.gradle.project.sync.ModelCache                           : loaded 2 times (x 70B)
Class com.android.tools.idea.gradle.model.impl.IdeDependenciesCoreImpl                : loaded 2 times (x 70B)
Class com.android.tools.idea.gradle.project.sync.AndroidProjectPathResolver           : loaded 2 times (x 70B)
Class com.android.tools.idea.gradle.project.sync.VariantDiscovery$prepareRequestedOrDefaultModuleConfigurations$$inlined$sortedBy$1: loaded 2 times (x 89B)
Class com.android.tools.idea.gradle.model.IdeArtifactName$Companion$WhenMappings      : loaded 2 times (x 71B)
Class org.jetbrains.kotlin.idea.gradleTooling.KotlinTaskPropertiesImpl                : loaded 2 times (x 78B)
Class org.jetbrains.plugins.gradle.model.web.WebConfiguration                         : loaded 2 times (x 70B)
Class org.jetbrains.plugins.gradle.tooling.serialization.GradleExtensionsSerializationService$3: loaded 2 times (x 76B)
Class com.android.ide.gradle.model.dependencies.DeclaredDependenciesImpl              : loaded 2 times (x 76B)
Class com.android.tools.idea.gradle.model.impl.IdeBuildTasksAndOutputInformationImpl  : loaded 2 times (x 80B)
Class com.android.tools.idea.gradle.model.IdeMultiVariantData                         : loaded 2 times (x 70B)
Class com.android.tools.idea.gradle.project.sync.BuildTypeDef                         : loaded 2 times (x 72B)
Class com.android.tools.idea.gradle.project.sync.IdeModelFactoryV2                    : loaded 2 times (x 72B)
Class com.android.ide.gradle.model.composites.BuildMapImpl                            : loaded 2 times (x 75B)
Class org.gradle.internal.classloader.InstrumentingClassLoader                        : loaded 2 times (x 70B)
Class org.gradle.internal.classpath.TransformedClassPath                              : loaded 2 times (x 96B)
Class com.android.tools.idea.gradle.project.sync.SyncActionRunner$Companion           : loaded 2 times (x 71B)
Class com.android.tools.idea.gradle.project.sync.SyncActionRunner                     : loaded 2 times (x 76B)
Class com.android.tools.idea.gradle.project.sync.GradleSyncStudioFlags                : loaded 2 times (x 72B)
Class com.intellij.gradle.toolingExtension.modelAction.GradleBuildFinishedModelFetchPhase: loaded 2 times (x 81B)
Class com.google.common.collect.ImmutableMapKeySet                                    : loaded 2 times (x 152B)
Class org.objectweb.asm.SymbolTable                                                   : loaded 2 times (x 72B)
Class com.google.common.cache.CacheLoader$InvalidCacheLoadException                   : loaded 2 times (x 82B)
Class org.gradle.internal.classloader.SystemClassLoaderSpec                           : loaded 2 times (x 71B)
Class ijKotlinCoroutineJvmDebugInit3_afsi6dnf1uu2hifr1hgsp4ys6$_run_closure1$_closure2: loaded 2 times (x 139B)
Class org.jetbrains.plugins.gradle.tooling.internal.VersionCatalogsModelImpl          : loaded 2 times (x 76B)
Class com.google.common.cache.CacheBuilder$NullListener                               : loaded 2 times (x 82B)
Class org.objectweb.asm.FieldWriter                                                   : loaded 2 times (x 78B)
Class com.intellij.gradle.toolingExtension.impl.model.taskModel.DefaultGradleTaskModel: loaded 2 times (x 75B)
Class com.android.tools.idea.gradle.project.sync.AndroidArtifactRef                   : loaded 2 times (x 72B)
Class com.google.common.reflect.Invokable                                             : loaded 2 times (x 103B)
Class com.google.common.collect.MapMaker$Dummy                                        : loaded 2 times (x 79B)
Class kotlin.coroutines.jvm.internal.CoroutineDumpState                               : loaded 2 times (x 71B)
Class org.gradle.tooling.model.idea.IdeaContentRoot                                   : loaded 2 times (x 70B)
Class com.android.tools.idea.gradle.model.IdeArtifactName                             : loaded 2 times (x 79B)
Class org.jetbrains.plugins.gradle.tooling.serialization.internal.IdeaProjectSerializationService$JdkGetter: loaded 2 times (x 75B)
Class org.jetbrains.plugins.gradle.tooling.serialization.internal.IdeaProjectSerializationService$ResourceDirectoriesGetter: loaded 2 times (x 75B)
Class org.jetbrains.kotlin.idea.gradleTooling.reflect.ParameterList                   : loaded 2 times (x 169B)
Class org.jetbrains.plugins.gradle.tooling.serialization.GradleExtensionsSerializationService$2: loaded 2 times (x 76B)
Class com.android.ide.gradle.model.artifacts.builder.AdditionalClassifierArtifactsModelBuilder: loaded 2 times (x 79B)
Class com.google.common.collect.FluentIterable                                        : loaded 2 times (x 81B)
Class com.google.common.cache.LocalCache$StrongEntry                                  : loaded 2 times (x 108B)
Class com.google.common.util.concurrent.AbstractFuture$TrustedFuture                  : loaded 2 times (x 114B)
Class com.google.common.cache.LoadingCache                                            : loaded 2 times (x 70B)
Class jdk.internal.jrtfs.JrtFileSystem                                                : loaded 2 times (x 102B)
Class com.google.gson.internal.Streams$AppendableWriter                               : loaded 2 times (x 99B)
Class com.google.common.collect.MapDifference                                         : loaded 2 times (x 70B)
Class com.google.common.cache.LocalCache$Strength$3                                   : loaded 2 times (x 81B)
Class com.google.common.collect.TransformedIterator                                   : loaded 2 times (x 80B)
Class org.jetbrains.kotlin.idea.gradleTooling.model.parcelize.ParcelizeGradleModel    : loaded 2 times (x 70B)
Class com.intellij.gradle.toolingExtension.impl.model.sourceSetModel.GradleSourceSetModelBuilder$1: loaded 2 times (x 83B)
Class [Lcom.google.common.collect.Maps$EntryFunction;                                 : loaded 2 times (x 69B)
Class com.google.common.base.Splitter$1                                               : loaded 2 times (x 77B)
Class com.google.common.collect.Interner                                              : loaded 2 times (x 70B)
Class org.jetbrains.plugins.gradle.tooling.builder.AnnotationProcessingModelBuilder   : loaded 2 times (x 86B)
Class com.intellij.openapi.diagnostic.Logger$DefaultFactory                           : loaded 2 times (x 74B)
Class com.android.tools.idea.gradle.project.sync.LibraryIdentity$Companion            : loaded 2 times (x 71B)
Class com.android.tools.idea.gradle.model.impl.IdeModuleWellKnownSourceSet            : loaded 2 times (x 84B)
Class com.android.tools.idea.gradle.project.sync.InternedModels                       : loaded 2 times (x 72B)
Class com.android.tools.idea.gradle.project.sync.BasicV2AndroidModuleGradleProject    : loaded 2 times (x 73B)
Class com.google.common.collect.Interners$InternerImpl                                : loaded 2 times (x 75B)
Class com.intellij.openapi.util.Pair                                                  : loaded 2 times (x 72B)
Class com.android.tools.idea.gradle.model.IdeAndroidProjectType                       : loaded 2 times (x 79B)
Class com.android.tools.idea.gradle.project.sync.ModelCacheV2ImplKt$modelCacheV2Impl$variantCoreFrom$15: loaded 2 times (x 129B)
Class org.gradle.tooling.internal.consumer.connection.NestedActionAwareBuildControllerAdapter: loaded 2 times (x 112B)
Class org.gradle.tooling.internal.consumer.versioning.VersionDetails$R51VersionDetails: loaded 2 times (x 80B)
Class org.gradle.tooling.model.gradle.GradleBuild                                     : loaded 2 times (x 70B)
Class org.gradle.tooling.internal.consumer.versioning.VersionDetails                  : loaded 2 times (x 80B)
Class com.google.common.base.Suppliers$NonSerializableMemoizingSupplier               : loaded 2 times (x 79B)
Class org.objectweb.asm.MethodWriter                                                  : loaded 2 times (x 106B)
Class [Lcom.google.common.cache.Weigher;                                              : loaded 2 times (x 69B)
Class com.google.common.collect.RegularImmutableMap$BucketOverflowException           : loaded 2 times (x 82B)
Class com.android.tools.idea.gradle.project.sync.ModelResult$Context                  : loaded 2 times (x 70B)
Class com.android.tools.idea.gradle.project.sync.DeliverableGradleModule$ModelConsumer: loaded 2 times (x 72B)
Class com.intellij.gradle.toolingExtension.impl.util.GradleProjectUtil                : loaded 2 times (x 71B)
Class org.jetbrains.kotlin.idea.gradleTooling.reflect.ReflectionReceiver              : loaded 2 times (x 70B)
Class com.intellij.gradle.toolingExtension.impl.model.sourceSetModel.GradleSourceSetModelBuilder$2: loaded 2 times (x 83B)
Class org.jetbrains.plugins.gradle.tooling.MessageReportBuilder                       : loaded 2 times (x 70B)
Class com.android.tools.idea.gradle.project.sync.DeliverableGradleModule              : loaded 2 times (x 76B)
Class com.intellij.openapi.diagnostic.LogLevel                                        : loaded 2 times (x 79B)
Class com.android.tools.idea.gradle.model.IdeUnknownLibraryImpl                       : loaded 2 times (x 83B)
Class org.jetbrains.plugins.gradle.tooling.serialization.GradleExtensionsSerializationService$1: loaded 2 times (x 76B)
Class com.android.tools.idea.gradle.project.sync.VariantDiscoveryKt                   : loaded 2 times (x 71B)
Class com.android.tools.idea.gradle.project.sync.HasAndroidVariantResolver            : loaded 2 times (x 70B)
Class com.google.common.cache.LocalCache$Strength$2                                   : loaded 2 times (x 81B)
Class com.google.common.collect.Cut                                                   : loaded 2 times (x 88B)
Class com.google.common.util.concurrent.SettableFuture                                : loaded 2 times (x 114B)
Class org.apache.commons.io.output.QueueOutputStream                                  : loaded 2 times (x 87B)
Class com.google.common.collect.AbstractMapBasedMultimap$RandomAccessWrappedList      : loaded 2 times (x 205B)
Class com.google.common.collect.ImmutableMultimap$1                                   : loaded 2 times (x 82B)
Class com.google.common.reflect.Types$ClassOwnership$3                                : loaded 2 times (x 71B)
Class org.jetbrains.plugins.gradle.tooling.Message$Kind                               : loaded 2 times (x 79B)
Class com.google.common.collect.Collections2$FilteredCollection                       : loaded 2 times (x 119B)
Class com.intellij.gradle.toolingExtension.impl.model.sourceSetModel.GradleSourceSetModelBuilder$3: loaded 2 times (x 83B)
Class org.jetbrains.kotlin.idea.gradleTooling.IdeaKotlinDependenciesContainer         : loaded 2 times (x 70B)
Class org.jetbrains.plugins.gradle.model.ProjectImportModelProvider$GradleModelConsumer$1: loaded 2 times (x 77B)
Class com.android.tools.idea.gradle.project.sync.AndroidExtraModelProviderKt$flattenDag$2: loaded 2 times (x 95B)
Class com.android.tools.idea.gradle.model.IdeVariantBuildInformation                  : loaded 2 times (x 70B)
Class com.android.tools.idea.gradle.project.sync.VariantDetails                       : loaded 2 times (x 72B)
Class com.android.tools.idea.gradle.model.impl.IdeVariantCoreImpl$Companion           : loaded 2 times (x 71B)
Class com.google.common.collect.Range$RangeLexOrdering                                : loaded 2 times (x 114B)
Class org.jetbrains.plugins.gradle.tooling.builder.DependencyAccessorsModelBuilder    : loaded 2 times (x 81B)
Class com.intellij.gradle.toolingExtension.impl.util.GradleIdeaPluginUtil             : loaded 2 times (x 71B)
Class com.android.ide.gradle.model.impl.GradlePluginModelImpl$Companion               : loaded 2 times (x 71B)
Class com.google.common.cache.LocalCache$Strength$1                                   : loaded 2 times (x 81B)
Class org.objectweb.asm.ModuleVisitor                                                 : loaded 2 times (x 81B)
Class com.google.common.collect.Sets$4                                                : loaded 2 times (x 139B)
Class com.google.common.collect.AbstractIterator$State                                : loaded 2 times (x 79B)
Class com.google.common.reflect.Types$JavaVersion$1                                   : loaded 2 times (x 83B)
Class com.google.common.collect.ImmutableMultimap$2                                   : loaded 2 times (x 81B)
Class com.google.common.collect.RegularImmutableBiMap                                 : loaded 2 times (x 149B)
Class com.google.common.cache.LocalCache$ValueReference                               : loaded 2 times (x 70B)
Class com.google.gson.internal.Streams                                                : loaded 2 times (x 71B)
Class com.google.common.reflect.TypeResolver                                          : loaded 2 times (x 72B)
Class com.google.common.reflect.Types$ClassOwnership$2                                : loaded 2 times (x 80B)
Class com.google.common.collect.MapMakerInternalMap$StrongValueEntry                  : loaded 2 times (x 70B)
Class com.android.tools.idea.gradle.model.IdeVariantHeader                            : loaded 2 times (x 70B)
Class com.intellij.openapi.externalSystem.model.project.dependencies.UnknownDependencyNode: loaded 2 times (x 87B)
Class com.intellij.gradle.toolingExtension.impl.model.sourceSetModel.GradleSourceSetResolutionContext: loaded 2 times (x 73B)
Class org.jetbrains.plugins.gradle.model.tests.ExternalTestSourceMapping              : loaded 2 times (x 70B)
Class com.android.tools.idea.gradle.project.sync.VariantDependenciesCompat            : loaded 2 times (x 72B)
Class com.intellij.compose.ide.plugin.gradleTooling.rt.ComposeResourcesExtension$Companion: loaded 2 times (x 71B)
Class com.android.tools.idea.gradle.model.IdeDependenciesInfo                         : loaded 2 times (x 70B)
Class org.gradle.internal.service.UnknownServiceException                             : loaded 2 times (x 83B)
Class com.google.common.cache.LocalCache$LocalLoadingCache                            : loaded 2 times (x 134B)
Class com.google.common.collect.Sets$3                                                : loaded 2 times (x 139B)
Class [Lorg.objectweb.asm.AnnotationVisitor;                                          : loaded 2 times (x 69B)
Class com.google.common.reflect.Types$JavaVersion$2                                   : loaded 2 times (x 83B)
Class com.google.common.reflect.Types                                                 : loaded 2 times (x 71B)
Class com.google.common.hash.PrimitiveSink                                            : loaded 2 times (x 70B)
Class com.google.common.base.PatternCompiler                                          : loaded 2 times (x 70B)
Class com.google.common.util.concurrent.AbstractFuture$Failure                        : loaded 2 times (x 72B)
Class com.google.common.base.Equivalence$Equals                                       : loaded 2 times (x 82B)
Class com.google.common.collect.Hashing                                               : loaded 2 times (x 71B)
Class com.android.ide.gradle.model.builder.LegacyAndroidGradlePluginPropertiesModelBuilder$Companion: loaded 2 times (x 71B)
Class org.jetbrains.plugins.gradle.model.DefaultGradleConfiguration                   : loaded 2 times (x 79B)
Class com.google.common.reflect.Types$ClassOwnership$1                                : loaded 2 times (x 80B)
Class com.intellij.gradle.toolingExtension.impl.model.dependencyModel.auxiliary.AuxiliaryConfigurationArtifacts: loaded 2 times (x 74B)
Class com.google.common.base.AbstractIterator$State                                   : loaded 2 times (x 79B)
Class com.google.common.collect.MapMakerInternalMap$Strength$2                        : loaded 2 times (x 80B)
Class com.android.tools.idea.gradle.project.sync.ModelProviderCachedData              : loaded 2 times (x 72B)
Class com.android.tools.idea.gradle.project.sync.SyncTestMode                         : loaded 2 times (x 79B)
Class org.jetbrains.plugins.gradle.model.ExternalSourceDirectorySet                   : loaded 2 times (x 70B)
Class com.android.tools.idea.gradle.project.sync.ModelCacheV2ImplKt$modelCacheV2Impl$variantCoreFrom$12: loaded 2 times (x 129B)
Class com.android.tools.idea.gradle.project.sync.ModelResult$Companion                : loaded 2 times (x 71B)
Class com.android.tools.idea.gradle.project.sync.AndroidProjectResultKt               : loaded 2 times (x 71B)
Class [Lcom.android.tools.idea.gradle.model.ResolverType;                             : loaded 2 times (x 69B)
Class com.android.tools.idea.gradle.project.sync.LibraryIdentity                      : loaded 2 times (x 72B)
Class com.android.tools.idea.gradle.model.IdeVariantCore                              : loaded 2 times (x 70B)
Class com.android.tools.idea.gradle.project.sync.ModuleConfiguration                  : loaded 2 times (x 72B)
Class org.jetbrains.kotlin.idea.gradleTooling.reflect.KotlinMultiplatformImportReflection: loaded 2 times (x 70B)
Class com.android.tools.idea.gradle.project.upgrade.AndroidGradlePluginCompatibilityKt: loaded 2 times (x 71B)
Class com.android.tools.idea.gradle.project.sync.BasicIncompleteAndroidModule         : loaded 2 times (x 73B)
Class com.android.ide.gradle.model.builder.LegacyV1AgpVersionModelBuilder             : loaded 2 times (x 75B)
Class com.android.tools.idea.gradle.project.sync.ActionToRun$toSafeController$1       : loaded 2 times (x 90B)
Class org.gradle.tooling.model.GradleTask                                             : loaded 2 times (x 70B)
Class org.gradle.api.internal.ClassPathProvider                                       : loaded 2 times (x 70B)
Class [Lorg.gradle.api.internal.ClassPathProvider;                                    : loaded 2 times (x 69B)
Class com.google.common.collect.Sets$2                                                : loaded 2 times (x 139B)
Class com.google.common.io.CharSink                                                   : loaded 2 times (x 79B)
Class com.google.common.reflect.Types$JavaVersion$3                                   : loaded 2 times (x 83B)
Class org.objectweb.asm.Label                                                         : loaded 2 times (x 73B)
Class org.objectweb.asm.CurrentFrame                                                  : loaded 2 times (x 73B)
Class org.objectweb.asm.ClassTooLargeException                                        : loaded 2 times (x 83B)
Class org.jetbrains.plugins.gradle.model.tests.DefaultExternalTestsModel              : loaded 2 times (x 77B)
Class org.jetbrains.kotlin.idea.gradleTooling.KotlinGradlePluginVersionKt             : loaded 2 times (x 71B)
Class org.jetbrains.kotlin.idea.gradleTooling.reflect.TypeToken$Companion             : loaded 2 times (x 71B)
Class com.google.common.collect.Maps$ViewCachingAbstractMap                           : loaded 2 times (x 125B)
Class [Lcom.google.common.base.Function;                                              : loaded 2 times (x 69B)
Class com.google.common.collect.MapMakerInternalMap$Strength$1                        : loaded 2 times (x 80B)
Class com.android.builder.model.AndroidProject                                        : loaded 2 times (x 70B)
Class com.google.common.collect.TreeRangeSet                                          : loaded 2 times (x 115B)
Class org.jetbrains.kotlin.idea.gradleTooling.model.parcelize.ParcelizeModelBuilderService: loaded 2 times (x 81B)
Class com.android.tools.idea.gradle.project.sync.DefaultVariantsKt$getDefaultVariant$$inlined$thenBy$2: loaded 2 times (x 90B)
Class com.android.tools.idea.gradle.model.impl.IdeAndroidProjectImpl                  : loaded 2 times (x 107B)
Class com.android.tools.idea.gradle.project.sync.VariantDiscovery                     : loaded 2 times (x 72B)
Class com.android.tools.idea.gradle.project.sync.VariantNameResolutionKt$buildVariantNameResolver$1: loaded 2 times (x 75B)
Class com.android.tools.idea.gradle.model.impl.IdeVariantBuildInformationImpl         : loaded 2 times (x 76B)
Class com.android.tools.idea.gradle.project.sync.DependencyGraphCompat                : loaded 2 times (x 71B)
Class com.intellij.gradle.toolingExtension.impl.model.utilTurnOffDefaultTasksModel.TurnOffDefaultTasksModelBuilder: loaded 2 times (x 86B)
Class org.jetbrains.kotlin.idea.gradleTooling.KotlinMPPGradleModelBuilder             : loaded 2 times (x 86B)
Class org.jetbrains.plugins.gradle.tooling.serialization.internal.adapter.InternalProjectIdentifier: loaded 2 times (x 76B)
Class com.intellij.gradle.toolingExtension.impl.util.GradleModelProviderUtil          : loaded 2 times (x 71B)
Class com.google.common.collect.Table                                                 : loaded 2 times (x 70B)
Class com.google.common.collect.MapMakerInternalMap$InternalEntryHelper               : loaded 2 times (x 70B)
Class com.google.common.collect.RangeGwtSerializationDependencies                     : loaded 2 times (x 71B)
Class com.google.common.collect.Maps$IteratorBasedAbstractMap                         : loaded 2 times (x 125B)
Class com.google.common.reflect.Types$JavaVersion$4                                   : loaded 2 times (x 83B)
Class org.objectweb.asm.Frame                                                         : loaded 2 times (x 73B)
Class org.objectweb.asm.MethodVisitor                                                 : loaded 2 times (x 105B)
Class com.google.common.cache.LocalCache$EntryFactory$1                               : loaded 2 times (x 83B)
Class [Lcom.google.common.cache.RemovalListener;                                      : loaded 2 times (x 69B)
Class com.intellij.gradle.toolingExtension.impl.model.dependencyModel.GradleDependencyTraverser$Itr: loaded 2 times (x 83B)
Class com.intellij.util.ExceptionUtilRt$1                                             : loaded 2 times (x 129B)
Class org.gradle.api.internal.DefaultClassPathProvider                                : loaded 2 times (x 76B)
Class org.objectweb.asm.AnnotationVisitor                                             : loaded 2 times (x 78B)
Class com.google.common.collect.Sets$1                                                : loaded 2 times (x 139B)
Class org.jetbrains.kotlin.idea.gradleTooling.OrphanSourceSetImportingChecker         : loaded 2 times (x 74B)
Class com.android.tools.idea.gradle.project.sync.SyncVariantResult                    : loaded 2 times (x 72B)
Class com.google.common.collect.ImmutableSet$SerializedForm                           : loaded 2 times (x 73B)
Class com.android.tools.idea.gradle.model.impl.IdeVectorDrawablesOptionsImpl          : loaded 2 times (x 75B)
Class org.jetbrains.kotlin.idea.gradleTooling.model.kapt.KaptSourceSetModel           : loaded 2 times (x 70B)
Class com.google.common.base.Splitter                                                 : loaded 2 times (x 72B)
Class org.jetbrains.kotlin.idea.projectModel.KotlinSwiftExportModel                   : loaded 2 times (x 70B)
Class org.gradle.tooling.internal.consumer.versioning.VersionDetails$R28VersionDetails: loaded 2 times (x 80B)
Class com.google.common.reflect.Types$JavaVersion$5                                   : loaded 2 times (x 71B)
Class [Lcom.google.common.reflect.Types$ClassOwnership;                               : loaded 2 times (x 69B)
Class com.google.common.cache.LocalCache$EntryFactory$2                               : loaded 2 times (x 83B)
Class org.gradle.api.internal.classpath.GlobalCacheRootsProvider                      : loaded 2 times (x 70B)
Class org.gradle.tooling.internal.consumer.converters.ConsumerTargetTypeProvider      : loaded 2 times (x 76B)
Class com.google.common.collect.Cut$BelowValue                                        : loaded 2 times (x 88B)
Class com.google.common.collect.Iterators$PeekingImpl                                 : loaded 2 times (x 85B)
Class com.android.tools.idea.gradle.project.sync.JavaModule                           : loaded 2 times (x 78B)
Class com.android.tools.idea.gradle.project.sync.DefaultVariantsKt$getDefaultVariant$$inlined$thenBy$1: loaded 2 times (x 90B)
Class com.android.builder.model.v2.models.TestSuiteDependenciesAdjacencyList          : loaded 2 times (x 70B)
Class [Lcom.android.tools.idea.gradle.model.impl.IdeModuleSourceSet;                  : loaded 2 times (x 69B)
Class org.jetbrains.kotlin.idea.gradleTooling.model.lombok.LombokModelBuilderService  : loaded 2 times (x 87B)
Class org.jetbrains.kotlin.idea.gradleTooling.model.allopen.AllOpenModel              : loaded 2 times (x 70B)
Class com.android.ide.common.gradle.Component$Companion                               : loaded 2 times (x 71B)
Class com.android.tools.idea.gradle.model.IdeLintOptions                              : loaded 2 times (x 70B)
Class com.android.tools.idea.gradle.project.sync.VariantAssetSourceProviderContext    : loaded 2 times (x 72B)
Class com.android.tools.idea.gradle.project.sync.DefaultVariantsKt$getDefaultVariant$$inlined$compareBy$1: loaded 2 times (x 90B)
Class com.android.builder.model.v2.dsl.ClassField                                     : loaded 2 times (x 70B)
Class com.google.common.collect.Cut$BelowAll                                          : loaded 2 times (x 88B)
Class com.android.tools.idea.gradle.project.sync.AndroidExtraModelProviderWorkerKt    : loaded 2 times (x 71B)
Class org.jetbrains.plugins.gradle.tooling.util.ClassMap                              : loaded 2 times (x 72B)
Class org.jetbrains.plugins.gradle.tooling.Message$FilePosition                       : loaded 2 times (x 75B)
Class com.google.common.collect.ImmutableEnumMap                                      : loaded 2 times (x 126B)
Class com.google.common.collect.CollectCollectors                                     : loaded 2 times (x 71B)
Class org.objectweb.asm.ModuleWriter                                                  : loaded 2 times (x 82B)
Class com.google.common.cache.LocalCache$EntryFactory$3                               : loaded 2 times (x 83B)
Class com.google.common.base.Ticker$1                                                 : loaded 2 times (x 72B)
Class com.google.common.collect.Maps$BiMapConverter                                   : loaded 2 times (x 90B)
Class com.google.common.collect.ImmutableMapEntrySet$RegularEntrySet                  : loaded 2 times (x 152B)
Class com.google.common.collect.ListMultimap                                          : loaded 2 times (x 70B)
Class org.apache.commons.io.output.StringBuilderWriter                                : loaded 2 times (x 100B)
Class [Lorg.apache.commons.io.StandardLineSeparator;                                  : loaded 2 times (x 69B)
Class org.jetbrains.kotlin.idea.gradleTooling.reflect.GradleReflectionLogger          : loaded 2 times (x 75B)
Class com.google.common.collect.CollectSpliterators$1WithCharacteristics              : loaded 2 times (x 90B)
Class com.intellij.gradle.toolingExtension.modelAction.GradleModelFetchPhase$BuildFinished: loaded 2 times (x 70B)
Class org.jetbrains.kotlin.idea.projectModel.KotlinTarget$Companion                   : loaded 2 times (x 71B)
Class org.gradle.tooling.internal.adapter.ProtocolToModelAdapter$ClassMixInMethodInvoker: loaded 2 times (x 76B)
Class com.android.tools.idea.gradle.model.IdeAndroidLibraryImpl$Companion             : loaded 2 times (x 71B)
Class com.android.tools.idea.gradle.model.IdeAndroidArtifactCore                      : loaded 2 times (x 70B)
Class com.android.tools.idea.gradle.model.impl.IdeApiVersionImpl                      : loaded 2 times (x 77B)
Class com.android.tools.idea.gradle.project.sync.AndroidProjectResult$Companion       : loaded 2 times (x 71B)
Class org.jetbrains.kotlin.idea.gradleTooling.AndroidAwareGradleModelProvider$populateModels$1: loaded 2 times (x 74B)
Class com.google.common.collect.SortedLists$KeyPresentBehavior$1                      : loaded 2 times (x 80B)
Class org.gradle.tooling.model.kotlin.dsl.EditorReportSeverity                        : loaded 2 times (x 79B)
Class com.intellij.gradle.toolingExtension.impl.modelAction.GradleDaemonModelHolder$ConvertedModel: loaded 2 times (x 72B)
Class org.gradle.tooling.internal.consumer.converters.EclipseExternalDependencyUnresolvedMixin: loaded 2 times (x 73B)
Class org.gradle.tooling.model.BuildableElement                                       : loaded 2 times (x 70B)
Class org.gradle.tooling.model.HasGradleProject                                       : loaded 2 times (x 70B)
Class org.gradle.tooling.internal.consumer.versioning.VersionDetails$R44VersionDetails: loaded 2 times (x 80B)
Class org.jetbrains.kotlin.idea.projectModel.KotlinPlatform                           : loaded 2 times (x 79B)
Class com.google.common.collect.CollectSpliterators$1                                 : loaded 2 times (x 90B)
Class com.google.common.collect.ImmutableSet$Builder                                  : loaded 2 times (x 85B)
Class com.google.common.cache.LocalCache$EntryFactory$4                               : loaded 2 times (x 83B)
Class com.android.tools.idea.gradle.model.IdeBaseArtifactCore                         : loaded 2 times (x 70B)
Class com.android.tools.idea.gradle.model.IdeViewBindingOptions                       : loaded 2 times (x 70B)
Class com.android.tools.idea.gradle.project.sync.SyncProjectActionWorker$populateAndroidModels$2$variantDiscovery$1: loaded 2 times (x 78B)
Class com.android.tools.idea.gradle.model.impl.IdeUnresolvedLibraryTable              : loaded 2 times (x 70B)
Class com.intellij.gradle.toolingExtension.impl.model.dependencyModel.GradleDependencyTraverser: loaded 2 times (x 80B)
Class com.intellij.openapi.externalSystem.model.project.dependencies.DependencyNode   : loaded 2 times (x 70B)
Class com.intellij.gradle.toolingExtension.impl.model.sourceSetDependencyModel.DefaultGradleSourceSetDependencyModel: loaded 2 times (x 77B)
Class org.jetbrains.kotlin.idea.gradleTooling.AbstractKotlinGradleModelBuilder$Companion: loaded 2 times (x 71B)
Class com.android.tools.idea.gradle.model.IdeAndroidLibraryImplKt                     : loaded 2 times (x 71B)
Class com.android.tools.idea.gradle.model.IdeArtifactLibrary                          : loaded 2 times (x 70B)
Class ijJvmDebugger3_1zddk6si1dq5s20b4oumlqa01$_run_closure1                          : loaded 2 times (x 139B)
Class com.android.tools.idea.gradle.model.impl.IdeLintOptionsImpl                     : loaded 2 times (x 103B)
Class com.android.tools.idea.gradle.model.IdeSourceProviderContainer                  : loaded 2 times (x 70B)
Class com.google.common.collect.SortedLists$KeyPresentBehavior$2                      : loaded 2 times (x 80B)
Class org.gradle.api.internal.classpath.EffectiveClassPath                            : loaded 2 times (x 90B)
Class [Lcom.google.common.collect.ImmutableMapEntry;                                  : loaded 2 times (x 69B)
Class com.intellij.gradle.toolingExtension.impl.model.sourceSetDependencyModel.GradleSourceSetDependencyModelProvider: loaded 2 times (x 79B)
Class org.gradle.tooling.model.build.BuildEnvironment                                 : loaded 2 times (x 70B)
Class com.intellij.gradle.toolingExtension.impl.model.sourceSetModel.GradleSourceSetModelProvider: loaded 2 times (x 79B)
Class com.google.common.cache.LocalCache$EntryFactory$5                               : loaded 2 times (x 83B)
Class org.jetbrains.kotlin.gradle.idea.tcs.IdeaKotlinDependencyCoordinates            : loaded 2 times (x 70B)
Class com.intellij.gradle.toolingExtension.model.repositoryModel.RepositoryModel      : loaded 2 times (x 70B)
Class com.android.builder.model.v2.models.TestSuiteSource                             : loaded 2 times (x 70B)
Class com.android.tools.idea.gradle.model.IdeBuildTypeContainer                       : loaded 2 times (x 70B)
Class com.android.tools.idea.gradle.model.impl.IdeJavaArtifactCoreImpl                : loaded 2 times (x 91B)
Class org.jetbrains.plugins.gradle.tooling.serialization.internal.IdeaProjectSerializationService$TargetBytecodeVersionGetter: loaded 2 times (x 75B)
Class [Lcom.android.tools.idea.gradle.model.IdeTestOptions$Execution;                 : loaded 2 times (x 69B)
Class com.android.builder.model.v2.models.AssetsTestSuiteSource                       : loaded 2 times (x 70B)
Class org.jetbrains.kotlin.tooling.core.Interner                                      : loaded 2 times (x 70B)
Class com.google.common.collect.SortedLists$KeyPresentBehavior$3                      : loaded 2 times (x 80B)
Class org.gradle.internal.impldep.com.google.common.base.Present                      : loaded 2 times (x 81B)
Class org.gradle.tooling.internal.consumer.connection.HasCompatibilityMapping         : loaded 2 times (x 73B)
Class com.android.ide.gradle.model.builder.GradlePluginModelBuilder                   : loaded 2 times (x 75B)
Class org.gradle.internal.classloader.ClassLoaderVisitor                              : loaded 2 times (x 76B)
Class org.gradle.tooling.internal.consumer.connection.InternalBuildActionAdapter      : loaded 2 times (x 80B)
Class Build_gradle                                                                    : loaded 2 times (x 126B)
Class org.apache.commons.io.output.AppendableWriter                                   : loaded 2 times (x 100B)
Class com.google.common.cache.LocalCache$EntryFactory$6                               : loaded 2 times (x 83B)
Class org.gradle.internal.installation.CurrentGradleInstallationLocator               : loaded 2 times (x 71B)
Class com.android.ide.gradle.model.impl.GradlePluginModelImpl                         : loaded 2 times (x 78B)
Class [Lcom.google.common.collect.AbstractIterator$State;                             : loaded 2 times (x 69B)
Class com.google.common.base.CharMatcher$None                                         : loaded 2 times (x 112B)
Class org.gradle.tooling.model.kotlin.dsl.EditorPosition                              : loaded 2 times (x 70B)
Class com.android.tools.idea.gradle.project.sync.AllKotlinModels                      : loaded 2 times (x 72B)
Class com.android.tools.idea.gradle.model.IdePreResolvedModuleLibrary                 : loaded 2 times (x 70B)
Class com.google.common.collect.SortedLists                                           : loaded 2 times (x 71B)
Class [Lcom.google.common.collect.SortedLists$KeyPresentBehavior;                     : loaded 2 times (x 69B)
Class com.google.common.collect.SortedLists$KeyPresentBehavior$4                      : loaded 2 times (x 80B)
Class org.gradle.tooling.model.idea.IdeaJavaLanguageSettings                          : loaded 2 times (x 70B)
Class org.jetbrains.plugins.gradle.tooling.serialization.internal.adapter.kotlin.dsl.InternalKotlinDslScriptsModel: loaded 2 times (x 76B)
Class org.gradle.tooling.internal.adapter.ProtocolToModelAdapter$ChainedMethodInvoker : loaded 2 times (x 76B)
Class org.jetbrains.plugins.gradle.tooling.builder.ExternalTestsModelBuilderImpl      : loaded 2 times (x 78B)
Class org.jetbrains.plugins.gradle.tooling.DefaultMessageBuilder                      : loaded 2 times (x 84B)
Class org.gradle.internal.classloader.DefaultClassLoaderFactory                       : loaded 2 times (x 82B)
Class com.google.common.collect.ImmutableMultimap$Builder                             : loaded 2 times (x 86B)
Class org.apache.commons.io.output.ThresholdingOutputStream                           : loaded 2 times (x 95B)
Class com.google.common.collect.Maps$KeySet                                           : loaded 2 times (x 137B)
Class com.google.common.collect.ImmutableSet$EmptySetBuilderImpl                      : loaded 2 times (x 76B)
Class com.google.common.cache.LocalCache$EntryFactory$7                               : loaded 2 times (x 83B)
Class org.gradle.internal.service.DefaultServiceLocator                               : loaded 2 times (x 83B)
Class com.android.ide.gradle.model.dependencies.DeclaredDependenciesModelBuilder      : loaded 2 times (x 75B)
Class org.jetbrains.kotlin.idea.gradleTooling.KotlinGradlePluginVersion$Companion     : loaded 2 times (x 71B)
Class com.google.common.base.Suppliers                                                : loaded 2 times (x 71B)
Class [Lcom.google.common.cache.CacheBuilder$OneWeigher;                              : loaded 2 times (x 69B)
Class org.objectweb.asm.MethodTooLargeException                                       : loaded 2 times (x 83B)
Class com.google.common.base.Platform$JdkPatternCompiler                              : loaded 2 times (x 75B)
Class com.google.common.collect.MapMakerInternalMap$Strength                          : loaded 2 times (x 80B)
Class com.google.common.collect.MapMakerInternalMap$StrongKeyDummyValueEntry$LinkedStrongKeyDummyValueEntry: loaded 2 times (x 82B)
Class com.intellij.gradle.toolingExtension.impl.modelAction.GradleDaemonModelHolder   : loaded 2 times (x 76B)
Class org.gradle.tooling.model.kotlin.dsl.EditorReport                                : loaded 2 times (x 70B)
Class org.jetbrains.plugins.gradle.tooling.builder.ScalaModelBuilderImpl              : loaded 2 times (x 81B)
Class org.jetbrains.plugins.gradle.tooling.ModelBuilderContext                        : loaded 2 times (x 70B)
Class com.android.tools.idea.gradle.project.sync.VariantNameResolutionKt              : loaded 2 times (x 71B)
Class com.android.tools.idea.gradle.model.IdeBaseConfig                               : loaded 2 times (x 70B)
Class com.google.common.collect.SortedLists$KeyPresentBehavior$5                      : loaded 2 times (x 80B)
Class com.android.tools.idea.gradle.project.sync.GradleModelCollection                : loaded 2 times (x 70B)
Class org.jetbrains.kotlin.idea.gradleTooling.KotlinMPPGradleModelBinaryBuilder       : loaded 2 times (x 86B)
Class [Lcom.intellij.openapi.externalSystem.model.project.ExternalSystemSourceType;   : loaded 2 times (x 69B)
Class org.jetbrains.plugins.gradle.model.FilePatternSet                               : loaded 2 times (x 70B)
Class org.jetbrains.plugins.gradle.model.GradleLightProject                           : loaded 2 times (x 70B)
Class com.android.tools.idea.gradle.project.sync.AdditionalClassifierArtifactsActionOptions: loaded 2 times (x 72B)
Class org.jetbrains.kotlin.idea.gradleTooling.model.noarg.NoArgModel                  : loaded 2 times (x 70B)
Class com.google.common.cache.LocalCache$SoftValueReference                           : loaded 2 times (x 97B)
Class com.google.common.collect.Maps$EntrySet                                         : loaded 2 times (x 136B)
Class com.google.common.collect.ImmutableMultimap$EntryCollection                     : loaded 2 times (x 128B)
Class com.google.common.cache.LocalCache$EntryFactory$8                               : loaded 2 times (x 83B)
Class org.gradle.internal.installation.CurrentGradleInstallation                      : loaded 2 times (x 73B)
Class org.jetbrains.kotlin.idea.gradleTooling.KotlinTasksPropertyUtilsKt              : loaded 2 times (x 71B)
Class org.objectweb.asm.ClassVisitor                                                  : loaded 2 times (x 88B)
Class [Lorg.objectweb.asm.Symbol;                                                     : loaded 2 times (x 69B)
Class com.google.common.reflect.TypeCapture                                           : loaded 2 times (x 71B)
Class com.google.common.cache.LocalCache$Values                                       : loaded 2 times (x 118B)
Class org.gradle.tooling.internal.consumer.converters.IdeaModuleDependencyTargetNameMixin: loaded 2 times (x 73B)
Class com.android.tools.idea.gradle.project.sync.AgpVersionsMismatch                  : loaded 2 times (x 82B)
Class org.jetbrains.plugins.gradle.model.scala.ScalaModel                             : loaded 2 times (x 70B)
Class com.intellij.openapi.externalSystem.model.project.dependencies.ProjectDependencyNodeImpl: loaded 2 times (x 93B)
Class com.android.tools.idea.gradle.model.IdeUnknownLibrary                           : loaded 2 times (x 70B)
Class [Lcom.android.tools.idea.gradle.project.sync.ModelFeature;                      : loaded 2 times (x 69B)
Class com.android.tools.idea.gradle.project.sync.LibraryIdentity$LibraryIdentityProvider$special$$inlined$compareBy$1: loaded 2 times (x 90B)
Class com.android.tools.idea.gradle.project.sync.ModelCache$V2                        : loaded 2 times (x 70B)
Class kotlin.jvm.internal.FunctionAdapter                                             : loaded 2 times (x 70B)
Class com.android.ide.common.gradle.Module$Companion                                  : loaded 2 times (x 71B)
Class com.android.tools.idea.gradle.project.sync.GradleInjectedSyncActionRunner       : loaded 2 times (x 70B)
Class org.jetbrains.plugins.gradle.model.ear.EarConfiguration                         : loaded 2 times (x 70B)
Class org.jetbrains.kotlin.idea.gradleTooling.reflect.KotlinCompilerArgumentsResolverReflectionKt: loaded 2 times (x 71B)
Class com.google.common.collect.ImmutableMap$MapViewOfValuesAsSingletonSets           : loaded 2 times (x 126B)
Class org.gradle.tooling.model.gradle.ProjectPublications                             : loaded 2 times (x 70B)
Class org.jetbrains.kotlin.idea.projectModel.KotlinTargetJar                          : loaded 2 times (x 70B)
Class com.google.common.cache.CacheLoader$1                                           : loaded 2 times (x 75B)
Class org.gradle.util.internal.GUtil                                                  : loaded 2 times (x 71B)
Class org.jetbrains.plugins.gradle.model.DefaultGradleExtensions                      : loaded 2 times (x 88B)
Class com.google.common.collect.RegularImmutableMap                                   : loaded 2 times (x 121B)
Class org.gradle.tooling.internal.consumer.connection.ToolingParameterProxy           : loaded 2 times (x 76B)
Class com.android.tools.idea.gradle.project.sync.VariantDef                           : loaded 2 times (x 72B)
Class com.android.tools.idea.gradle.project.sync.ClasspathIdentifier                  : loaded 2 times (x 72B)
Class com.intellij.gradle.toolingExtension.impl.model.dependencyDownloadPolicyModel.DefaultGradleDependencyDownloadPolicy: loaded 2 times (x 77B)
Class com.android.tools.idea.gradle.project.sync.VariantDiscovery$toTraverseAction$1$1$moduleDependencies$1: loaded 2 times (x 129B)
Class com.intellij.openapi.externalSystem.model.project.dependencies.ProjectDependencyNode: loaded 2 times (x 70B)
Class com.intellij.gradle.toolingExtension.impl.model.dependencyModel.GradleDependencyResolver: loaded 2 times (x 72B)
Class com.intellij.gradle.toolingExtension.impl.modelBuilder.DefaultMessageReportBuilder: loaded 2 times (x 94B)
Class org.gradle.api.internal.classpath.ManifestUtil                                  : loaded 2 times (x 71B)
Class com.android.tools.idea.gradle.project.sync.AndroidSdkBootClasspathUtilKt        : loaded 2 times (x 71B)
Class com.android.tools.idea.gradle.model.impl.IdeVariantCoreImpl                     : loaded 2 times (x 108B)
Class com.android.tools.idea.gradle.model.impl.IdeExtraSourceProviderImpl             : loaded 2 times (x 76B)
Class com.google.common.util.concurrent.ExecutionError                                : loaded 2 times (x 82B)
Class com.android.tools.idea.gradle.project.sync.AgpVersionTooOld                     : loaded 2 times (x 82B)
Class com.google.common.collect.ImmutableEnumSet                                      : loaded 2 times (x 146B)
Class com.google.common.io.ByteSource                                                 : loaded 2 times (x 84B)
Class com.google.common.cache.AbstractCache$StatsCounter                              : loaded 2 times (x 70B)
Class org.jetbrains.kotlin.idea.gradleTooling.reflect.KotlinSourceSetReflectionImpl   : loaded 2 times (x 83B)
Class com.google.common.collect.AbstractMapBasedMultimap$WrappedCollection            : loaded 2 times (x 124B)
Class [Lcom.google.common.cache.RemovalCause;                                         : loaded 2 times (x 69B)
Class com.intellij.gradle.toolingExtension.modelAction.GradleModelFetchPhase$ProjectLoaded: loaded 2 times (x 70B)
Class com.intellij.gradle.toolingExtension.impl.model.sourceSetModel.DefaultGradleSourceSetModel: loaded 2 times (x 81B)
Class com.intellij.gradle.toolingExtension.modelProvider.GradleClassProjectModelProvider: loaded 2 times (x 80B)
Class com.android.tools.idea.gradle.model.impl.FileImpl                               : loaded 2 times (x 121B)
Class com.android.tools.idea.gradle.model.IdeVectorDrawablesOptions                   : loaded 2 times (x 70B)
Class com.android.tools.idea.gradle.model.IdeSourceProvider                           : loaded 2 times (x 72B)
Class com.android.builder.model.v2.ide.TestSuiteTarget                                : loaded 2 times (x 70B)
Class com.android.tools.idea.gradle.model.IdeTestOptions                              : loaded 2 times (x 70B)
Class com.intellij.openapi.diagnostic.DefaultLogger                                   : loaded 2 times (x 101B)
Class com.intellij.openapi.diagnostic.Attachment                                      : loaded 2 times (x 72B)
Class org.gradle.tooling.internal.consumer.converters.IncludedBuildsMixin             : loaded 2 times (x 74B)
Class com.android.tools.idea.gradle.project.sync.GradleProject$ModelConsumer          : loaded 2 times (x 72B)
Class com.intellij.gradle.toolingExtension.impl.model.utilDummyModel.DefaultDummyModel: loaded 2 times (x 73B)
Class org.gradle.internal.classloader.ClassLoaderHierarchy                            : loaded 2 times (x 70B)
Class [Lcom.google.common.base.AbstractIterator$State;                                : loaded 2 times (x 69B)
Class com.google.common.collect.MapMakerInternalMap$1                                 : loaded 2 times (x 83B)
Class com.google.common.io.LineBuffer                                                 : loaded 2 times (x 75B)
Class com.google.common.reflect.Types$TypeVariableImpl                                : loaded 2 times (x 72B)
Class org.gradle.internal.installation.GradleInstallation                             : loaded 2 times (x 75B)
Class com.google.common.io.FileWriteMode                                              : loaded 2 times (x 79B)
Class [Lcom.google.common.collect.MapMakerInternalMap$Segment;                        : loaded 2 times (x 69B)
Class com.google.common.cache.LocalCache$ValueIterator                                : loaded 2 times (x 86B)
Class com.intellij.util.ExceptionUtilRt$RethrownStack                                 : loaded 2 times (x 82B)
Class org.jetbrains.plugins.gradle.model.DefaultFileCollectionDependency              : loaded 2 times (x 110B)
Class org.gradle.tooling.model.gradle.BasicGradleProject                              : loaded 2 times (x 70B)
Class com.intellij.gradle.toolingExtension.impl.util.javaPluginUtil.ExtensionJavaPluginAccessor: loaded 2 times (x 82B)
Class com.android.tools.idea.gradle.project.sync.HasLintJar                           : loaded 2 times (x 70B)
Class org.jetbrains.plugins.gradle.tooling.serialization.internal.IdeaProjectSerializationService$11: loaded 2 times (x 76B)
Class com.android.tools.idea.gradle.project.sync.StandaloneDeliverableModel$Companion : loaded 2 times (x 71B)
Class com.android.tools.idea.gradle.project.sync.AgpCompatibilityKt                   : loaded 2 times (x 71B)
Class com.intellij.gradle.toolingExtension.impl.util.collectionUtil.GradleCollectionVisitor: loaded 2 times (x 70B)
Class com.intellij.gradle.toolingExtension.impl.model.dependencyGraphModel.GradleDependencyGraphModelBuilder: loaded 2 times (x 82B)
Class org.gradle.tooling.internal.adapter.ProtocolToModelAdapter$2                    : loaded 2 times (x 78B)
Class com.intellij.gradle.toolingExtension.impl.model.utilTurnOffDefaultTasksModel.DefaultTurnOffDefaultTasks: loaded 2 times (x 71B)
Class com.google.common.base.Splitter$Strategy                                        : loaded 2 times (x 70B)
Class com.google.common.collect.Iterables                                             : loaded 2 times (x 71B)
Class jdk.internal.jimage.BasicImageReader                                            : loaded 2 times (x 95B)
Class org.jetbrains.plugins.gradle.model.DefaultGradleExtension                       : loaded 2 times (x 80B)
Class org.jetbrains.kotlin.idea.gradleTooling.reflect.KotlinCompilerArgumentsResolverReflectionImpl: loaded 2 times (x 75B)
Class org.gradle.internal.classloader.FilteringClassLoader                            : loaded 2 times (x 105B)
Class com.google.common.collect.RegularImmutableMap$KeySet                            : loaded 2 times (x 152B)
Class org.jetbrains.plugins.gradle.tooling.util.GradleContainerUtil                   : loaded 2 times (x 71B)
Class com.google.common.base.Equivalence$Identity                                     : loaded 2 times (x 82B)
Class com.google.common.base.PairwiseEquivalence                                      : loaded 2 times (x 83B)
Class com.google.common.io.LineReader                                                 : loaded 2 times (x 72B)
Class org.jetbrains.plugins.gradle.model.ProjectImportModelProvider$GradleModelConsumer: loaded 2 times (x 70B)
Class com.android.tools.idea.gradle.project.sync.ModelFeature                         : loaded 2 times (x 79B)
Class com.android.tools.idea.gradle.model.impl.IdeBuildTypeImpl                       : loaded 2 times (x 93B)
Class com.android.tools.idea.gradle.model.impl.IdeAndroidArtifactCoreImpl             : loaded 2 times (x 103B)
Class com.android.tools.idea.gradle.project.sync.ArtifactDependenciesCompat           : loaded 2 times (x 72B)
Class org.jetbrains.kotlin.idea.gradleTooling.AbstractKotlinGradleModelBuilder        : loaded 2 times (x 81B)
Class org.jetbrains.plugins.gradle.tooling.serialization.internal.IdeaProjectSerializationService$10: loaded 2 times (x 76B)
Class org.jetbrains.plugins.gradle.tooling.Message                                    : loaded 2 times (x 72B)
Class com.google.gson.internal.bind.JsonElementTypeAdapter                            : loaded 2 times (x 75B)
Class com.android.ide.gradle.model.builder.AndroidStudioToolingPluginKt               : loaded 2 times (x 71B)
Class org.gradle.tooling.UnknownModelException                                        : loaded 2 times (x 83B)
Class org.gradle.tooling.model.internal.Exceptions                                    : loaded 2 times (x 71B)
Class org.gradle.tooling.UnsupportedVersionException                                  : loaded 2 times (x 83B)
Class com.intellij.gradle.toolingExtension.impl.model.buildScriptClasspathModel.GradleBuildScriptClasspathModelProvider: loaded 2 times (x 79B)
Class com.intellij.gradle.toolingExtension.impl.modelAction.GradleModelFetchAction    : loaded 2 times (x 86B)
Class org.gradle.tooling.BuildAction                                                  : loaded 2 times (x 70B)

---------------  S Y S T E M  ---------------

OS:
 Windows 11 , 64 bit Build 26100 (10.0.26100.8521)
OS uptime: 0 days 3:43 hours
Hyper-V role detected

CPU: total 12 (initial active 12) (12 cores per cpu, 2 threads per core) family 25 model 68 stepping 1 microcode 0xa40410a, cx8, cmov, fxsr, ht, mmx, 3dnowpref, sse, sse2, sse3, ssse3, sse4a, sse4.1, sse4.2, popcnt, lzcnt, tsc, tscinvbit, avx, avx2, aes, erms, clmul, bmi1, bmi2, adx, sha, fma, vzeroupper, clflush, clflushopt, hv, rdtscp, rdpid, fsrm, f16c, cet_ss
Processor Information for processor 0
  Max Mhz: 3301, Current Mhz: 3301, Mhz Limit: 3301
Processor Information for processor 1
  Max Mhz: 3301, Current Mhz: 3301, Mhz Limit: 3301
Processor Information for processor 2
  Max Mhz: 3301, Current Mhz: 3301, Mhz Limit: 3301
Processor Information for processor 3
  Max Mhz: 3301, Current Mhz: 2503, Mhz Limit: 3301
Processor Information for processor 4
  Max Mhz: 3301, Current Mhz: 3301, Mhz Limit: 3301
Processor Information for processor 5
  Max Mhz: 3301, Current Mhz: 2503, Mhz Limit: 3301
Processor Information for processor 6
  Max Mhz: 3301, Current Mhz: 2503, Mhz Limit: 3301
Processor Information for processor 7
  Max Mhz: 3301, Current Mhz: 2503, Mhz Limit: 3301
Processor Information for processor 8
  Max Mhz: 3301, Current Mhz: 2503, Mhz Limit: 3301
Processor Information for processor 9
  Max Mhz: 3301, Current Mhz: 2503, Mhz Limit: 3301
Processor Information for processor 10
  Max Mhz: 3301, Current Mhz: 3301, Mhz Limit: 3301
Processor Information for processor 11
  Max Mhz: 3301, Current Mhz: 2503, Mhz Limit: 3301

Memory: 4k page, system-wide physical 7365M (406M free)
TotalPageFile size 19653M (AvailPageFile size 3M)
current process WorkingSet (physical memory assigned to process): 606M, peak: 895M
current process commit charge ("private bytes"): 1733M, peak: 2090M

vm_info: OpenJDK 64-Bit Server VM (21.0.10+-14961533-b1163.108) for windows-amd64 JRE (21.0.10+-14961533-b1163.108), built on 2026-03-02T19:58:50Z by "builder" with MS VC++ 16.10 / 16.11 (VS2019)

END.
